[
  {
    "id": "ef1bae46-0f4a-4a0b-8ec9-26c8b856078b",
    "data": [
      {
        "text": "keep the door opened",
        "userDefined": false
      }
    ],
    "isTemplate": false,
    "count": 0,
    "lang": "en",
    "updated": 0
  },
  {
    "id": "6b3e27a4-5359-4bb0-90c9-4482e8d139d9",
    "data": [
      {
        "text": "not in Berlin",
        "userDefined": false
      }
    ],
    "isTemplate": false,
    "count": 0,
    "lang": "en",
    "updated": 0
  },
  {
    "id": "aabdc4e7-4aa7-4602-804f-4a5043a780b5",
    "data": [
      {
        "text": "I would like to have a vacation",
        "userDefined": false
      }
    ],
    "isTemplate": false,
    "count": 0,
    "lang": "en",
    "updated": 0
  },
  {
    "id": "2aa29cef-0778-4705-b239-afadfee11883",
    "data": [
      {
        "text": "I don\u0027t want to get drunk",
        "userDefined": false
      }
    ],
    "isTemplate": false,
    "count": 0,
    "lang": "en",
    "updated": 0
  },
  {
    "id": "206d7f58-1bf8-4111-ad57-22926ea53f60",
    "data": [
      {
        "text": "can you find cinema in the area",
        "userDefined": false
      }
    ],
    "isTemplate": false,
    "count": 0,
    "lang": "en",
    "updated": 0
  },
  {
    "id": "be67676c-b1a1-4baf-a732-8b9ded8bbb20",
    "data": [
      {
        "text": "I don\u0027t want to drink coffee",
        "userDefined": false
      }
    ],
    "isTemplate": false,
    "count": 0,
    "lang": "en",
    "updated": 0
  },
  {
    "id": "ad139c0c-bde7-4728-848c-d098731c03b9",
    "data": [
      {
        "text": "where can I find Mexican hats",
        "userDefined": false
      }
    ],
    "isTemplate": false,
    "count": 0,
    "lang": "en",
    "updated": 0
  }
]