[
  {
    "id": "1aa908b4-1781-455e-92b6-a331ee947919",
    "data": [
      {
        "text": "find ",
        "userDefined": false
      },
      {
        "text": "cheap",
        "meta": "@map-sort",
        "alias": "sort",
        "userDefined": true
      },
      {
        "text": " ",
        "userDefined": false
      },
      {
        "text": "pubs",
        "meta": "@venue-nightlife-type",
        "alias": "venue-type",
        "userDefined": true
      },
      {
        "text": " in ",
        "userDefined": false
      },
      {
        "text": "London",
        "meta": "@sys.location",
        "alias": "location",
        "userDefined": true
      }
    ],
    "isTemplate": false,
    "count": 0,
    "lang": "en",
    "updated": 0
  },
  {
    "id": "11281aa9-2871-4cd1-a2ce-3748d1eda4ee",
    "data": [
      {
        "text": "find ",
        "userDefined": false
      },
      {
        "text": "Ministry of Sound",
        "meta": "@venue-nightlife-chain",
        "alias": "venue-chain",
        "userDefined": true
      },
      {
        "text": " ",
        "userDefined": false
      },
      {
        "text": "bar",
        "meta": "@venue-nightlife-type",
        "alias": "venue-type",
        "userDefined": true
      }
    ],
    "isTemplate": false,
    "count": 0,
    "lang": "en",
    "updated": 0
  },
  {
    "id": "990ab8ba-f1bb-440a-94c9-e08c48be2ba9",
    "data": [
      {
        "text": "I wanna ",
        "userDefined": false
      },
      {
        "text": "drink",
        "meta": "@venue-nightlife-type",
        "alias": "venue-type",
        "userDefined": true
      },
      {
        "text": " a little ",
        "userDefined": false
      },
      {
        "text": "whiskey",
        "meta": "@beverage-hard-drinks",
        "alias": "beverage",
        "userDefined": true
      }
    ],
    "isTemplate": false,
    "count": 0,
    "lang": "en",
    "updated": 0
  },
  {
    "id": "d265c6ce-4d30-43cc-a413-52fb0c53fb13",
    "data": [
      {
        "text": "are there any ",
        "userDefined": false
      },
      {
        "text": "good",
        "meta": "@map-sort",
        "alias": "sort",
        "userDefined": true
      },
      {
        "text": " ",
        "userDefined": false
      },
      {
        "text": "pubs",
        "meta": "@venue-nightlife-type",
        "alias": "venue-type",
        "userDefined": true
      },
      {
        "text": " ",
        "userDefined": false
      },
      {
        "text": "close by",
        "meta": "@map-sort",
        "alias": "sort",
        "userDefined": true
      }
    ],
    "isTemplate": false,
    "count": 0,
    "lang": "en",
    "updated": 0
  },
  {
    "id": "39f68189-493d-4ce2-a92a-2be7d5be0abf",
    "data": [
      {
        "text": "find ",
        "userDefined": false
      },
      {
        "text": "LIV",
        "meta": "@venue-nightlife-title",
        "alias": "venue-title",
        "userDefined": true
      },
      {
        "text": " ",
        "userDefined": false
      },
      {
        "text": "bar",
        "meta": "@venue-nightlife-type",
        "alias": "venue-type",
        "userDefined": true
      }
    ],
    "isTemplate": false,
    "count": 0,
    "lang": "en",
    "updated": 0
  },
  {
    "id": "47ac1917-1fc8-41d6-b9bf-424e7fbfa140",
    "data": [
      {
        "text": "I would like to have ",
        "userDefined": false
      },
      {
        "text": "vodka",
        "meta": "@beverage-hard-drinks",
        "alias": "beverage",
        "userDefined": true
      }
    ],
    "isTemplate": false,
    "count": 0,
    "lang": "en",
    "updated": 0
  },
  {
    "id": "08f8c4fa-077e-4d08-beb1-9df74b3f7674",
    "data": [
      {
        "text": "I want to have a ",
        "userDefined": false
      },
      {
        "text": "drink",
        "meta": "@venue-nightlife-type",
        "alias": "venue-type",
        "userDefined": true
      }
    ],
    "isTemplate": false,
    "count": 0,
    "lang": "en",
    "updated": 0
  },
  {
    "id": "2c4d1151-52b2-49a0-b9b8-3627449fde3a",
    "data": [
      {
        "text": "is there any ",
        "userDefined": false
      },
      {
        "text": "bar",
        "meta": "@venue-nightlife-type",
        "alias": "venue-type",
        "userDefined": true
      },
      {
        "text": " ",
        "userDefined": false
      },
      {
        "text": "in the area",
        "meta": "@map-sort",
        "alias": "sort",
        "userDefined": true
      }
    ],
    "isTemplate": false,
    "count": 0,
    "lang": "en",
    "updated": 0
  },
  {
    "id": "fb6c11b3-5dbb-46d0-bdc0-859005683d05",
    "data": [
      {
        "text": "is there any ",
        "userDefined": false
      },
      {
        "text": "bar",
        "meta": "@venue-nightlife-type",
        "alias": "venue-type",
        "userDefined": true
      },
      {
        "text": " ",
        "userDefined": false
      },
      {
        "text": "nearby",
        "meta": "@map-sort",
        "alias": "sort",
        "userDefined": true
      }
    ],
    "isTemplate": false,
    "count": 0,
    "lang": "en",
    "updated": 0
  },
  {
    "id": "472ff3ba-f699-443c-95f2-64e25259b8da",
    "data": [
      {
        "text": "I want to ",
        "userDefined": false
      },
      {
        "text": "get",
        "meta": "@sys.ignore",
        "userDefined": true
      },
      {
        "text": " drunk",
        "userDefined": false
      }
    ],
    "isTemplate": false,
    "count": 1,
    "lang": "en",
    "updated": 0
  },
  {
    "id": "165c605e-d629-4158-9ed2-f3e1b81405b3",
    "data": [
      {
        "text": "I want to party hard",
        "userDefined": false
      }
    ],
    "isTemplate": false,
    "count": 0,
    "lang": "en",
    "updated": 0
  },
  {
    "id": "92a98ef3-4e53-43e6-a89a-39536a6414a4",
    "data": [
      {
        "text": "nightclub",
        "meta": "@venue-nightlife-type",
        "alias": "venue-type",
        "userDefined": true
      },
      {
        "text": " ",
        "userDefined": false
      },
      {
        "text": "nearby",
        "meta": "@map-sort",
        "alias": "sort",
        "userDefined": false
      }
    ],
    "isTemplate": false,
    "count": 0,
    "lang": "en",
    "updated": 0
  },
  {
    "id": "6f3dd37e-9ae7-4c0c-8294-bb1fb9959dc8",
    "data": [
      {
        "text": "near",
        "meta": "@map-sort",
        "alias": "sort",
        "userDefined": false
      },
      {
        "text": " ",
        "userDefined": false
      },
      {
        "text": "bar",
        "meta": "@venue-nightlife-type",
        "alias": "venue-type",
        "userDefined": false
      }
    ],
    "isTemplate": false,
    "count": 0,
    "lang": "en",
    "updated": 0
  },
  {
    "id": "50f1d704-d946-41fd-b13b-d3b9713ff406",
    "data": [
      {
        "text": "where can I get ",
        "userDefined": false
      },
      {
        "text": "ale",
        "meta": "@beverage-hard-drinks",
        "alias": "beverage",
        "userDefined": true
      },
      {
        "text": " ",
        "userDefined": false
      },
      {
        "text": "here",
        "meta": "@map-sort",
        "alias": "sort",
        "userDefined": true
      }
    ],
    "isTemplate": false,
    "count": 0,
    "lang": "en",
    "updated": 0
  },
  {
    "id": "79974b52-ff42-48d3-907f-c981fedb085f",
    "data": [
      {
        "text": "find ",
        "userDefined": false
      },
      {
        "text": "Employees Only",
        "meta": "@venue-nightlife-title",
        "alias": "venue-title",
        "userDefined": true
      },
      {
        "text": " ",
        "userDefined": false
      },
      {
        "text": "bar",
        "meta": "@venue-nightlife-type",
        "alias": "venue-type",
        "userDefined": false
      },
      {
        "text": " in ",
        "userDefined": false
      },
      {
        "text": "NYC",
        "meta": "@sys.location",
        "alias": "location",
        "userDefined": false
      }
    ],
    "isTemplate": false,
    "count": 0,
    "lang": "en",
    "updated": 0
  },
  {
    "id": "7cc4b0a1-38a8-4c0c-8ecc-3255a98430f3",
    "data": [
      {
        "text": "search for ",
        "userDefined": false
      },
      {
        "text": "open",
        "meta": "@open",
        "alias": "open",
        "userDefined": true
      },
      {
        "text": " ",
        "userDefined": false
      },
      {
        "text": "bars",
        "meta": "@venue-nightlife-type",
        "alias": "venue-type",
        "userDefined": true
      }
    ],
    "isTemplate": false,
    "count": 0,
    "lang": "en",
    "updated": 0
  },
  {
    "id": "a1f50c4a-829c-495f-b826-51247958c20f",
    "data": [
      {
        "text": "show me ",
        "userDefined": false
      },
      {
        "text": "Tricolore Bar",
        "meta": "@venue-nightlife-title",
        "alias": "venue-title",
        "userDefined": true
      }
    ],
    "isTemplate": false,
    "count": 0,
    "lang": "en",
    "updated": 0
  },
  {
    "id": "c10f5d37-1b56-435c-9615-1816a430ac89",
    "data": [
      {
        "text": "Playboy Club",
        "meta": "@venue-nightlife-chain",
        "alias": "venue-chain",
        "userDefined": true
      }
    ],
    "isTemplate": false,
    "count": 0,
    "lang": "en",
    "updated": 0
  },
  {
    "id": "8d9ed3b1-e442-43f8-b328-e2d51e16dc84",
    "data": [
      {
        "text": "list area ",
        "userDefined": false
      },
      {
        "text": "nightclubs",
        "meta": "@venue-nightlife-type",
        "alias": "venue-type",
        "userDefined": false
      }
    ],
    "isTemplate": false,
    "count": 0,
    "lang": "en",
    "updated": 0
  },
  {
    "id": "3630fc5f-1400-43ae-8631-f00796e59f3a",
    "data": [
      {
        "text": "local",
        "meta": "@map-sort",
        "alias": "sort",
        "userDefined": false
      },
      {
        "text": " ",
        "userDefined": false
      },
      {
        "text": "nightclubs",
        "meta": "@venue-nightlife-type",
        "alias": "venue-type",
        "userDefined": true
      }
    ],
    "isTemplate": false,
    "count": 0,
    "lang": "en",
    "updated": 0
  },
  {
    "id": "616d4dfc-9560-4fc5-accc-1a899f0ec22d",
    "data": [
      {
        "text": "show ",
        "userDefined": false
      },
      {
        "text": "expensive",
        "meta": "@map-sort",
        "alias": "sort",
        "userDefined": true
      },
      {
        "text": " ",
        "userDefined": false
      },
      {
        "text": "wine bars",
        "meta": "@venue-nightlife-type",
        "alias": "venue-type",
        "userDefined": true
      },
      {
        "text": " in ",
        "userDefined": false
      },
      {
        "text": "Venice",
        "meta": "@sys.location",
        "alias": "location",
        "userDefined": true
      }
    ],
    "isTemplate": false,
    "count": 0,
    "lang": "en",
    "updated": 0
  },
  {
    "id": "d41db10b-0602-4c1e-8958-bc392e8dca2e",
    "data": [
      {
        "text": "cheap",
        "meta": "@map-sort",
        "alias": "sort",
        "userDefined": true
      },
      {
        "text": " ",
        "userDefined": false
      },
      {
        "text": "pub",
        "meta": "@venue-nightlife-type",
        "alias": "venue-type",
        "userDefined": true
      },
      {
        "text": " in ",
        "userDefined": false
      },
      {
        "text": "London",
        "meta": "@sys.location",
        "alias": "location",
        "userDefined": true
      }
    ],
    "isTemplate": false,
    "count": 0,
    "lang": "en",
    "updated": 0
  },
  {
    "id": "9d589be9-2bcd-4a71-99a8-6f5cb6869a22",
    "data": [
      {
        "text": " I need ",
        "userDefined": false
      },
      {
        "text": "bar",
        "meta": "@venue-nightlife-type",
        "alias": "venue-type",
        "userDefined": true
      },
      {
        "text": " with ",
        "userDefined": false
      },
      {
        "text": "5",
        "meta": "@sys.number",
        "alias": "stars",
        "userDefined": true
      },
      {
        "text": " stars",
        "userDefined": false
      }
    ],
    "isTemplate": false,
    "count": 0,
    "lang": "en",
    "updated": 0
  },
  {
    "id": "20fbe305-8904-4b8d-ac76-d8a79a119982",
    "data": [
      {
        "text": "I would like some ",
        "userDefined": false
      },
      {
        "text": "beer",
        "meta": "@beverage-hard-drinks",
        "alias": "beverage",
        "userDefined": false
      }
    ],
    "isTemplate": false,
    "count": 0,
    "lang": "en",
    "updated": 0
  },
  {
    "id": "1c71513d-2d3d-4388-b0ab-a7327251347b",
    "data": [
      {
        "text": "bars",
        "meta": "@venue-nightlife-type",
        "alias": "venue-type",
        "userDefined": true
      },
      {
        "text": " that are ",
        "userDefined": false
      },
      {
        "text": "opened now",
        "meta": "@open",
        "alias": "open",
        "userDefined": true
      }
    ],
    "isTemplate": false,
    "count": 0,
    "lang": "en",
    "updated": 0
  },
  {
    "id": "7640bf88-606e-4f33-b38d-e9e73054998d",
    "data": [
      {
        "text": "what is the ",
        "userDefined": false
      },
      {
        "text": "best",
        "meta": "@map-sort",
        "alias": "sort",
        "userDefined": true
      },
      {
        "text": " ",
        "userDefined": false
      },
      {
        "text": "bar",
        "meta": "@venue-nightlife-type",
        "alias": "venue-type",
        "userDefined": true
      },
      {
        "text": " in ",
        "userDefined": false
      },
      {
        "text": "Italy",
        "meta": "@sys.location",
        "alias": "location",
        "userDefined": true
      }
    ],
    "isTemplate": false,
    "count": 0,
    "lang": "en",
    "updated": 0
  },
  {
    "id": "0caefad9-7b61-4087-8bcf-8cf41dc790b6",
    "data": [
      {
        "text": "find ",
        "userDefined": false
      },
      {
        "text": "good",
        "meta": "@map-sort",
        "alias": "sort",
        "userDefined": true
      },
      {
        "text": " ",
        "userDefined": false
      },
      {
        "text": "whiskey",
        "meta": "@beverage-hard-drinks",
        "alias": "beverage",
        "userDefined": true
      }
    ],
    "isTemplate": false,
    "count": 0,
    "lang": "en",
    "updated": 0
  },
  {
    "id": "a01ab105-fff9-4cae-bca3-b71cf85abead",
    "data": [
      {
        "text": "is there any ",
        "userDefined": false
      },
      {
        "text": "bar",
        "meta": "@venue-nightlife-type",
        "alias": "venue-type",
        "userDefined": true
      },
      {
        "text": " in ",
        "userDefined": false
      },
      {
        "text": "Bercy",
        "meta": "@sys.location",
        "alias": "location",
        "userDefined": true
      }
    ],
    "isTemplate": false,
    "count": 0,
    "lang": "en",
    "updated": 0
  },
  {
    "id": "be4c2700-80fc-46f8-878a-685021d5e135",
    "data": [
      {
        "text": "it\u0027s whiskey time",
        "userDefined": false
      }
    ],
    "isTemplate": false,
    "count": 0,
    "lang": "en",
    "updated": 0
  },
  {
    "id": "97e326c6-0911-47ba-a09f-8ec4438f8659",
    "data": [
      {
        "text": "find a ",
        "userDefined": false
      },
      {
        "text": "local",
        "meta": "@map-sort",
        "alias": "sort",
        "userDefined": true
      },
      {
        "text": " ",
        "userDefined": false
      },
      {
        "text": "nightclub",
        "meta": "@venue-nightlife-type",
        "alias": "venue-type",
        "userDefined": true
      }
    ],
    "isTemplate": false,
    "count": 0,
    "lang": "en",
    "updated": 0
  },
  {
    "id": "151db311-dfb9-47f2-9f1a-59600fd589bd",
    "data": [
      {
        "text": "find ",
        "userDefined": false
      },
      {
        "text": "Bar",
        "meta": "@venue-nightlife-type",
        "alias": "venue-type",
        "userDefined": true
      }
    ],
    "isTemplate": false,
    "count": 0,
    "lang": "en",
    "updated": 0
  },
  {
    "id": "95b01f64-4e17-4e19-b58f-aaa27b30dc47",
    "data": [
      {
        "text": "bars",
        "meta": "@venue-nightlife-type",
        "alias": "venue-type",
        "userDefined": true
      },
      {
        "text": " ",
        "userDefined": false
      },
      {
        "text": "nearby",
        "meta": "@map-sort",
        "alias": "sort",
        "userDefined": true
      }
    ],
    "isTemplate": false,
    "count": 0,
    "lang": "en",
    "updated": 0
  },
  {
    "id": "5e158a8b-920a-415b-b5a9-dbae732c144e",
    "data": [
      {
        "text": "seach for ",
        "userDefined": false
      },
      {
        "text": "night club",
        "meta": "@venue-nightlife-type",
        "alias": "venue-type",
        "userDefined": true
      },
      {
        "text": " ",
        "userDefined": false
      },
      {
        "text": "nearby",
        "meta": "@map-sort",
        "alias": "sort",
        "userDefined": true
      }
    ],
    "isTemplate": false,
    "count": 0,
    "lang": "en",
    "updated": 0
  },
  {
    "id": "8b535e2a-4be6-44e7-a1c1-740135d8a9a2",
    "data": [
      {
        "text": "wine bar",
        "meta": "@venue-nightlife-type",
        "alias": "venue-type",
        "userDefined": true
      },
      {
        "text": " with ",
        "userDefined": false
      },
      {
        "text": "WIFI",
        "meta": "@venue-facility",
        "alias": "venue-facility",
        "userDefined": true
      }
    ],
    "isTemplate": false,
    "count": 0,
    "lang": "en",
    "updated": 0
  },
  {
    "id": "30a6bf92-b229-4d11-a6db-11ce63cb874e",
    "data": [
      {
        "text": "red wine",
        "meta": "@beverage-hard-drinks",
        "alias": "beverage",
        "userDefined": true
      }
    ],
    "isTemplate": false,
    "count": 0,
    "lang": "en",
    "updated": 0
  },
  {
    "id": "b85f302b-ccae-4aaf-ae39-74deebb96f4e",
    "data": [
      {
        "text": "I\u0027m in the mood for cocktail",
        "userDefined": false
      }
    ],
    "isTemplate": false,
    "count": 0,
    "lang": "en",
    "updated": 0
  },
  {
    "id": "4457e5ec-4fdc-45f4-a675-ab0f175d6e94",
    "data": [
      {
        "text": "search ",
        "userDefined": false
      },
      {
        "text": "cheap",
        "meta": "@map-sort",
        "alias": "sort",
        "userDefined": true
      },
      {
        "text": " ",
        "userDefined": false
      },
      {
        "text": "pub",
        "meta": "@venue-nightlife-type",
        "alias": "venue-type",
        "userDefined": true
      }
    ],
    "isTemplate": false,
    "count": 0,
    "lang": "en",
    "updated": 0
  },
  {
    "id": "a1728931-b3b1-4fcb-8834-960878f1e7ec",
    "data": [
      {
        "text": "Ministry of Sound",
        "meta": "@venue-nightlife-chain",
        "alias": "venue-chain",
        "userDefined": true
      },
      {
        "text": " ",
        "userDefined": false
      },
      {
        "text": "bar",
        "meta": "@venue-nightlife-type",
        "alias": "venue-type",
        "userDefined": true
      }
    ],
    "isTemplate": false,
    "count": 0,
    "lang": "en",
    "updated": 0
  },
  {
    "id": "3c3427c5-e46d-4b0d-98d4-a0c51cb22af1",
    "data": [
      {
        "text": "where is ",
        "userDefined": false
      },
      {
        "text": "nearest",
        "meta": "@map-sort",
        "alias": "sort",
        "userDefined": true
      },
      {
        "text": " ",
        "userDefined": false
      },
      {
        "text": "10 Ginger Man",
        "meta": "@venue-nightlife-chain",
        "alias": "venue-chain",
        "userDefined": true
      }
    ],
    "isTemplate": false,
    "count": 0,
    "lang": "en",
    "updated": 0
  },
  {
    "id": "017772ef-d92e-4dec-9d87-d90f6393d057",
    "data": [
      {
        "text": "help me to find some ",
        "userDefined": false
      },
      {
        "text": "nice",
        "meta": "@map-sort",
        "alias": "sort",
        "userDefined": false
      },
      {
        "text": " ",
        "userDefined": false
      },
      {
        "text": "pubs",
        "meta": "@venue-nightlife-type",
        "alias": "venue-type",
        "userDefined": false
      },
      {
        "text": " in ",
        "userDefined": false
      },
      {
        "text": "Bercy",
        "meta": "@sys.location",
        "alias": "location",
        "userDefined": false
      }
    ],
    "isTemplate": false,
    "count": 0,
    "lang": "en",
    "updated": 0
  },
  {
    "id": "0386b792-ea15-498c-9400-5a2b5ae22384",
    "data": [
      {
        "text": "pubs",
        "meta": "@venue-nightlife-type",
        "alias": "venue-type",
        "userDefined": false
      }
    ],
    "isTemplate": false,
    "count": 0,
    "lang": "en",
    "updated": 0
  },
  {
    "id": "67207bf2-bf31-4ebc-a832-55fee8cd9bd4",
    "data": [
      {
        "text": "get me a ",
        "userDefined": false
      },
      {
        "text": "beer",
        "meta": "@beverage-hard-drinks",
        "alias": "beverage",
        "userDefined": false
      }
    ],
    "isTemplate": false,
    "count": 0,
    "lang": "en",
    "updated": 0
  },
  {
    "id": "39f70683-a317-42e0-a8b8-4d1851606262",
    "data": [
      {
        "text": "strip club",
        "meta": "@venue-nightlife-type",
        "alias": "venue-type",
        "userDefined": false
      },
      {
        "text": " ",
        "userDefined": false
      },
      {
        "text": "nearby",
        "meta": "@map-sort",
        "alias": "sort",
        "userDefined": false
      }
    ],
    "isTemplate": false,
    "count": 0,
    "lang": "en",
    "updated": 0
  },
  {
    "id": "da7ef08c-4e9f-492f-be03-6ad5a1be3221",
    "data": [
      {
        "text": "find a ",
        "userDefined": false
      },
      {
        "text": "bar",
        "meta": "@venue-nightlife-type",
        "alias": "venue-type",
        "userDefined": true
      },
      {
        "text": " in ",
        "userDefined": false
      },
      {
        "text": "Moscow",
        "meta": "@sys.location",
        "alias": "location",
        "userDefined": true
      }
    ],
    "isTemplate": false,
    "count": 0,
    "lang": "en",
    "updated": 0
  },
  {
    "id": "dc556be3-66d2-4d3b-a7ec-6c5bdc894d8e",
    "data": [
      {
        "text": "what is the ",
        "userDefined": false
      },
      {
        "text": "best",
        "meta": "@map-sort",
        "alias": "sort",
        "userDefined": true
      },
      {
        "text": " ",
        "userDefined": false
      },
      {
        "text": "bar",
        "meta": "@venue-nightlife-type",
        "alias": "venue-type",
        "userDefined": true
      }
    ],
    "isTemplate": false,
    "count": 0,
    "lang": "en",
    "updated": 0
  },
  {
    "id": "6b85048a-2d14-4e09-9ad1-900549f19e2f",
    "data": [
      {
        "text": "I would like to have a ",
        "userDefined": false
      },
      {
        "text": "drink",
        "meta": "@venue-nightlife-type",
        "alias": "venue-type",
        "userDefined": true
      }
    ],
    "isTemplate": false,
    "count": 0,
    "lang": "en",
    "updated": 0
  },
  {
    "id": "6da24b1e-6c96-494e-87f8-dd7c46cf0412",
    "data": [
      {
        "text": "I need a ",
        "userDefined": false
      },
      {
        "text": "drink",
        "meta": "@venue-nightlife-type",
        "alias": "venue-type",
        "userDefined": true
      }
    ],
    "isTemplate": false,
    "count": 0,
    "lang": "en",
    "updated": 0
  },
  {
    "id": "4f81cb9c-8bdd-4f65-9e39-03cf080e3291",
    "data": [
      {
        "text": "I wanna go to ",
        "userDefined": false
      },
      {
        "text": "drink",
        "meta": "@venue-nightlife-type",
        "alias": "venue-type",
        "userDefined": true
      }
    ],
    "isTemplate": false,
    "count": 0,
    "lang": "en",
    "updated": 0
  },
  {
    "id": "f504ba82-7a39-4649-99a3-3082661cabfa",
    "data": [
      {
        "text": "are there any ",
        "userDefined": false
      },
      {
        "text": "good",
        "meta": "@map-sort",
        "alias": "sort",
        "userDefined": true
      },
      {
        "text": " ",
        "userDefined": false
      },
      {
        "text": "pubs",
        "meta": "@venue-nightlife-type",
        "alias": "venue-type",
        "userDefined": true
      },
      {
        "text": " not far from ",
        "userDefined": false
      },
      {
        "text": "LA",
        "meta": "@sys.location",
        "alias": "location",
        "userDefined": true
      }
    ],
    "isTemplate": false,
    "count": 0,
    "lang": "en",
    "updated": 0
  },
  {
    "id": "d04d70f5-7599-4324-84b9-73bc91ba44d8",
    "data": [
      {
        "text": "where can I have fun tonight",
        "userDefined": false
      }
    ],
    "isTemplate": false,
    "count": 0,
    "lang": "en",
    "updated": 0
  },
  {
    "id": "068d8c9f-966e-4ee6-a7bc-b6824abfcfb8",
    "data": [
      {
        "text": "gay bar",
        "meta": "@venue-nightlife-type",
        "alias": "venue-type",
        "userDefined": false
      }
    ],
    "isTemplate": false,
    "count": 0,
    "lang": "en",
    "updated": 0
  },
  {
    "id": "00690ae5-c065-4db6-8969-ab26da81662b",
    "data": [
      {
        "text": "hi um where is the ",
        "userDefined": false
      },
      {
        "text": "nearest",
        "meta": "@map-sort",
        "alias": "sort",
        "userDefined": false
      },
      {
        "text": " ",
        "userDefined": false
      },
      {
        "text": "bar",
        "meta": "@venue-nightlife-type",
        "alias": "venue-type",
        "userDefined": false
      }
    ],
    "isTemplate": false,
    "count": 0,
    "lang": "en",
    "updated": 0
  },
  {
    "id": "ad158cb5-825f-4750-b4b4-16d567f82d09",
    "data": [
      {
        "text": "show ",
        "userDefined": false
      },
      {
        "text": "wine bars",
        "meta": "@venue-nightlife-type",
        "alias": "venue-type",
        "userDefined": true
      },
      {
        "text": " in ",
        "userDefined": false
      },
      {
        "text": "Venice",
        "meta": "@sys.location",
        "alias": "location",
        "userDefined": true
      }
    ],
    "isTemplate": false,
    "count": 0,
    "lang": "en",
    "updated": 0
  },
  {
    "id": "57e63100-b44d-4742-9760-cefb40015c4f",
    "data": [
      {
        "text": "Pure Nightclub",
        "meta": "@venue-nightlife-title",
        "alias": "venue-title",
        "userDefined": true
      }
    ],
    "isTemplate": false,
    "count": 0,
    "lang": "en",
    "updated": 0
  },
  {
    "id": "aa7eb69a-5b73-4c7c-8f44-22f75d3cdcc7",
    "data": [
      {
        "text": "where is ",
        "userDefined": false
      },
      {
        "text": "Pure Nightclub",
        "meta": "@venue-nightlife-title",
        "alias": "venue-title",
        "userDefined": true
      }
    ],
    "isTemplate": false,
    "count": 0,
    "lang": "en",
    "updated": 0
  },
  {
    "id": "37e1f2a2-314e-449c-9a0c-8398435a5efb",
    "data": [
      {
        "text": "is there any ",
        "userDefined": false
      },
      {
        "text": "bar",
        "meta": "@venue-nightlife-type",
        "alias": "venue-type",
        "userDefined": true
      },
      {
        "text": " not far from ",
        "userDefined": false
      },
      {
        "text": "Trocadero",
        "meta": "@sys.location",
        "alias": "location",
        "userDefined": true
      }
    ],
    "isTemplate": false,
    "count": 0,
    "lang": "en",
    "updated": 0
  },
  {
    "id": "9a0b6356-0558-487f-99e0-2d288e55f9cf",
    "data": [
      {
        "text": "show",
        "meta": "@sys.ignore",
        "userDefined": true
      },
      {
        "text": " me the ",
        "userDefined": false
      },
      {
        "text": "nearest",
        "meta": "@map-sort",
        "alias": "sort",
        "userDefined": true
      },
      {
        "text": " ",
        "userDefined": false
      },
      {
        "text": "bar",
        "meta": "@venue-nightlife-type",
        "alias": "venue-type",
        "userDefined": true
      }
    ],
    "isTemplate": false,
    "count": 0,
    "lang": "en",
    "updated": 0
  },
  {
    "id": "e06abedb-498c-484c-b1d3-c9c8e248e3cd",
    "data": [
      {
        "text": "find a ",
        "userDefined": false
      },
      {
        "text": "bar",
        "meta": "@venue-nightlife-type",
        "alias": "venue-type",
        "userDefined": true
      },
      {
        "text": " for me",
        "userDefined": false
      }
    ],
    "isTemplate": false,
    "count": 0,
    "lang": "en",
    "updated": 0
  },
  {
    "id": "fe453427-0510-4bfc-a3ba-4fd6c8e1ed29",
    "data": [
      {
        "text": "I ",
        "userDefined": false
      },
      {
        "text": "feel",
        "meta": "@sys.ignore",
        "userDefined": true
      },
      {
        "text": " like ",
        "userDefined": false
      },
      {
        "text": "beer",
        "meta": "@beverage-hard-drinks",
        "alias": "beverage",
        "userDefined": true
      }
    ],
    "isTemplate": false,
    "count": 0,
    "lang": "en",
    "updated": 0
  },
  {
    "id": "4335a13a-23a8-4b40-9638-6844bbdb1868",
    "data": [
      {
        "text": "where can i get a ",
        "userDefined": false
      },
      {
        "text": "drink",
        "meta": "@venue-nightlife-type",
        "alias": "venue-type",
        "userDefined": true
      }
    ],
    "isTemplate": false,
    "count": 0,
    "lang": "en",
    "updated": 0
  },
  {
    "id": "5b020720-10df-4569-8135-ca71a08f767f",
    "data": [
      {
        "text": "find me the ",
        "userDefined": false
      },
      {
        "text": "nearest",
        "meta": "@map-sort",
        "alias": "sort",
        "userDefined": true
      },
      {
        "text": " ",
        "userDefined": false
      },
      {
        "text": "bar",
        "meta": "@venue-nightlife-type",
        "alias": "venue-type",
        "userDefined": true
      }
    ],
    "isTemplate": false,
    "count": 0,
    "lang": "en",
    "updated": 0
  },
  {
    "id": "0ecba044-68ee-49e2-aa39-a8ecb7bc0248",
    "data": [
      {
        "text": "show ",
        "userDefined": false
      },
      {
        "text": "nearest",
        "meta": "@map-sort",
        "alias": "sort",
        "userDefined": true
      },
      {
        "text": " ",
        "userDefined": false
      },
      {
        "text": "Playboy Club",
        "meta": "@venue-nightlife-chain",
        "alias": "venue-chain",
        "userDefined": true
      }
    ],
    "isTemplate": false,
    "count": 0,
    "lang": "en",
    "updated": 0
  },
  {
    "id": "6bd5e0e9-e8f4-49a3-8f09-e008b0190fe8",
    "data": [
      {
        "text": "are there any ",
        "userDefined": false
      },
      {
        "text": "great",
        "meta": "@map-sort",
        "alias": "sort",
        "userDefined": true
      },
      {
        "text": " ",
        "userDefined": false
      },
      {
        "text": "pubs",
        "meta": "@venue-nightlife-type",
        "alias": "venue-type",
        "userDefined": true
      },
      {
        "text": " in ",
        "userDefined": false
      },
      {
        "text": "Chicago",
        "meta": "@sys.location",
        "alias": "location",
        "userDefined": true
      }
    ],
    "isTemplate": false,
    "count": 0,
    "lang": "en",
    "updated": 0
  },
  {
    "id": "b3091805-f5e7-47ca-8557-b439f1fd5367",
    "data": [
      {
        "text": "are there any ",
        "userDefined": false
      },
      {
        "text": "nice",
        "meta": "@map-sort",
        "alias": "sort",
        "userDefined": true
      },
      {
        "text": " ",
        "userDefined": false
      },
      {
        "text": "pubs",
        "meta": "@venue-nightlife-type",
        "alias": "venue-type",
        "userDefined": true
      },
      {
        "text": " not far from my ",
        "userDefined": false
      },
      {
        "text": "home",
        "meta": "@sys.location",
        "alias": "location",
        "userDefined": true
      }
    ],
    "isTemplate": false,
    "count": 0,
    "lang": "en",
    "updated": 0
  },
  {
    "id": "57cc985c-6330-418c-950b-85527a63928b",
    "data": [
      {
        "text": "are there any ",
        "userDefined": false
      },
      {
        "text": "cool",
        "meta": "@map-sort",
        "alias": "sort",
        "userDefined": true
      },
      {
        "text": " ",
        "userDefined": false
      },
      {
        "text": "pubs",
        "meta": "@venue-nightlife-type",
        "alias": "venue-type",
        "userDefined": true
      },
      {
        "text": " close to ",
        "userDefined": false
      },
      {
        "text": "Trocadero",
        "meta": "@sys.location",
        "alias": "location",
        "userDefined": true
      }
    ],
    "isTemplate": false,
    "count": 0,
    "lang": "en",
    "updated": 0
  },
  {
    "id": "186334d5-a268-4420-a5dd-a38e18ebe751",
    "data": [
      {
        "text": "let\u0027s get a drink",
        "userDefined": false
      }
    ],
    "isTemplate": false,
    "count": 0,
    "lang": "en",
    "updated": 0
  },
  {
    "id": "449743a9-8f26-43d9-b002-33aacdf33a7b",
    "data": [
      {
        "text": "I ",
        "userDefined": false
      },
      {
        "text": "feel",
        "meta": "@sys.ignore",
        "userDefined": false
      },
      {
        "text": " like a ",
        "userDefined": false
      },
      {
        "text": "vodka",
        "meta": "@beverage-hard-drinks",
        "alias": "beverage",
        "userDefined": false
      }
    ],
    "isTemplate": false,
    "count": 0,
    "lang": "en",
    "updated": 0
  },
  {
    "id": "54740013-7403-46de-9a9f-66d736cb9c64",
    "data": [
      {
        "text": "where can I have ",
        "userDefined": false
      },
      {
        "text": "cheap",
        "meta": "@map-sort",
        "alias": "sort",
        "userDefined": false
      },
      {
        "text": " ",
        "userDefined": false
      },
      {
        "text": "whiskey",
        "meta": "@beverage-hard-drinks",
        "alias": "beverage",
        "userDefined": true
      },
      {
        "text": " or ",
        "userDefined": false
      },
      {
        "text": "vodka",
        "meta": "@beverage-hard-drinks",
        "alias": "beverage",
        "userDefined": false
      }
    ],
    "isTemplate": false,
    "count": 0,
    "lang": "en",
    "updated": 0
  },
  {
    "id": "dcddcf85-67f9-4da0-aa69-98655dca71d0",
    "data": [
      {
        "text": "LIV",
        "meta": "@venue-nightlife-title",
        "alias": "venue-title",
        "userDefined": true
      },
      {
        "text": " ",
        "userDefined": false
      },
      {
        "text": "bar",
        "meta": "@venue-nightlife-type",
        "alias": "venue-type",
        "userDefined": true
      }
    ],
    "isTemplate": false,
    "count": 0,
    "lang": "en",
    "updated": 0
  },
  {
    "id": "9a169403-f50e-419e-8509-1aa5c5bccb82",
    "data": [
      {
        "text": "show ",
        "userDefined": false
      },
      {
        "text": "Stingaree",
        "meta": "@venue-nightlife-title",
        "alias": "venue-title",
        "userDefined": true
      },
      {
        "text": " ",
        "userDefined": false
      },
      {
        "text": "bar",
        "meta": "@venue-nightlife-type",
        "alias": "venue-type",
        "userDefined": true
      }
    ],
    "isTemplate": false,
    "count": 0,
    "lang": "en",
    "updated": 0
  },
  {
    "id": "e75c80c0-2a89-4062-a6f3-6f5559f28fa3",
    "data": [
      {
        "text": "find ",
        "userDefined": false
      },
      {
        "text": "bar",
        "meta": "@venue-nightlife-type",
        "alias": "venue-type",
        "userDefined": true
      },
      {
        "text": " with ",
        "userDefined": false
      },
      {
        "text": "parking",
        "meta": "@venue-facility",
        "alias": "venue-facility",
        "userDefined": true
      }
    ],
    "isTemplate": false,
    "count": 0,
    "lang": "en",
    "updated": 0
  },
  {
    "id": "8a484ad5-82c6-4e71-b188-b64ef3442e0e",
    "data": [
      {
        "text": "can I get a ",
        "userDefined": false
      },
      {
        "text": "beer",
        "meta": "@beverage-hard-drinks",
        "alias": "beverage",
        "userDefined": false
      },
      {
        "text": " here",
        "userDefined": false
      }
    ],
    "isTemplate": false,
    "count": 0,
    "lang": "en",
    "updated": 0
  },
  {
    "id": "b94586c4-47fd-45e8-b524-a980b274f8ec",
    "data": [
      {
        "text": "locate a ",
        "userDefined": false
      },
      {
        "text": "nightclub",
        "meta": "@venue-nightlife-type",
        "alias": "venue-type",
        "userDefined": false
      }
    ],
    "isTemplate": false,
    "count": 0,
    "lang": "en",
    "updated": 0
  },
  {
    "id": "48a8ea64-5be5-4e3f-a22d-1577d104e10f",
    "data": [
      {
        "text": "where are ",
        "userDefined": false
      },
      {
        "text": "nearby",
        "meta": "@map-sort",
        "alias": "sort",
        "userDefined": false
      },
      {
        "text": " ",
        "userDefined": false
      },
      {
        "text": "nightclubs",
        "meta": "@venue-nightlife-type",
        "alias": "venue-type",
        "userDefined": true
      }
    ],
    "isTemplate": false,
    "count": 0,
    "lang": "en",
    "updated": 0
  },
  {
    "id": "b1fdddb7-5060-4b03-8c0a-758777742543",
    "data": [
      {
        "text": "where\u0027s the ",
        "userDefined": false
      },
      {
        "text": "nearest",
        "meta": "@map-sort",
        "alias": "sort",
        "userDefined": false
      },
      {
        "text": " ",
        "userDefined": false
      },
      {
        "text": "strip club",
        "meta": "@venue-nightlife-type",
        "alias": "venue-type",
        "userDefined": false
      }
    ],
    "isTemplate": false,
    "count": 0,
    "lang": "en",
    "updated": 0
  },
  {
    "id": "b2567753-da44-4458-8b07-de0d46116563",
    "data": [
      {
        "text": "cheap",
        "meta": "@map-sort",
        "alias": "sort",
        "userDefined": true
      },
      {
        "text": " ",
        "userDefined": false
      },
      {
        "text": "pub",
        "meta": "@venue-nightlife-type",
        "alias": "venue-type",
        "userDefined": true
      }
    ],
    "isTemplate": false,
    "count": 0,
    "lang": "en",
    "updated": 0
  },
  {
    "id": "3e364817-603b-497b-b277-3da4eca10534",
    "data": [
      {
        "text": "wine bars",
        "meta": "@venue-nightlife-type",
        "alias": "venue-type",
        "userDefined": true
      },
      {
        "text": " in ",
        "userDefined": false
      },
      {
        "text": "Venice",
        "meta": "@sys.location",
        "alias": "location",
        "userDefined": true
      }
    ],
    "isTemplate": false,
    "count": 0,
    "lang": "en",
    "updated": 0
  },
  {
    "id": "5e76362c-81d1-49ba-a8c3-f91d81cb7d56",
    "data": [
      {
        "text": "bar",
        "meta": "@venue-nightlife-type",
        "alias": "venue-type",
        "userDefined": true
      },
      {
        "text": " with ",
        "userDefined": false
      },
      {
        "text": "4",
        "meta": "@sys.number",
        "alias": "stars",
        "userDefined": true
      },
      {
        "text": " stars",
        "userDefined": false
      }
    ],
    "isTemplate": false,
    "count": 0,
    "lang": "en",
    "updated": 0
  },
  {
    "id": "2a58030e-636c-45d2-a8c1-9c147d64fe7c",
    "data": [
      {
        "text": "find ",
        "userDefined": false
      },
      {
        "text": "whiskey",
        "meta": "@beverage-hard-drinks",
        "alias": "beverage",
        "userDefined": true
      },
      {
        "text": " for me",
        "userDefined": false
      }
    ],
    "isTemplate": false,
    "count": 0,
    "lang": "en",
    "updated": 0
  },
  {
    "id": "4d83b9ab-c6a7-4efa-9867-43453ebe0190",
    "data": [
      {
        "text": "nightclub",
        "meta": "@venue-nightlife-type",
        "alias": "venue-type",
        "userDefined": false
      }
    ],
    "isTemplate": false,
    "count": 0,
    "lang": "en",
    "updated": 0
  },
  {
    "id": "675e8947-8b6c-4bf2-a03e-07a41863a87f",
    "data": [
      {
        "text": "list of ",
        "userDefined": false
      },
      {
        "text": "bars",
        "meta": "@venue-nightlife-type",
        "alias": "venue-type",
        "userDefined": true
      },
      {
        "text": " in ",
        "userDefined": false
      },
      {
        "text": "Lisbon",
        "meta": "@sys.location",
        "alias": "location",
        "userDefined": true
      }
    ],
    "isTemplate": false,
    "count": 0,
    "lang": "en",
    "updated": 0
  },
  {
    "id": "164721a7-71ae-4156-becd-9b8ea263cc97",
    "data": [
      {
        "text": "bars",
        "meta": "@venue-nightlife-type",
        "alias": "venue-type",
        "userDefined": true
      }
    ],
    "isTemplate": false,
    "count": 0,
    "lang": "en",
    "updated": 0
  },
  {
    "id": "4c7f276e-049e-45e7-80bd-341ad4724bf0",
    "data": [
      {
        "text": "I enjoy drinking ",
        "userDefined": false
      },
      {
        "text": "alcohol",
        "meta": "@beverage-hard-drinks",
        "alias": "beverage",
        "userDefined": true
      }
    ],
    "isTemplate": false,
    "count": 0,
    "lang": "en",
    "updated": 0
  },
  {
    "id": "2212a2d5-3ee5-4915-b9d1-fefc9c4e0372",
    "data": [
      {
        "text": "is there any ",
        "userDefined": false
      },
      {
        "text": "bar",
        "meta": "@venue-nightlife-type",
        "alias": "venue-type",
        "userDefined": true
      },
      {
        "text": " close to ",
        "userDefined": false
      },
      {
        "text": "Trocadero",
        "meta": "@sys.location",
        "alias": "location",
        "userDefined": true
      }
    ],
    "isTemplate": false,
    "count": 0,
    "lang": "en",
    "updated": 0
  },
  {
    "id": "59581d02-3c17-4a5d-bcf6-414ac453888c",
    "data": [
      {
        "text": "find ",
        "userDefined": false
      },
      {
        "text": "clubs",
        "meta": "@venue-nightlife-type",
        "alias": "venue-type",
        "userDefined": true
      }
    ],
    "isTemplate": false,
    "count": 0,
    "lang": "en",
    "updated": 0
  },
  {
    "id": "d2f0d7c5-f533-487d-9459-a55124881c1c",
    "data": [
      {
        "text": "where is a ",
        "userDefined": false
      },
      {
        "text": "night club",
        "meta": "@venue-nightlife-type",
        "alias": "venue-type",
        "userDefined": false
      }
    ],
    "isTemplate": false,
    "count": 0,
    "lang": "en",
    "updated": 0
  },
  {
    "id": "3512d5c6-fe0d-4408-9b10-321152b0fc0b",
    "data": [
      {
        "text": "please find the ",
        "userDefined": false
      },
      {
        "text": "best",
        "meta": "@map-sort",
        "alias": "sort",
        "userDefined": true
      },
      {
        "text": " ",
        "userDefined": false
      },
      {
        "text": "pub",
        "meta": "@venue-nightlife-type",
        "alias": "venue-type",
        "userDefined": true
      },
      {
        "text": " ",
        "userDefined": false
      },
      {
        "text": "in",
        "meta": "@sys.ignore",
        "userDefined": true
      },
      {
        "text": " ",
        "userDefined": false
      },
      {
        "text": "London",
        "meta": "@sys.location",
        "alias": "location",
        "userDefined": true
      },
      {
        "text": " with ",
        "userDefined": false
      },
      {
        "text": "free Wi-Fi",
        "meta": "@venue-facility",
        "alias": "venue-facility",
        "userDefined": true
      },
      {
        "text": " and ",
        "userDefined": false
      },
      {
        "text": "parking",
        "meta": "@venue-facility",
        "alias": "venue-facility",
        "userDefined": true
      }
    ],
    "isTemplate": false,
    "count": 0,
    "lang": "en",
    "updated": 0
  },
  {
    "id": "bcae689c-4ed6-481d-82ee-3c4ad7972fc5",
    "data": [
      {
        "text": "find a ",
        "userDefined": false
      },
      {
        "text": "bar",
        "meta": "@venue-nightlife-type",
        "alias": "venue-type",
        "userDefined": true
      }
    ],
    "isTemplate": false,
    "count": 0,
    "lang": "en",
    "updated": 0
  },
  {
    "id": "4a822b73-145a-401c-b043-521c8f7881d4",
    "data": [
      {
        "text": "are there any ",
        "userDefined": false
      },
      {
        "text": "good",
        "meta": "@map-sort",
        "alias": "sort",
        "userDefined": true
      },
      {
        "text": " ",
        "userDefined": false
      },
      {
        "text": "pubs",
        "meta": "@venue-nightlife-type",
        "alias": "venue-type",
        "userDefined": true
      },
      {
        "text": " ",
        "userDefined": false
      },
      {
        "text": "in the area",
        "meta": "@map-sort",
        "alias": "sort",
        "userDefined": true
      }
    ],
    "isTemplate": false,
    "count": 0,
    "lang": "en",
    "updated": 0
  },
  {
    "id": "7740af25-9935-4434-8e1b-8a68d541873f",
    "data": [
      {
        "text": "are there any ",
        "userDefined": false
      },
      {
        "text": "good",
        "meta": "@map-sort",
        "alias": "sort",
        "userDefined": false
      },
      {
        "text": " ",
        "userDefined": false
      },
      {
        "text": "pubs",
        "meta": "@venue-nightlife-type",
        "alias": "venue-type",
        "userDefined": false
      },
      {
        "text": " in ",
        "userDefined": false
      },
      {
        "text": "Palo Alto",
        "meta": "@sys.location",
        "alias": "location",
        "userDefined": false
      }
    ],
    "isTemplate": false,
    "count": 0,
    "lang": "en",
    "updated": 0
  }
]