[
  {
    "id": "d9da711c-f429-41f7-88a7-812cde098036",
    "data": [
      {
        "text": "bar",
        "meta": "@venue-nightlife-type",
        "alias": "venue-type",
        "userDefined": false
      }
    ],
    "isTemplate": false,
    "count": 0,
    "lang": "en",
    "updated": 0
  },
  {
    "id": "c0883297-fa47-4c84-8c4f-86dbf009508f",
    "data": [
      {
        "text": "gay bar",
        "meta": "@venue-nightlife-type",
        "alias": "venue-type",
        "userDefined": false
      }
    ],
    "isTemplate": false,
    "count": 0,
    "lang": "en",
    "updated": 0
  },
  {
    "id": "e2236c5d-9869-4c50-add3-2dc82fcfaaad",
    "data": [
      {
        "text": "search for a ",
        "userDefined": false
      },
      {
        "text": "night club",
        "meta": "@venue-nightlife-type",
        "alias": "venue-type",
        "userDefined": false
      },
      {
        "text": " now",
        "userDefined": false
      }
    ],
    "isTemplate": false,
    "count": 0,
    "lang": "en",
    "updated": 0
  },
  {
    "id": "ab308058-a54d-485a-9f0b-5b0689f12673",
    "data": [
      {
        "text": "I also need a ",
        "userDefined": false
      },
      {
        "text": "wine bar",
        "meta": "@venue-nightlife-type",
        "alias": "venue-type",
        "userDefined": false
      }
    ],
    "isTemplate": false,
    "count": 0,
    "lang": "en",
    "updated": 0
  },
  {
    "id": "e41d0a45-0103-44ef-8a1d-36b3b8ddb548",
    "data": [
      {
        "text": "and a ",
        "userDefined": false
      },
      {
        "text": "bar",
        "meta": "@venue-nightlife-type",
        "alias": "venue-type",
        "userDefined": false
      }
    ],
    "isTemplate": false,
    "count": 0,
    "lang": "en",
    "updated": 0
  },
  {
    "id": "647592d5-50b2-4741-8c43-606046e93301",
    "data": [
      {
        "text": "now a ",
        "userDefined": false
      },
      {
        "text": "pub",
        "meta": "@venue-nightlife-type",
        "alias": "venue-type",
        "userDefined": false
      }
    ],
    "isTemplate": false,
    "count": 0,
    "lang": "en",
    "updated": 0
  },
  {
    "id": "a710044c-e82c-4789-b769-04344a25e706",
    "data": [
      {
        "text": "what about a ",
        "userDefined": false
      },
      {
        "text": "strip club",
        "meta": "@venue-nightlife-type",
        "alias": "venue-type",
        "userDefined": false
      }
    ],
    "isTemplate": false,
    "count": 0,
    "lang": "en",
    "updated": 0
  },
  {
    "id": "9e459f30-123a-4698-8c69-4acb2500db4f",
    "data": [
      {
        "text": "how about a ",
        "userDefined": false
      },
      {
        "text": "bar",
        "meta": "@venue-nightlife-type",
        "alias": "venue-type",
        "userDefined": false
      }
    ],
    "isTemplate": false,
    "count": 0,
    "lang": "en",
    "updated": 0
  }
]