[
  {
    "id": "b14e7f0b-4b3c-4941-b1fa-5c1214458a8f",
    "data": [
      {
        "text": "and ",
        "userDefined": false
      },
      {
        "text": "cafe",
        "meta": "@venue-eating-out-type",
        "alias": "venue-type",
        "userDefined": false
      }
    ],
    "isTemplate": false,
    "count": 0,
    "lang": "en",
    "updated": 0
  },
  {
    "id": "58506e35-37f3-4e4a-8f8f-0b6b84afc8ee",
    "data": [
      {
        "text": "now ",
        "userDefined": false
      },
      {
        "text": "cafe",
        "meta": "@venue-eating-out-type",
        "alias": "venue-type",
        "userDefined": false
      }
    ],
    "isTemplate": false,
    "count": 0,
    "lang": "en",
    "updated": 0
  },
  {
    "id": "3e059694-ccd8-4401-a7ed-28c8a7625bfd",
    "data": [
      {
        "text": "I meant ",
        "userDefined": false
      },
      {
        "text": "vegetarian restaurant",
        "meta": "@venue-eating-out-type",
        "alias": "venue-type",
        "userDefined": false
      }
    ],
    "isTemplate": false,
    "count": 0,
    "lang": "en",
    "updated": 0
  },
  {
    "id": "84e429b4-fc37-4d0a-8ec4-10cf0d769419",
    "data": [
      {
        "text": "now I want a ",
        "userDefined": false
      },
      {
        "text": "pizzeria",
        "meta": "@venue-eating-out-type",
        "alias": "venue-type",
        "userDefined": false
      }
    ],
    "isTemplate": false,
    "count": 0,
    "lang": "en",
    "updated": 0
  },
  {
    "id": "e2f6abc0-d8cd-4023-8aed-ede9604eb664",
    "data": [
      {
        "text": "and now I need ",
        "userDefined": false
      },
      {
        "text": "restaurant",
        "meta": "@venue-eating-out-type",
        "alias": "venue-type",
        "userDefined": false
      }
    ],
    "isTemplate": false,
    "count": 0,
    "lang": "en",
    "updated": 0
  },
  {
    "id": "7af268f4-b748-4e97-b8f6-5d0d60c913fa",
    "data": [
      {
        "text": "how about ",
        "userDefined": false
      },
      {
        "text": "bakery",
        "meta": "@venue-eating-out-type",
        "alias": "venue-type",
        "userDefined": false
      }
    ],
    "isTemplate": false,
    "count": 0,
    "lang": "en",
    "updated": 0
  }
]