[
  {
    "id": "063f3417-77ec-4dea-8a96-13c0544cd663",
    "data": [
      {
        "text": "what about ",
        "userDefined": false
      },
      {
        "text": "London",
        "meta": "@sys.location",
        "alias": "location",
        "userDefined": false
      }
    ],
    "isTemplate": false,
    "count": 0,
    "lang": "en",
    "updated": 0
  },
  {
    "id": "a4b36997-20d8-4552-af3f-61ab65ae2457",
    "data": [
      {
        "text": "how about ",
        "userDefined": false
      },
      {
        "text": "Los Angeles",
        "meta": "@sys.location",
        "alias": "location",
        "userDefined": false
      }
    ],
    "isTemplate": false,
    "count": 0,
    "lang": "en",
    "updated": 0
  },
  {
    "id": "ee1e8b73-a5e2-4289-b74a-ed3aa2ff10bb",
    "data": [
      {
        "text": "in ",
        "userDefined": false
      },
      {
        "text": "Moscow",
        "meta": "@sys.location",
        "alias": "location",
        "userDefined": true
      }
    ],
    "isTemplate": false,
    "count": 0,
    "lang": "en",
    "updated": 0
  },
  {
    "id": "8338800d-f198-4737-a1be-0c699b2c0dd1",
    "data": [
      {
        "text": "show in ",
        "userDefined": false
      },
      {
        "text": "Belgrade",
        "meta": "@sys.location",
        "alias": "location",
        "userDefined": false
      }
    ],
    "isTemplate": false,
    "count": 0,
    "lang": "en",
    "updated": 0
  },
  {
    "id": "ccc773cf-dfff-4aa4-8f1f-b0261488bfac",
    "data": [
      {
        "text": "and ",
        "userDefined": false
      },
      {
        "text": "SF",
        "meta": "@sys.location",
        "alias": "location",
        "userDefined": false
      }
    ],
    "isTemplate": false,
    "count": 0,
    "lang": "en",
    "updated": 0
  },
  {
    "id": "da07f9b4-4af2-433b-b5f5-b392e6a5c1e6",
    "data": [
      {
        "text": "find in ",
        "userDefined": false
      },
      {
        "text": "Berlin",
        "meta": "@sys.location",
        "alias": "location",
        "userDefined": false
      }
    ],
    "isTemplate": false,
    "count": 0,
    "lang": "en",
    "updated": 0
  },
  {
    "id": "1c7df9dc-50c1-4507-b8c0-7ce4288f8846",
    "data": [
      {
        "text": "find for ",
        "userDefined": false
      },
      {
        "text": "LA",
        "meta": "@sys.location",
        "alias": "location",
        "userDefined": false
      }
    ],
    "isTemplate": false,
    "count": 0,
    "lang": "en",
    "updated": 0
  },
  {
    "id": "42655649-598d-432a-94bf-bbbe76f1d0d3",
    "data": [
      {
        "text": "show for ",
        "userDefined": false
      },
      {
        "text": "Miami",
        "meta": "@sys.location",
        "alias": "location",
        "userDefined": false
      }
    ],
    "isTemplate": false,
    "count": 0,
    "lang": "en",
    "updated": 0
  }
]