[
  {
    "value": "concert",
    "synonyms": [
      "concert",
      "concerts"
    ]
  },
  {
    "value": "art exhibition",
    "synonyms": [
      "art exhibitions",
      "art exhibition"
    ]
  },
  {
    "value": "jazz concert",
    "synonyms": [
      "jazz concert",
      "jazz concerts"
    ]
  },
  {
    "value": "band concert",
    "synonyms": [
      "band concerts"
    ]
  },
  {
    "value": "adult movies",
    "synonyms": [
      "adult movies"
    ]
  },
  {
    "value": "competition",
    "synonyms": [
      "competition",
      "competitions"
    ]
  },
  {
    "value": "rock concert",
    "synonyms": [
      "rock concerts"
    ]
  },
  {
    "value": "exhibition",
    "synonyms": [
      "exhibition",
      "exhibitions"
    ]
  },
  {
    "value": "music concerts",
    "synonyms": [
      "music concerts"
    ]
  },
  {
    "value": "beer festival",
    "synonyms": [
      "beer festivals",
      "beer festival"
    ]
  },
  {
    "value": "opera performance",
    "synonyms": [
      "opera performances"
    ]
  },
  {
    "value": "clothes exhibition",
    "synonyms": [
      "clothes exhibition",
      "clothes exhibitions"
    ]
  },
  {
    "value": "conference",
    "synonyms": [
      "conference",
      "conferences"
    ]
  },
  {
    "value": "game",
    "synonyms": [
      "game"
    ]
  },
  {
    "value": "open-air festival",
    "synonyms": [
      "open-air festival",
      "open air festival",
      "open air festivals",
      "open-air festivals"
    ]
  },
  {
    "value": "baseball game",
    "synonyms": [
      "baseball game",
      "baseball"
    ]
  },
  {
    "value": "stand-up",
    "synonyms": [
      "stand-up",
      "stand-up comedy",
      "stand-up concert"
    ]
  },
  {
    "value": "wine festival",
    "synonyms": [
      "wine festivals",
      "wine festival"
    ]
  },
  {
    "value": "club",
    "synonyms": [
      "club"
    ]
  },
  {
    "value": "festival",
    "synonyms": [
      "festival",
      "festivals"
    ]
  },
  {
    "value": "musical",
    "synonyms": [
      "musical",
      "musicals"
    ]
  },
  {
    "value": "live concert",
    "synonyms": [
      "live concerts",
      "live concert"
    ]
  },
  {
    "value": "movie",
    "synonyms": [
      "movie",
      "movies",
      "film",
      "movietickets",
      "movieticket"
    ]
  },
  {
    "value": "music festival",
    "synonyms": [
      "music festival",
      "music festivals"
    ]
  },
  {
    "value": "play",
    "synonyms": [
      "play"
    ]
  }
]