[
  {
    "value": "Albuquerque Isotopes",
    "synonyms": [
      "Albuquerque Isotopes"
    ]
  },
  {
    "value": "Aberdeen IronBirds",
    "synonyms": [
      "Aberdeen IronBirds"
    ]
  },
  {
    "value": "Adirondack Thunder",
    "synonyms": [
      "Adirondack Thunder"
    ]
  },
  {
    "value": "Allen Americans",
    "synonyms": [
      "Allen Americans"
    ]
  },
  {
    "value": "Arizona Rattlers",
    "synonyms": [
      "Arizona Rattlers"
    ]
  },
  {
    "value": "Atlanta Hawks",
    "synonyms": [
      "Atlanta Hawks"
    ]
  },
  {
    "value": "Augusta GreenJackets",
    "synonyms": [
      "Augusta GreenJackets"
    ]
  },
  {
    "value": "Bakersfield Condors",
    "synonyms": [
      "Bakersfield Condors"
    ]
  },
  {
    "value": "Atlanta Dream",
    "synonyms": [
      "Atlanta Dream"
    ]
  },
  {
    "value": "Akron RubberDucks",
    "synonyms": [
      "Akron RubberDucks"
    ]
  },
  {
    "value": "Austin Spurs",
    "synonyms": [
      "Austin Spurs"
    ]
  },
  {
    "value": "Akron Racers",
    "synonyms": [
      "Akron Racers"
    ]
  },
  {
    "value": "Albany Devils",
    "synonyms": [
      "Albany Devils"
    ]
  },
  {
    "value": "Altoona Curve",
    "synonyms": [
      "Altoona Curve"
    ]
  },
  {
    "value": "Anaheim Ducks",
    "synonyms": [
      "Anaheim Ducks"
    ]
  },
  {
    "value": "Auburn Doubledays",
    "synonyms": [
      "Auburn Doubledays"
    ]
  },
  {
    "value": "Arizona Coyotes",
    "synonyms": [
      "Arizona Coyotes"
    ]
  },
  {
    "value": "Arkansas Travelers",
    "synonyms": [
      "Arkansas Travelers"
    ]
  },
  {
    "value": "Amarillo Venom",
    "synonyms": [
      "Amarillo Venom"
    ]
  },
  {
    "value": "Arizona Diamondbacks",
    "synonyms": [
      "Arizona Diamondbacks"
    ]
  },
  {
    "value": "Atlanta Falcons",
    "synonyms": [
      "Atlanta Falcons"
    ]
  },
  {
    "value": "Atlanta Hustle",
    "synonyms": [
      "Atlanta Hustle"
    ]
  },
  {
    "value": "Arizona Cardinals",
    "synonyms": [
      "Arizona Cardinals"
    ]
  },
  {
    "value": "Atlanta Gladiators",
    "synonyms": [
      "Atlanta Gladiators"
    ]
  },
  {
    "value": "Atlanta Braves",
    "synonyms": [
      "Atlanta Braves"
    ]
  },
  {
    "value": "Austin Sol",
    "synonyms": [
      "Austin Sol"
    ]
  },
  {
    "value": "BC Lions",
    "synonyms": [
      "BC Lions"
    ]
  },
  {
    "value": "Asheville Tourists",
    "synonyms": [
      "Asheville Tourists"
    ]
  },
  {
    "value": "Atlanta Blaze",
    "synonyms": [
      "Atlanta Blaze"
    ]
  },
  {
    "value": "Alaska Aces",
    "synonyms": [
      "Alaska Aces"
    ]
  },
  {
    "value": "Alpine Cowboys",
    "synonyms": [
      "Alpine Cowboys"
    ]
  },
  {
    "value": "Arizona United SC",
    "synonyms": [
      "Arizona United SC"
    ]
  },
  {
    "value": "Arsenal football team",
    "synonyms": [
      "Arsenal football team"
    ]
  },
  {
    "value": "Bethlehem Steel FC",
    "synonyms": [
      "Bethlehem Steel FC"
    ]
  },
  {
    "value": "Bowie Baysox",
    "synonyms": [
      "Bowie Baysox"
    ]
  },
  {
    "value": "Brampton Beast",
    "synonyms": [
      "Brampton Beast"
    ]
  },
  {
    "value": "Bridgeport Sound Tigers",
    "synonyms": [
      "Bridgeport Sound Tigers"
    ]
  },
  {
    "value": "Bristol Pirates",
    "synonyms": [
      "Bristol Pirates"
    ]
  },
  {
    "value": "Buffalo Beauts",
    "synonyms": [
      "Buffalo Beauts"
    ]
  },
  {
    "value": "Cincinnati Reds",
    "synonyms": [
      "Cincinnati Reds"
    ]
  },
  {
    "value": "Cincinnati Revolution",
    "synonyms": [
      "Cincinnati Revolution"
    ]
  },
  {
    "value": "Cleveland Indians",
    "synonyms": [
      "Cleveland Indians"
    ]
  },
  {
    "value": "Columbus Cottonmouths",
    "synonyms": [
      "Columbus Cottonmouths"
    ]
  },
  {
    "value": "Dayton Dragons",
    "synonyms": [
      "Dayton Dragons"
    ]
  },
  {
    "value": "Daytona Tortugas",
    "synonyms": [
      "Daytona Tortugas"
    ]
  },
  {
    "value": "Baltimore Orioles",
    "synonyms": [
      "Baltimore Orioles"
    ]
  },
  {
    "value": "Batavia Muckdogs",
    "synonyms": [
      "Batavia Muckdogs"
    ]
  },
  {
    "value": "Berlin River Drivers",
    "synonyms": [
      "Berlin River Drivers"
    ]
  },
  {
    "value": "Boise Hawks",
    "synonyms": [
      "Boise Hawks"
    ]
  },
  {
    "value": "Boston Blades",
    "synonyms": [
      "Boston Blades"
    ]
  },
  {
    "value": "Boston Celtics",
    "synonyms": [
      "Boston Celtics"
    ]
  },
  {
    "value": "Boston Red Sox",
    "synonyms": [
      "Boston Red Sox"
    ]
  },
  {
    "value": "Burlington Bees",
    "synonyms": [
      "Burlington Bees"
    ]
  },
  {
    "value": "Calgary Flames",
    "synonyms": [
      "Calgary Flames"
    ]
  },
  {
    "value": "Canadian Women\u0027s Hockey League",
    "synonyms": [
      "Canadian Women\u0027s Hockey League"
    ]
  },
  {
    "value": "Chattanooga Lookouts",
    "synonyms": [
      "Chattanooga Lookouts"
    ]
  },
  {
    "value": "Chicago Eagles",
    "synonyms": [
      "Chicago Eagles"
    ]
  },
  {
    "value": "Connecticut Tigers",
    "synonyms": [
      "Connecticut Tigers"
    ]
  },
  {
    "value": "Cornwall Nationals",
    "synonyms": [
      "Cornwall Nationals"
    ]
  },
  {
    "value": "Calgary Roughnecks",
    "synonyms": [
      "Calgary Roughnecks"
    ]
  },
  {
    "value": "Carolina Panthers",
    "synonyms": [
      "Carolina Panthers"
    ]
  },
  {
    "value": "Chicago Bears",
    "synonyms": [
      "Chicago Bears"
    ]
  },
  {
    "value": "Chicago Cubs",
    "synonyms": [
      "Chicago Cubs"
    ]
  },
  {
    "value": "Chicago Red Stars",
    "synonyms": [
      "Chicago Red Stars"
    ]
  },
  {
    "value": "Chicago Wildfire",
    "synonyms": [
      "Chicago Wildfire"
    ]
  },
  {
    "value": "Colorado Avalanche",
    "synonyms": [
      "Colorado Avalanche"
    ]
  },
  {
    "value": "Danbury Titans",
    "synonyms": [
      "Danbury Titans"
    ]
  },
  {
    "value": "Baltimore Ride",
    "synonyms": [
      "Baltimore Ride"
    ]
  },
  {
    "value": "Birmingham Barons",
    "synonyms": [
      "Birmingham Barons"
    ]
  },
  {
    "value": "Boston Pride",
    "synonyms": [
      "Boston Pride"
    ]
  },
  {
    "value": "DC Breeze",
    "synonyms": [
      "DC Breeze"
    ]
  },
  {
    "value": "Dallas Mavericks",
    "synonyms": [
      "Dallas Mavericks"
    ]
  },
  {
    "value": "Dallas Roughnecks",
    "synonyms": [
      "Dallas Roughnecks"
    ]
  },
  {
    "value": "Danville Braves",
    "synonyms": [
      "Danville Braves"
    ]
  },
  {
    "value": "Charleston Battery",
    "synonyms": [
      "Charleston Battery"
    ]
  },
  {
    "value": "Chicago Fire",
    "synonyms": [
      "Chicago Fire"
    ]
  },
  {
    "value": "Columbus Clippers",
    "synonyms": [
      "Columbus Clippers"
    ]
  },
  {
    "value": "Connecticut Sun",
    "synonyms": [
      "Connecticut Sun"
    ]
  },
  {
    "value": "Beloit Snappers",
    "synonyms": [
      "Beloit Snappers"
    ]
  },
  {
    "value": "CenTex Cavalry",
    "synonyms": [
      "CenTex Cavalry"
    ]
  },
  {
    "value": "Colorado Mammoth",
    "synonyms": [
      "Colorado Mammoth"
    ]
  },
  {
    "value": "Colorado Rockies",
    "synonyms": [
      "Colorado Rockies"
    ]
  },
  {
    "value": "Billings Mustangs",
    "synonyms": [
      "Billings Mustangs"
    ]
  },
  {
    "value": "Biloxi Shuckers",
    "synonyms": [
      "Biloxi Shuckers"
    ]
  },
  {
    "value": "Binghamton Mets",
    "synonyms": [
      "Binghamton Mets"
    ]
  },
  {
    "value": "Binghamton Senators",
    "synonyms": [
      "Binghamton Senators"
    ]
  },
  {
    "value": "Boston Breakers",
    "synonyms": [
      "Boston Breakers"
    ]
  },
  {
    "value": "Burlington Royals",
    "synonyms": [
      "Burlington Royals"
    ]
  },
  {
    "value": "Carolina RailHawks",
    "synonyms": [
      "Carolina RailHawks"
    ]
  },
  {
    "value": "Charlotte Independence",
    "synonyms": [
      "Charlotte Independence"
    ]
  },
  {
    "value": "Charlotte Knights",
    "synonyms": [
      "Charlotte Knights"
    ]
  },
  {
    "value": "Chicago Bulls",
    "synonyms": [
      "Chicago Bulls"
    ]
  },
  {
    "value": "Chicago Sky",
    "synonyms": [
      "Chicago Sky"
    ]
  },
  {
    "value": "Connecticut Whale",
    "synonyms": [
      "Connecticut Whale"
    ]
  },
  {
    "value": "D.C. United",
    "synonyms": [
      "D.C. United"
    ]
  },
  {
    "value": "Dallas Marshals",
    "synonyms": [
      "Dallas Marshals"
    ]
  },
  {
    "value": "Buffalo Bandits",
    "synonyms": [
      "Buffalo Bandits"
    ]
  },
  {
    "value": "Charlotte Express",
    "synonyms": [
      "Charlotte Express"
    ]
  },
  {
    "value": "Charlotte Hornets",
    "synonyms": [
      "Charlotte Hornets"
    ]
  },
  {
    "value": "Cincinnati Bengals",
    "synonyms": [
      "Cincinnati Bengals"
    ]
  },
  {
    "value": "Cleveland Cavaliers",
    "synonyms": [
      "Cleveland Cavaliers"
    ]
  },
  {
    "value": "DC Current",
    "synonyms": [
      "DC Current"
    ]
  },
  {
    "value": "Dallas Wings",
    "synonyms": [
      "Dallas Wings"
    ]
  },
  {
    "value": "Barrie, Ontario",
    "synonyms": [
      "Barrie, Ontario"
    ]
  },
  {
    "value": "Buffalo Bills",
    "synonyms": [
      "Buffalo Bills"
    ]
  },
  {
    "value": "Carolina Mudcats",
    "synonyms": [
      "Carolina Mudcats"
    ]
  },
  {
    "value": "Cleveland Gladiators",
    "synonyms": [
      "Cleveland Gladiators"
    ]
  },
  {
    "value": "Colorado Eagles",
    "synonyms": [
      "Colorado Eagles"
    ]
  },
  {
    "value": "Colorado Springs Sky Sox",
    "synonyms": [
      "Colorado Springs Sky Sox"
    ]
  },
  {
    "value": "Boston Cannons",
    "synonyms": [
      "Boston Cannons"
    ]
  },
  {
    "value": "Brampton Thunder",
    "synonyms": [
      "Brampton Thunder"
    ]
  },
  {
    "value": "Bridgeport Bluefish",
    "synonyms": [
      "Bridgeport Bluefish"
    ]
  },
  {
    "value": "Calgary Stampeders",
    "synonyms": [
      "Calgary Stampeders"
    ]
  },
  {
    "value": "Cedar Rapids Titans",
    "synonyms": [
      "Cedar Rapids Titans"
    ]
  },
  {
    "value": "Chicago White Sox",
    "synonyms": [
      "Chicago White Sox"
    ]
  },
  {
    "value": "Clinton LumberKings",
    "synonyms": [
      "Clinton LumberKings"
    ]
  },
  {
    "value": "Columbus Crew SC",
    "synonyms": [
      "Columbus Crew SC"
    ]
  },
  {
    "value": "Corpus Christi Hooks",
    "synonyms": [
      "Corpus Christi Hooks"
    ]
  },
  {
    "value": "Danville Dashers",
    "synonyms": [
      "Danville Dashers"
    ]
  },
  {
    "value": "Boston Storm",
    "synonyms": [
      "Boston Storm"
    ]
  },
  {
    "value": "Bradenton Marauders",
    "synonyms": [
      "Bradenton Marauders"
    ]
  },
  {
    "value": "Chicago Bandits",
    "synonyms": [
      "Chicago Bandits"
    ]
  },
  {
    "value": "Chicago Blackhawks",
    "synonyms": [
      "Chicago Blackhawks"
    ]
  },
  {
    "value": "Clearwater Threshers",
    "synonyms": [
      "Clearwater Threshers"
    ]
  },
  {
    "value": "Cleveland Monsters",
    "synonyms": [
      "Cleveland Monsters"
    ]
  },
  {
    "value": "Columbia Fireflies",
    "synonyms": [
      "Columbia Fireflies"
    ]
  },
  {
    "value": "Charleston RiverDogs",
    "synonyms": [
      "Charleston RiverDogs"
    ]
  },
  {
    "value": "Charlotte Checkers",
    "synonyms": [
      "Charlotte Checkers"
    ]
  },
  {
    "value": "Brooklyn Nets",
    "synonyms": [
      "Brooklyn Nets"
    ]
  },
  {
    "value": "Calgary Inferno",
    "synonyms": [
      "Calgary Inferno"
    ]
  },
  {
    "value": "Chesapeake Bayhawks",
    "synonyms": [
      "Chesapeake Bayhawks"
    ]
  },
  {
    "value": "Dallas Cowboys",
    "synonyms": [
      "Dallas Cowboys"
    ]
  },
  {
    "value": "Baltimore Ravens",
    "synonyms": [
      "Baltimore Ravens"
    ]
  },
  {
    "value": "Bloomington Edge",
    "synonyms": [
      "Bloomington Edge"
    ]
  },
  {
    "value": "Boston Bruins",
    "synonyms": [
      "Boston Bruins"
    ]
  },
  {
    "value": "Cape Breton Highlanders",
    "synonyms": [
      "Cape Breton Highlanders"
    ]
  },
  {
    "value": "Cedar Rapids Kernels",
    "synonyms": [
      "Cedar Rapids Kernels"
    ]
  },
  {
    "value": "Central Florida Baseball",
    "synonyms": [
      "Central Florida Baseball"
    ]
  },
  {
    "value": "Charlotte Stone Crabs",
    "synonyms": [
      "Charlotte Stone Crabs"
    ]
  },
  {
    "value": "Cleveland Browns",
    "synonyms": [
      "Cleveland Browns"
    ]
  },
  {
    "value": "Colorado Crush",
    "synonyms": [
      "Colorado Crush"
    ]
  },
  {
    "value": "Columbus Blue Jackets",
    "synonyms": [
      "Columbus Blue Jackets"
    ]
  },
  {
    "value": "Dallas Stars",
    "synonyms": [
      "Dallas Stars"
    ]
  },
  {
    "value": "Bluefield Blue Jays",
    "synonyms": [
      "Bluefield Blue Jays"
    ]
  },
  {
    "value": "Boston Whitecaps",
    "synonyms": [
      "Boston Whitecaps"
    ]
  },
  {
    "value": "Canton Charge",
    "synonyms": [
      "Canton Charge"
    ]
  },
  {
    "value": "Chicago Wolves",
    "synonyms": [
      "Chicago Wolves"
    ]
  },
  {
    "value": "Cincinnati Cyclones",
    "synonyms": [
      "Cincinnati Cyclones"
    ]
  },
  {
    "value": "Bismarck",
    "synonyms": [
      "Bismarck"
    ]
  },
  {
    "value": "Bowling Green Hot Rods",
    "synonyms": [
      "Bowling Green Hot Rods"
    ]
  },
  {
    "value": "Brooklyn Cyclones",
    "synonyms": [
      "Brooklyn Cyclones"
    ]
  },
  {
    "value": "Buffalo Bisons",
    "synonyms": [
      "Buffalo Bisons"
    ]
  },
  {
    "value": "Buffalo Sabres",
    "synonyms": [
      "Buffalo Sabres"
    ]
  },
  {
    "value": "Canadian Lacrosse League",
    "synonyms": [
      "Canadian Lacrosse League"
    ]
  },
  {
    "value": "Carolina Hurricanes",
    "synonyms": [
      "Carolina Hurricanes"
    ]
  },
  {
    "value": "Charlotte Hounds",
    "synonyms": [
      "Charlotte Hounds"
    ]
  },
  {
    "value": "Colorado Rapids",
    "synonyms": [
      "Colorado Rapids"
    ]
  },
  {
    "value": "Colorado Springs Switchbacks FC",
    "synonyms": [
      "Colorado Springs Switchbacks FC"
    ]
  },
  {
    "value": "Division",
    "synonyms": [
      "Division"
    ]
  },
  {
    "value": "Erie BayHawks",
    "synonyms": [
      "Erie BayHawks"
    ]
  },
  {
    "value": "Golden State Warriors",
    "synonyms": [
      "Golden State Warriors"
    ]
  },
  {
    "value": "Hartford Wolf Pack",
    "synonyms": [
      "Hartford Wolf Pack"
    ]
  },
  {
    "value": "Hershey Bears",
    "synonyms": [
      "Hershey Bears"
    ]
  },
  {
    "value": "Huntsville Havoc",
    "synonyms": [
      "Huntsville Havoc"
    ]
  },
  {
    "value": "Jackson Generals",
    "synonyms": [
      "Jackson Generals"
    ]
  },
  {
    "value": "Kansas City Royals",
    "synonyms": [
      "Kansas City Royals"
    ]
  },
  {
    "value": "Lake County Captains",
    "synonyms": [
      "Lake County Captains"
    ]
  },
  {
    "value": "Laredo Lemurs",
    "synonyms": [
      "Laredo Lemurs"
    ]
  },
  {
    "value": "Los Angeles Clippers",
    "synonyms": [
      "Los Angeles Clippers"
    ]
  },
  {
    "value": "Los Angeles D-Fenders",
    "synonyms": [
      "Los Angeles D-Fenders"
    ]
  },
  {
    "value": "Los Angeles Lakers",
    "synonyms": [
      "Los Angeles Lakers"
    ]
  },
  {
    "value": "Louisville Bats",
    "synonyms": [
      "Louisville Bats"
    ]
  },
  {
    "value": "Memphis Grizzlies",
    "synonyms": [
      "Memphis Grizzlies"
    ]
  },
  {
    "value": "Miami FC",
    "synonyms": [
      "Miami FC"
    ]
  },
  {
    "value": "Miami Marlins",
    "synonyms": [
      "Miami Marlins"
    ]
  },
  {
    "value": "Nashville Predators",
    "synonyms": [
      "Nashville Predators"
    ]
  },
  {
    "value": "New England Black Wolves",
    "synonyms": [
      "New England Black Wolves"
    ]
  },
  {
    "value": "New England Revolution",
    "synonyms": [
      "New England Revolution"
    ]
  },
  {
    "value": "New York Red Bulls II",
    "synonyms": [
      "New York Red Bulls II"
    ]
  },
  {
    "value": "Paris, Ontario",
    "synonyms": [
      "Paris, Ontario"
    ]
  },
  {
    "value": "Philadelphia Phillies",
    "synonyms": [
      "Philadelphia Phillies"
    ]
  },
  {
    "value": "Sacramento Express",
    "synonyms": [
      "Sacramento Express"
    ]
  },
  {
    "value": "Sacramento Republic FC",
    "synonyms": [
      "Sacramento Republic FC"
    ]
  },
  {
    "value": "Saskatchewan Rush",
    "synonyms": [
      "Saskatchewan Rush"
    ]
  },
  {
    "value": "Seattle Reign FC",
    "synonyms": [
      "Seattle Reign FC"
    ]
  },
  {
    "value": "Springfield Cardinals",
    "synonyms": [
      "Springfield Cardinals"
    ]
  },
  {
    "value": "Syracuse Chiefs",
    "synonyms": [
      "Syracuse Chiefs"
    ]
  },
  {
    "value": "Toronto Marlies",
    "synonyms": [
      "Toronto Marlies"
    ]
  },
  {
    "value": "West Virginia Black Bears",
    "synonyms": [
      "West Virginia Black Bears"
    ]
  },
  {
    "value": "Wichita Force",
    "synonyms": [
      "Wichita Force"
    ]
  },
  {
    "value": "Wilkes-Barre/Scranton Penguins",
    "synonyms": [
      "Wilkes-Barre/Scranton Penguins"
    ]
  },
  {
    "value": "Winnipeg Blue Bombers",
    "synonyms": [
      "Winnipeg Blue Bombers"
    ]
  },
  {
    "value": "Winston-Salem Dash",
    "synonyms": [
      "Winston-Salem Dash"
    ]
  },
  {
    "value": "Wisconsin Timber Rattlers",
    "synonyms": [
      "Wisconsin Timber Rattlers"
    ]
  },
  {
    "value": "Denver Stampede",
    "synonyms": [
      "Denver Stampede"
    ]
  },
  {
    "value": "Duke City Gladiators",
    "synonyms": [
      "Duke City Gladiators"
    ]
  },
  {
    "value": "Dunedin Blue Jays",
    "synonyms": [
      "Dunedin Blue Jays"
    ]
  },
  {
    "value": "Evansville Otters",
    "synonyms": [
      "Evansville Otters"
    ]
  },
  {
    "value": "Federal Hockey League",
    "synonyms": [
      "Federal Hockey League"
    ]
  },
  {
    "value": "Florida Panthers",
    "synonyms": [
      "Florida Panthers"
    ]
  },
  {
    "value": "Grand Rapids Griffins",
    "synonyms": [
      "Grand Rapids Griffins"
    ]
  },
  {
    "value": "Green Bay Packers",
    "synonyms": [
      "Green Bay Packers"
    ]
  },
  {
    "value": "Harrisburg City Islanders",
    "synonyms": [
      "Harrisburg City Islanders"
    ]
  },
  {
    "value": "Iowa Energy",
    "synonyms": [
      "Iowa Energy"
    ]
  },
  {
    "value": "Jacksonville Jaguars",
    "synonyms": [
      "Jacksonville Jaguars"
    ]
  },
  {
    "value": "Jacksonville Suns",
    "synonyms": [
      "Jacksonville Suns"
    ]
  },
  {
    "value": "Knoxville Ice Bears",
    "synonyms": [
      "Knoxville Ice Bears"
    ]
  },
  {
    "value": "Long Island Sound",
    "synonyms": [
      "Long Island Sound"
    ]
  },
  {
    "value": "Louisville City FC",
    "synonyms": [
      "Louisville City FC"
    ]
  },
  {
    "value": "Miami Dolphins",
    "synonyms": [
      "Miami Dolphins"
    ]
  },
  {
    "value": "Mississippi Braves",
    "synonyms": [
      "Mississippi Braves"
    ]
  },
  {
    "value": "Montreal Alouettes",
    "synonyms": [
      "Montreal Alouettes"
    ]
  },
  {
    "value": "Myrtle Beach Pelicans",
    "synonyms": [
      "Myrtle Beach Pelicans"
    ]
  },
  {
    "value": "New York Red Bulls",
    "synonyms": [
      "New York Red Bulls"
    ]
  },
  {
    "value": "Oakland Athletics",
    "synonyms": [
      "Oakland Athletics"
    ]
  },
  {
    "value": "Ogden Raptors",
    "synonyms": [
      "Ogden Raptors"
    ]
  },
  {
    "value": "Oklahoma City Dodgers",
    "synonyms": [
      "Oklahoma City Dodgers"
    ]
  },
  {
    "value": "Oklahoma City Energy FC",
    "synonyms": [
      "Oklahoma City Energy FC"
    ]
  },
  {
    "value": "Ottawa Champions",
    "synonyms": [
      "Ottawa Champions"
    ]
  },
  {
    "value": "Ottawa Fury FC",
    "synonyms": [
      "Ottawa Fury FC"
    ]
  },
  {
    "value": "Philadelphia Spinners",
    "synonyms": [
      "Philadelphia Spinners"
    ]
  },
  {
    "value": "Phoenix Mercury",
    "synonyms": [
      "Phoenix Mercury"
    ]
  },
  {
    "value": "Pittsburgh Penguins",
    "synonyms": [
      "Pittsburgh Penguins"
    ]
  },
  {
    "value": "Portland Thorns FC",
    "synonyms": [
      "Portland Thorns FC"
    ]
  },
  {
    "value": "Princeton Rays",
    "synonyms": [
      "Princeton Rays"
    ]
  },
  {
    "value": "Reading Royals",
    "synonyms": [
      "Reading Royals"
    ]
  },
  {
    "value": "Rochester Knighthawks",
    "synonyms": [
      "Rochester Knighthawks"
    ]
  },
  {
    "value": "Rochester Rhinos",
    "synonyms": [
      "Rochester Rhinos"
    ]
  },
  {
    "value": "Salem Red Sox",
    "synonyms": [
      "Salem Red Sox"
    ]
  },
  {
    "value": "San Francisco FlameThrowers",
    "synonyms": [
      "San Francisco FlameThrowers"
    ]
  },
  {
    "value": "Seattle Sounders FC",
    "synonyms": [
      "Seattle Sounders FC"
    ]
  },
  {
    "value": "Texas AirHogs",
    "synonyms": [
      "Texas AirHogs"
    ]
  },
  {
    "value": "Toronto Blue Jays",
    "synonyms": [
      "Toronto Blue Jays"
    ]
  },
  {
    "value": "Toronto Rock",
    "synonyms": [
      "Toronto Rock"
    ]
  },
  {
    "value": "Toronto Wolfpack",
    "synonyms": [
      "Toronto Wolfpack"
    ]
  },
  {
    "value": "Tri-City Dust Devils",
    "synonyms": [
      "Tri-City Dust Devils"
    ]
  },
  {
    "value": "Vermont Lake Monsters",
    "synonyms": [
      "Vermont Lake Monsters"
    ]
  },
  {
    "value": "Washington Valor",
    "synonyms": [
      "Washington Valor"
    ]
  },
  {
    "value": "Windy City ThunderBolts",
    "synonyms": [
      "Windy City ThunderBolts"
    ]
  },
  {
    "value": "Denver Outlaws",
    "synonyms": [
      "Denver Outlaws"
    ]
  },
  {
    "value": "Elizabethton Twins",
    "synonyms": [
      "Elizabethton Twins"
    ]
  },
  {
    "value": "Erie SeaWolves",
    "synonyms": [
      "Erie SeaWolves"
    ]
  },
  {
    "value": "Hagersville, Ontario",
    "synonyms": [
      "Hagersville, Ontario"
    ]
  },
  {
    "value": "Indy Eleven",
    "synonyms": [
      "Indy Eleven"
    ]
  },
  {
    "value": "Jacksonville Cannons",
    "synonyms": [
      "Jacksonville Cannons"
    ]
  },
  {
    "value": "Lakeland Flying Tigers",
    "synonyms": [
      "Lakeland Flying Tigers"
    ]
  },
  {
    "value": "Long Island Ducks",
    "synonyms": [
      "Long Island Ducks"
    ]
  },
  {
    "value": "Macon Mayhem",
    "synonyms": [
      "Macon Mayhem"
    ]
  },
  {
    "value": "Midland RockHounds",
    "synonyms": [
      "Midland RockHounds"
    ]
  },
  {
    "value": "Minnesota Vikings",
    "synonyms": [
      "Minnesota Vikings"
    ]
  },
  {
    "value": "Mississippi RiverKings",
    "synonyms": [
      "Mississippi RiverKings"
    ]
  },
  {
    "value": "National Women\u0027s Hockey League",
    "synonyms": [
      "National Women\u0027s Hockey League"
    ]
  },
  {
    "value": "New York Giants",
    "synonyms": [
      "New York Giants"
    ]
  },
  {
    "value": "Norfolk Admirals",
    "synonyms": [
      "Norfolk Admirals"
    ]
  },
  {
    "value": "Northern Arizona Suns",
    "synonyms": [
      "Northern Arizona Suns"
    ]
  },
  {
    "value": "Orangeville A\u0027s",
    "synonyms": [
      "Orangeville A\u0027s"
    ]
  },
  {
    "value": "Orlando Magic",
    "synonyms": [
      "Orlando Magic"
    ]
  },
  {
    "value": "Palm Beach Cardinals",
    "synonyms": [
      "Palm Beach Cardinals"
    ]
  },
  {
    "value": "Philadelphia 76ers",
    "synonyms": [
      "Philadelphia 76ers"
    ]
  },
  {
    "value": "Philadelphia Soul",
    "synonyms": [
      "Philadelphia Soul"
    ]
  },
  {
    "value": "Pittsburg Diamonds",
    "synonyms": [
      "Pittsburg Diamonds"
    ]
  },
  {
    "value": "Saint Louis FC",
    "synonyms": [
      "Saint Louis FC"
    ]
  },
  {
    "value": "Salina Stockade",
    "synonyms": [
      "Salina Stockade"
    ]
  },
  {
    "value": "Schaumburg Boomers",
    "synonyms": [
      "Schaumburg Boomers"
    ]
  },
  {
    "value": "Seattle Storm",
    "synonyms": [
      "Seattle Storm"
    ]
  },
  {
    "value": "Sioux City Explorers",
    "synonyms": [
      "Sioux City Explorers"
    ]
  },
  {
    "value": "Springfield Thunderbirds",
    "synonyms": [
      "Springfield Thunderbirds"
    ]
  },
  {
    "value": "State College Spikes",
    "synonyms": [
      "State College Spikes"
    ]
  },
  {
    "value": "Staten Island Yankees",
    "synonyms": [
      "Staten Island Yankees"
    ]
  },
  {
    "value": "Stockton Ports",
    "synonyms": [
      "Stockton Ports"
    ]
  },
  {
    "value": "Texas Charge",
    "synonyms": [
      "Texas Charge"
    ]
  },
  {
    "value": "White Sands PupFish",
    "synonyms": [
      "White Sands PupFish"
    ]
  },
  {
    "value": "Winnipeg Jets",
    "synonyms": [
      "Winnipeg Jets"
    ]
  },
  {
    "value": "Detroit Mechanix",
    "synonyms": [
      "Detroit Mechanix"
    ]
  },
  {
    "value": "Great Falls Voyagers",
    "synonyms": [
      "Great Falls Voyagers"
    ]
  },
  {
    "value": "Hickory Crawdads",
    "synonyms": [
      "Hickory Crawdads"
    ]
  },
  {
    "value": "Houston Rockets",
    "synonyms": [
      "Houston Rockets"
    ]
  },
  {
    "value": "Indiana Fever",
    "synonyms": [
      "Indiana Fever"
    ]
  },
  {
    "value": "Iowa Wild",
    "synonyms": [
      "Iowa Wild"
    ]
  },
  {
    "value": "Island Storm",
    "synonyms": [
      "Island Storm"
    ]
  },
  {
    "value": "Las Vegas 51s",
    "synonyms": [
      "Las Vegas 51s"
    ]
  },
  {
    "value": "Los Angeles Rams",
    "synonyms": [
      "Los Angeles Rams"
    ]
  },
  {
    "value": "Mahoning Valley Scrappers",
    "synonyms": [
      "Mahoning Valley Scrappers"
    ]
  },
  {
    "value": "Manitoba Moose",
    "synonyms": [
      "Manitoba Moose"
    ]
  },
  {
    "value": "Nebraska Danger",
    "synonyms": [
      "Nebraska Danger"
    ]
  },
  {
    "value": "New Orleans Saints",
    "synonyms": [
      "New Orleans Saints"
    ]
  },
  {
    "value": "New York Empire",
    "synonyms": [
      "New York Empire"
    ]
  },
  {
    "value": "Ohio Machine",
    "synonyms": [
      "Ohio Machine"
    ]
  },
  {
    "value": "Pittsburgh Steelers",
    "synonyms": [
      "Pittsburgh Steelers"
    ]
  },
  {
    "value": "Port Huron Prowlers",
    "synonyms": [
      "Port Huron Prowlers"
    ]
  },
  {
    "value": "Quad Cities River Bandits",
    "synonyms": [
      "Quad Cities River Bandits"
    ]
  },
  {
    "value": "Reno Bighorns",
    "synonyms": [
      "Reno Bighorns"
    ]
  },
  {
    "value": "Saint John Mill Rats",
    "synonyms": [
      "Saint John Mill Rats"
    ]
  },
  {
    "value": "San Diego Chargers",
    "synonyms": [
      "San Diego Chargers"
    ]
  },
  {
    "value": "San Francisco Giants",
    "synonyms": [
      "San Francisco Giants"
    ]
  },
  {
    "value": "San Rafael Pacifics",
    "synonyms": [
      "San Rafael Pacifics"
    ]
  },
  {
    "value": "Sonoma Stompers",
    "synonyms": [
      "Sonoma Stompers"
    ]
  },
  {
    "value": "South Carolina Stingrays",
    "synonyms": [
      "South Carolina Stingrays"
    ]
  },
  {
    "value": "St. Lucie Mets",
    "synonyms": [
      "St. Lucie Mets"
    ]
  },
  {
    "value": "Tampa Bay Lightning",
    "synonyms": [
      "Tampa Bay Lightning"
    ]
  },
  {
    "value": "Toronto Maple Leafs",
    "synonyms": [
      "Toronto Maple Leafs"
    ]
  },
  {
    "value": "Toronto Rush",
    "synonyms": [
      "Toronto Rush"
    ]
  },
  {
    "value": "Traverse City Beach Bums",
    "synonyms": [
      "Traverse City Beach Bums"
    ]
  },
  {
    "value": "Tucson Saguaros",
    "synonyms": [
      "Tucson Saguaros"
    ]
  },
  {
    "value": "Tulsa Roughnecks FC",
    "synonyms": [
      "Tulsa Roughnecks FC"
    ]
  },
  {
    "value": "Wheeling Nailers",
    "synonyms": [
      "Wheeling Nailers"
    ]
  },
  {
    "value": "Wilmington Blue Rocks",
    "synonyms": [
      "Wilmington Blue Rocks"
    ]
  },
  {
    "value": "York Revolution",
    "synonyms": [
      "York Revolution"
    ]
  },
  {
    "value": "Delaware 87ers",
    "synonyms": [
      "Delaware 87ers"
    ]
  },
  {
    "value": "Detroit Tigers",
    "synonyms": [
      "Detroit Tigers"
    ]
  },
  {
    "value": "Durham Bulls",
    "synonyms": [
      "Durham Bulls"
    ]
  },
  {
    "value": "FC Kansas City",
    "synonyms": [
      "FC Kansas City"
    ]
  },
  {
    "value": "Florence Freedom",
    "synonyms": [
      "Florence Freedom"
    ]
  },
  {
    "value": "Frederick Keys",
    "synonyms": [
      "Frederick Keys"
    ]
  },
  {
    "value": "Hartford Yard Goats",
    "synonyms": [
      "Hartford Yard Goats"
    ]
  },
  {
    "value": "KW Titans",
    "synonyms": [
      "KW Titans"
    ]
  },
  {
    "value": "Madison Radicals",
    "synonyms": [
      "Madison Radicals"
    ]
  },
  {
    "value": "Minnesota Wind Chill",
    "synonyms": [
      "Minnesota Wind Chill"
    ]
  },
  {
    "value": "Missouri Mavericks",
    "synonyms": [
      "Missouri Mavericks"
    ]
  },
  {
    "value": "Oakland Raiders",
    "synonyms": [
      "Oakland Raiders"
    ]
  },
  {
    "value": "Omaha Storm Chasers",
    "synonyms": [
      "Omaha Storm Chasers"
    ]
  },
  {
    "value": "Peoria Chiefs",
    "synonyms": [
      "Peoria Chiefs"
    ]
  },
  {
    "value": "Pittsburgh Thunderbirds",
    "synonyms": [
      "Pittsburgh Thunderbirds"
    ]
  },
  {
    "value": "Portland Stags",
    "synonyms": [
      "Portland Stags"
    ]
  },
  {
    "value": "Rancho Cucamonga Quakes",
    "synonyms": [
      "Rancho Cucamonga Quakes"
    ]
  },
  {
    "value": "Rayo OKC",
    "synonyms": [
      "Rayo OKC"
    ]
  },
  {
    "value": "Real Monarchs SLC",
    "synonyms": [
      "Real Monarchs SLC"
    ]
  },
  {
    "value": "River City Rascals",
    "synonyms": [
      "River City Rascals"
    ]
  },
  {
    "value": "San Diego Growlers",
    "synonyms": [
      "San Diego Growlers"
    ]
  },
  {
    "value": "San Jose Sharks",
    "synonyms": [
      "San Jose Sharks"
    ]
  },
  {
    "value": "Somerset Patriots",
    "synonyms": [
      "Somerset Patriots"
    ]
  },
  {
    "value": "Utah Jazz",
    "synonyms": [
      "Utah Jazz"
    ]
  },
  {
    "value": "Vancouver Canadians",
    "synonyms": [
      "Vancouver Canadians"
    ]
  },
  {
    "value": "Washington Wild Things",
    "synonyms": [
      "Washington Wild Things"
    ]
  },
  {
    "value": "West Virginia Power",
    "synonyms": [
      "West Virginia Power"
    ]
  },
  {
    "value": "Detroit Red Wings",
    "synonyms": [
      "Detroit Red Wings"
    ]
  },
  {
    "value": "Grand Junction Rockies",
    "synonyms": [
      "Grand Junction Rockies"
    ]
  },
  {
    "value": "Harrisburg Senators",
    "synonyms": [
      "Harrisburg Senators"
    ]
  },
  {
    "value": "Houston Dash",
    "synonyms": [
      "Houston Dash"
    ]
  },
  {
    "value": "Hudson Valley Renegades",
    "synonyms": [
      "Hudson Valley Renegades"
    ]
  },
  {
    "value": "Indy Fuel",
    "synonyms": [
      "Indy Fuel"
    ]
  },
  {
    "value": "Jupiter Hammerheads",
    "synonyms": [
      "Jupiter Hammerheads"
    ]
  },
  {
    "value": "Kane County Cougars",
    "synonyms": [
      "Kane County Cougars"
    ]
  },
  {
    "value": "Lake Erie Crushers",
    "synonyms": [
      "Lake Erie Crushers"
    ]
  },
  {
    "value": "Lakewood BlueClaws",
    "synonyms": [
      "Lakewood BlueClaws"
    ]
  },
  {
    "value": "Lancaster Barnstormers",
    "synonyms": [
      "Lancaster Barnstormers"
    ]
  },
  {
    "value": "Lexington Legends",
    "synonyms": [
      "Lexington Legends"
    ]
  },
  {
    "value": "Long Island Nets",
    "synonyms": [
      "Long Island Nets"
    ]
  },
  {
    "value": "Manchester Monarchs",
    "synonyms": [
      "Manchester Monarchs"
    ]
  },
  {
    "value": "Minnesota Twins",
    "synonyms": [
      "Minnesota Twins"
    ]
  },
  {
    "value": "New York Cosmos",
    "synonyms": [
      "New York Cosmos"
    ]
  },
  {
    "value": "Norfolk Tides",
    "synonyms": [
      "Norfolk Tides"
    ]
  },
  {
    "value": "Ohio Aviators",
    "synonyms": [
      "Ohio Aviators"
    ]
  },
  {
    "value": "Orlando Solar Bears",
    "synonyms": [
      "Orlando Solar Bears"
    ]
  },
  {
    "value": "Oshawa, Ontario",
    "synonyms": [
      "Oshawa, Ontario"
    ]
  },
  {
    "value": "Philadelphia Eagles",
    "synonyms": [
      "Philadelphia Eagles"
    ]
  },
  {
    "value": "Pittsburgh Riverhounds",
    "synonyms": [
      "Pittsburgh Riverhounds"
    ]
  },
  {
    "value": "Portland Timbers",
    "synonyms": [
      "Portland Timbers"
    ]
  },
  {
    "value": "Portland Timbers 2",
    "synonyms": [
      "Portland Timbers 2"
    ]
  },
  {
    "value": "Potomac Nationals",
    "synonyms": [
      "Potomac Nationals"
    ]
  },
  {
    "value": "Reno Aces",
    "synonyms": [
      "Reno Aces"
    ]
  },
  {
    "value": "Richmond Kickers",
    "synonyms": [
      "Richmond Kickers"
    ]
  },
  {
    "value": "Rochester Red Wings",
    "synonyms": [
      "Rochester Red Wings"
    ]
  },
  {
    "value": "San Francisco Dogfish",
    "synonyms": [
      "San Francisco Dogfish"
    ]
  },
  {
    "value": "San Jose Giants",
    "synonyms": [
      "San Jose Giants"
    ]
  },
  {
    "value": "Saskatchewan Roughriders",
    "synonyms": [
      "Saskatchewan Roughriders"
    ]
  },
  {
    "value": "Scrap Yard Dawgs",
    "synonyms": [
      "Scrap Yard Dawgs"
    ]
  },
  {
    "value": "Southern Maryland Blue Crabs",
    "synonyms": [
      "Southern Maryland Blue Crabs"
    ]
  },
  {
    "value": "St. Paul Saints",
    "synonyms": [
      "St. Paul Saints"
    ]
  },
  {
    "value": "Texas Legends",
    "synonyms": [
      "Texas Legends"
    ]
  },
  {
    "value": "Toledo Walleye",
    "synonyms": [
      "Toledo Walleye"
    ]
  },
  {
    "value": "Topeka Train Robbers",
    "synonyms": [
      "Topeka Train Robbers"
    ]
  },
  {
    "value": "Toronto FC",
    "synonyms": [
      "Toronto FC"
    ]
  },
  {
    "value": "USSSA Florida Pride",
    "synonyms": [
      "USSSA Florida Pride"
    ]
  },
  {
    "value": "Utah Grizzlies",
    "synonyms": [
      "Utah Grizzlies"
    ]
  },
  {
    "value": "Visalia Rawhide",
    "synonyms": [
      "Visalia Rawhide"
    ]
  },
  {
    "value": "FC Edmonton",
    "synonyms": [
      "FC Edmonton"
    ]
  },
  {
    "value": "Florida Launch",
    "synonyms": [
      "Florida Launch"
    ]
  },
  {
    "value": "Great Lakes Loons",
    "synonyms": [
      "Great Lakes Loons"
    ]
  },
  {
    "value": "Houston Texans",
    "synonyms": [
      "Houston Texans"
    ]
  },
  {
    "value": "Idaho Steelheads",
    "synonyms": [
      "Idaho Steelheads"
    ]
  },
  {
    "value": "Lake Elsinore Storm",
    "synonyms": [
      "Lake Elsinore Storm"
    ]
  },
  {
    "value": "Lincoln Saltdogs",
    "synonyms": [
      "Lincoln Saltdogs"
    ]
  },
  {
    "value": "Milwaukee Bucks",
    "synonyms": [
      "Milwaukee Bucks"
    ]
  },
  {
    "value": "Montreal Canadiens",
    "synonyms": [
      "Montreal Canadiens"
    ]
  },
  {
    "value": "New Britain Bees",
    "synonyms": [
      "New Britain Bees"
    ]
  },
  {
    "value": "New Hampshire Fisher Cats",
    "synonyms": [
      "New Hampshire Fisher Cats"
    ]
  },
  {
    "value": "New York Rangers",
    "synonyms": [
      "New York Rangers"
    ]
  },
  {
    "value": "New York Yankees",
    "synonyms": [
      "New York Yankees"
    ]
  },
  {
    "value": "Orlando City B",
    "synonyms": [
      "Orlando City B"
    ]
  },
  {
    "value": "Pennsylvania Rebellion",
    "synonyms": [
      "Pennsylvania Rebellion"
    ]
  },
  {
    "value": "Pittsburgh Pirates",
    "synonyms": [
      "Pittsburgh Pirates"
    ]
  },
  {
    "value": "Portland Trail Blazers",
    "synonyms": [
      "Portland Trail Blazers"
    ]
  },
  {
    "value": "Real Salt Lake",
    "synonyms": [
      "Real Salt Lake"
    ]
  },
  {
    "value": "Sioux Falls Canaries",
    "synonyms": [
      "Sioux Falls Canaries"
    ]
  },
  {
    "value": "Sioux Falls Skyforce",
    "synonyms": [
      "Sioux Falls Skyforce"
    ]
  },
  {
    "value": "Spokane Indians",
    "synonyms": [
      "Spokane Indians"
    ]
  },
  {
    "value": "St. Louis Blues",
    "synonyms": [
      "St. Louis Blues"
    ]
  },
  {
    "value": "Tampa Bay Rowdies",
    "synonyms": [
      "Tampa Bay Rowdies"
    ]
  },
  {
    "value": "Toledo Mud Hens",
    "synonyms": [
      "Toledo Mud Hens"
    ]
  },
  {
    "value": "Toronto Raptors",
    "synonyms": [
      "Toronto Raptors"
    ]
  },
  {
    "value": "Vancouver Whitecaps FC 2",
    "synonyms": [
      "Vancouver Whitecaps FC 2"
    ]
  },
  {
    "value": "Washington Mystics",
    "synonyms": [
      "Washington Mystics"
    ]
  },
  {
    "value": "Washington Redskins",
    "synonyms": [
      "Washington Redskins"
    ]
  },
  {
    "value": "Western New York Flash",
    "synonyms": [
      "Western New York Flash"
    ]
  },
  {
    "value": "Wichita Falls Nighthawks",
    "synonyms": [
      "Wichita Falls Nighthawks"
    ]
  },
  {
    "value": "Wilmington Hammerheads",
    "synonyms": [
      "Wilmington Hammerheads"
    ]
  },
  {
    "value": "Edmonton Oilers",
    "synonyms": [
      "Edmonton Oilers"
    ]
  },
  {
    "value": "FC Dallas",
    "synonyms": [
      "FC Dallas"
    ]
  },
  {
    "value": "Fargo-Moorhead RedHawks",
    "synonyms": [
      "Fargo-Moorhead RedHawks"
    ]
  },
  {
    "value": "Green Bay Blizzard",
    "synonyms": [
      "Green Bay Blizzard"
    ]
  },
  {
    "value": "Greeneville Astros",
    "synonyms": [
      "Greeneville Astros"
    ]
  },
  {
    "value": "Helena Brewers",
    "synonyms": [
      "Helena Brewers"
    ]
  },
  {
    "value": "Idaho Falls Chukars",
    "synonyms": [
      "Idaho Falls Chukars"
    ]
  },
  {
    "value": "Lansing Lugnuts",
    "synonyms": [
      "Lansing Lugnuts"
    ]
  },
  {
    "value": "Los Angeles Kings",
    "synonyms": [
      "Los Angeles Kings"
    ]
  },
  {
    "value": "Los Angeles Sparks",
    "synonyms": [
      "Los Angeles Sparks"
    ]
  },
  {
    "value": "Maine Red Claws",
    "synonyms": [
      "Maine Red Claws"
    ]
  },
  {
    "value": "Minnesota United FC",
    "synonyms": [
      "Minnesota United FC"
    ]
  },
  {
    "value": "Missoula Osprey",
    "synonyms": [
      "Missoula Osprey"
    ]
  },
  {
    "value": "Modesto Nuts",
    "synonyms": [
      "Modesto Nuts"
    ]
  },
  {
    "value": "Montgomery Biscuits",
    "synonyms": [
      "Montgomery Biscuits"
    ]
  },
  {
    "value": "Montreal Royal",
    "synonyms": [
      "Montreal Royal"
    ]
  },
  {
    "value": "New Jersey Devils",
    "synonyms": [
      "New Jersey Devils"
    ]
  },
  {
    "value": "New Orleans Zephyrs",
    "synonyms": [
      "New Orleans Zephyrs"
    ]
  },
  {
    "value": "New York Jets",
    "synonyms": [
      "New York Jets"
    ]
  },
  {
    "value": "Pensacola Ice Flyers",
    "synonyms": [
      "Pensacola Ice Flyers"
    ]
  },
  {
    "value": "Rapid City Rush",
    "synonyms": [
      "Rapid City Rush"
    ]
  },
  {
    "value": "Rockland Boulders",
    "synonyms": [
      "Rockland Boulders"
    ]
  },
  {
    "value": "Salina Liberty",
    "synonyms": [
      "Salina Liberty"
    ]
  },
  {
    "value": "San Francisco Rush",
    "synonyms": [
      "San Francisco Rush"
    ]
  },
  {
    "value": "Seattle Seahawks",
    "synonyms": [
      "Seattle Seahawks"
    ]
  },
  {
    "value": "Wichita Wingnuts",
    "synonyms": [
      "Wichita Wingnuts"
    ]
  },
  {
    "value": "El Paso Chihuahuas",
    "synonyms": [
      "El Paso Chihuahuas"
    ]
  },
  {
    "value": "Florida Everblades",
    "synonyms": [
      "Florida Everblades"
    ]
  },
  {
    "value": "Hamilton Tiger-Cats",
    "synonyms": [
      "Hamilton Tiger-Cats"
    ]
  },
  {
    "value": "Indianapolis Colts",
    "synonyms": [
      "Indianapolis Colts"
    ]
  },
  {
    "value": "Kansas City T-Bones",
    "synonyms": [
      "Kansas City T-Bones"
    ]
  },
  {
    "value": "Los Angeles Aviators",
    "synonyms": [
      "Los Angeles Aviators"
    ]
  },
  {
    "value": "Miami Heat",
    "synonyms": [
      "Miami Heat"
    ]
  },
  {
    "value": "Minnesota Timberwolves",
    "synonyms": [
      "Minnesota Timberwolves"
    ]
  },
  {
    "value": "New England Patriots",
    "synonyms": [
      "New England Patriots"
    ]
  },
  {
    "value": "New York Lizards",
    "synonyms": [
      "New York Lizards"
    ]
  },
  {
    "value": "New York Mets",
    "synonyms": [
      "New York Mets"
    ]
  },
  {
    "value": "Oklahoma City Blue",
    "synonyms": [
      "Oklahoma City Blue"
    ]
  },
  {
    "value": "Ontario Reign",
    "synonyms": [
      "Ontario Reign"
    ]
  },
  {
    "value": "Ottawa Outlaws",
    "synonyms": [
      "Ottawa Outlaws"
    ]
  },
  {
    "value": "Puerto Rico FC",
    "synonyms": [
      "Puerto Rico FC"
    ]
  },
  {
    "value": "Rio Grande Valley FC Toros",
    "synonyms": [
      "Rio Grande Valley FC Toros"
    ]
  },
  {
    "value": "Rochester Rattlers",
    "synonyms": [
      "Rochester Rattlers"
    ]
  },
  {
    "value": "Roswell Invaders",
    "synonyms": [
      "Roswell Invaders"
    ]
  },
  {
    "value": "Sacramento Kings",
    "synonyms": [
      "Sacramento Kings"
    ]
  },
  {
    "value": "San Antonio Rampage",
    "synonyms": [
      "San Antonio Rampage"
    ]
  },
  {
    "value": "San Antonio Stars",
    "synonyms": [
      "San Antonio Stars"
    ]
  },
  {
    "value": "San Jose Earthquakes",
    "synonyms": [
      "San Jose Earthquakes"
    ]
  },
  {
    "value": "Scranton/Wilkes-Barre RailRiders",
    "synonyms": [
      "Scranton/Wilkes-Barre RailRiders"
    ]
  },
  {
    "value": "Tennessee Smokies",
    "synonyms": [
      "Tennessee Smokies"
    ]
  },
  {
    "value": "Texas Revolution",
    "synonyms": [
      "Texas Revolution"
    ]
  },
  {
    "value": "Texas Stars",
    "synonyms": [
      "Texas Stars"
    ]
  },
  {
    "value": "Toronto Argonauts",
    "synonyms": [
      "Toronto Argonauts"
    ]
  },
  {
    "value": "Watertown Wolves",
    "synonyms": [
      "Watertown Wolves"
    ]
  },
  {
    "value": "West Michigan Ironmen",
    "synonyms": [
      "West Michigan Ironmen"
    ]
  },
  {
    "value": "Westchester Knicks",
    "synonyms": [
      "Westchester Knicks"
    ]
  },
  {
    "value": "Winnipeg Goldeyes",
    "synonyms": [
      "Winnipeg Goldeyes"
    ]
  },
  {
    "value": "Delmarva Shorebirds",
    "synonyms": [
      "Delmarva Shorebirds"
    ]
  },
  {
    "value": "Fort Lauderdale Strikers",
    "synonyms": [
      "Fort Lauderdale Strikers"
    ]
  },
  {
    "value": "Eugene Emeralds",
    "synonyms": [
      "Eugene Emeralds"
    ]
  },
  {
    "value": "Frisco RoughRiders",
    "synonyms": [
      "Frisco RoughRiders"
    ]
  },
  {
    "value": "Georgia Swarm",
    "synonyms": [
      "Georgia Swarm"
    ]
  },
  {
    "value": "Greenville Swamp Rabbits",
    "synonyms": [
      "Greenville Swamp Rabbits"
    ]
  },
  {
    "value": "Halifax Hurricanes",
    "synonyms": [
      "Halifax Hurricanes"
    ]
  },
  {
    "value": "Iowa Cubs",
    "synonyms": [
      "Iowa Cubs"
    ]
  },
  {
    "value": "Major League Lacrosse",
    "synonyms": [
      "Major League Lacrosse"
    ]
  },
  {
    "value": "Memphis Redbirds",
    "synonyms": [
      "Memphis Redbirds"
    ]
  },
  {
    "value": "Nashville NightWatch",
    "synonyms": [
      "Nashville NightWatch"
    ]
  },
  {
    "value": "New York Liberty",
    "synonyms": [
      "New York Liberty"
    ]
  },
  {
    "value": "Philadelphia Flyers",
    "synonyms": [
      "Philadelphia Flyers"
    ]
  },
  {
    "value": "Philadelphia Union",
    "synonyms": [
      "Philadelphia Union"
    ]
  },
  {
    "value": "Québec Capitales",
    "synonyms": [
      "Québec Capitales"
    ]
  },
  {
    "value": "Reading Fightin Phils",
    "synonyms": [
      "Reading Fightin Phils"
    ]
  },
  {
    "value": "San Francisco 49ers",
    "synonyms": [
      "San Francisco 49ers"
    ]
  },
  {
    "value": "Seattle Mariners",
    "synonyms": [
      "Seattle Mariners"
    ]
  },
  {
    "value": "Seattle Sounders FC 2",
    "synonyms": [
      "Seattle Sounders FC 2"
    ]
  },
  {
    "value": "Spokane Empire",
    "synonyms": [
      "Spokane Empire"
    ]
  },
  {
    "value": "Sporting Kansas City",
    "synonyms": [
      "Sporting Kansas City"
    ]
  },
  {
    "value": "St. John\u0027s IceCaps",
    "synonyms": [
      "St. John\u0027s IceCaps"
    ]
  },
  {
    "value": "Texas Rangers",
    "synonyms": [
      "Texas Rangers"
    ]
  },
  {
    "value": "Tulsa Oilers",
    "synonyms": [
      "Tulsa Oilers"
    ]
  },
  {
    "value": "Utica Comets",
    "synonyms": [
      "Utica Comets"
    ]
  },
  {
    "value": "Washington Spirit",
    "synonyms": [
      "Washington Spirit"
    ]
  },
  {
    "value": "Washington Wizards",
    "synonyms": [
      "Washington Wizards"
    ]
  },
  {
    "value": "Denver Nuggets",
    "synonyms": [
      "Denver Nuggets"
    ]
  },
  {
    "value": "Elmira Jackals",
    "synonyms": [
      "Elmira Jackals"
    ]
  },
  {
    "value": "Garden City Wind",
    "synonyms": [
      "Garden City Wind"
    ]
  },
  {
    "value": "Gwinnett Braves",
    "synonyms": [
      "Gwinnett Braves"
    ]
  },
  {
    "value": "Houston Astros",
    "synonyms": [
      "Houston Astros"
    ]
  },
  {
    "value": "Indiana Pacers",
    "synonyms": [
      "Indiana Pacers"
    ]
  },
  {
    "value": "Indianapolis AlleyCats",
    "synonyms": [
      "Indianapolis AlleyCats"
    ]
  },
  {
    "value": "LA Galaxy",
    "synonyms": [
      "LA Galaxy"
    ]
  },
  {
    "value": "LA Galaxy II",
    "synonyms": [
      "LA Galaxy II"
    ]
  },
  {
    "value": "Lowell Spinners",
    "synonyms": [
      "Lowell Spinners"
    ]
  },
  {
    "value": "Lynchburg Hillcats",
    "synonyms": [
      "Lynchburg Hillcats"
    ]
  },
  {
    "value": "Minnesota Wild",
    "synonyms": [
      "Minnesota Wild"
    ]
  },
  {
    "value": "Montreal Impact",
    "synonyms": [
      "Montreal Impact"
    ]
  },
  {
    "value": "Orlando Pride",
    "synonyms": [
      "Orlando Pride"
    ]
  },
  {
    "value": "Portland Sea Dogs",
    "synonyms": [
      "Portland Sea Dogs"
    ]
  },
  {
    "value": "Richmond Flying Squirrels",
    "synonyms": [
      "Richmond Flying Squirrels"
    ]
  },
  {
    "value": "Rochester Americans",
    "synonyms": [
      "Rochester Americans"
    ]
  },
  {
    "value": "Round Rock Express",
    "synonyms": [
      "Round Rock Express"
    ]
  },
  {
    "value": "Salem-Keizer Volcanoes",
    "synonyms": [
      "Salem-Keizer Volcanoes"
    ]
  },
  {
    "value": "San Diego Gulls",
    "synonyms": [
      "San Diego Gulls"
    ]
  },
  {
    "value": "San Jose Barracuda",
    "synonyms": [
      "San Jose Barracuda"
    ]
  },
  {
    "value": "Santa Cruz Warriors",
    "synonyms": [
      "Santa Cruz Warriors"
    ]
  },
  {
    "value": "Sioux City Bandits",
    "synonyms": [
      "Sioux City Bandits"
    ]
  },
  {
    "value": "Tampa Bay Rays",
    "synonyms": [
      "Tampa Bay Rays"
    ]
  },
  {
    "value": "Tennessee Titans",
    "synonyms": [
      "Tennessee Titans"
    ]
  },
  {
    "value": "Iowa Barnstormers",
    "synonyms": [
      "Iowa Barnstormers"
    ]
  },
  {
    "value": "Johnson City Cardinals",
    "synonyms": [
      "Johnson City Cardinals"
    ]
  },
  {
    "value": "Joplin Blasters",
    "synonyms": [
      "Joplin Blasters"
    ]
  },
  {
    "value": "Lacrosse",
    "synonyms": [
      "Lacrosse"
    ]
  },
  {
    "value": "Les Canadiennes",
    "synonyms": [
      "Les Canadiennes"
    ]
  },
  {
    "value": "London Lightning",
    "synonyms": [
      "London Lightning"
    ]
  },
  {
    "value": "Los Angeles Dodgers",
    "synonyms": [
      "Los Angeles Dodgers"
    ]
  },
  {
    "value": "New York Knicks",
    "synonyms": [
      "New York Knicks"
    ]
  },
  {
    "value": "Orem Owlz",
    "synonyms": [
      "Orem Owlz"
    ]
  },
  {
    "value": "Pawtucket Red Sox",
    "synonyms": [
      "Pawtucket Red Sox"
    ]
  },
  {
    "value": "Philadelphia Phoenix",
    "synonyms": [
      "Philadelphia Phoenix"
    ]
  },
  {
    "value": "Phoenix Suns",
    "synonyms": [
      "Phoenix Suns"
    ]
  },
  {
    "value": "Seattle Cascades",
    "synonyms": [
      "Seattle Cascades"
    ]
  },
  {
    "value": "Tampa Yankees",
    "synonyms": [
      "Tampa Yankees"
    ]
  },
  {
    "value": "Toronto FC II",
    "synonyms": [
      "Toronto FC II"
    ]
  },
  {
    "value": "Vancouver Whitecaps FC",
    "synonyms": [
      "Vancouver Whitecaps FC"
    ]
  },
  {
    "value": "Washington Capitals",
    "synonyms": [
      "Washington Capitals"
    ]
  },
  {
    "value": "West Michigan Whitecaps",
    "synonyms": [
      "West Michigan Whitecaps"
    ]
  },
  {
    "value": "Wichita Thunder",
    "synonyms": [
      "Wichita Thunder"
    ]
  },
  {
    "value": "Windsor Express",
    "synonyms": [
      "Windsor Express"
    ]
  },
  {
    "value": "Dodge City Law",
    "synonyms": [
      "Dodge City Law"
    ]
  },
  {
    "value": "Fort Myers Miracle",
    "synonyms": [
      "Fort Myers Miracle"
    ]
  },
  {
    "value": "Fort Wayne Komets",
    "synonyms": [
      "Fort Wayne Komets"
    ]
  },
  {
    "value": "Fresno Grizzlies",
    "synonyms": [
      "Fresno Grizzlies"
    ]
  },
  {
    "value": "Greenville Drive",
    "synonyms": [
      "Greenville Drive"
    ]
  },
  {
    "value": "Hagerstown Suns",
    "synonyms": [
      "Hagerstown Suns"
    ]
  },
  {
    "value": "Indianapolis Indians",
    "synonyms": [
      "Indianapolis Indians"
    ]
  },
  {
    "value": "Kansas City Chiefs",
    "synonyms": [
      "Kansas City Chiefs"
    ]
  },
  {
    "value": "Mobile BayBears",
    "synonyms": [
      "Mobile BayBears"
    ]
  },
  {
    "value": "Nashville Sounds",
    "synonyms": [
      "Nashville Sounds"
    ]
  },
  {
    "value": "New Orleans Pelicans",
    "synonyms": [
      "New Orleans Pelicans"
    ]
  },
  {
    "value": "New York City FC",
    "synonyms": [
      "New York City FC"
    ]
  },
  {
    "value": "New York Rumble",
    "synonyms": [
      "New York Rumble"
    ]
  },
  {
    "value": "Oklahoma City Thunder",
    "synonyms": [
      "Oklahoma City Thunder"
    ]
  },
  {
    "value": "Omaha Beef",
    "synonyms": [
      "Omaha Beef"
    ]
  },
  {
    "value": "Pensacola Blue Wahoos",
    "synonyms": [
      "Pensacola Blue Wahoos"
    ]
  },
  {
    "value": "Raleigh Flyers",
    "synonyms": [
      "Raleigh Flyers"
    ]
  },
  {
    "value": "River City Raiders",
    "synonyms": [
      "River City Raiders"
    ]
  },
  {
    "value": "Santa Fe Fuego",
    "synonyms": [
      "Santa Fe Fuego"
    ]
  },
  {
    "value": "Southern Illinois Miners",
    "synonyms": [
      "Southern Illinois Miners"
    ]
  },
  {
    "value": "St. Catherines, Ontario",
    "synonyms": [
      "St. Catherines, Ontario"
    ]
  },
  {
    "value": "Syracuse Crunch",
    "synonyms": [
      "Syracuse Crunch"
    ]
  },
  {
    "value": "Tacoma Rainiers",
    "synonyms": [
      "Tacoma Rainiers"
    ]
  },
  {
    "value": "Tampa Bay Buccaneers",
    "synonyms": [
      "Tampa Bay Buccaneers"
    ]
  },
  {
    "value": "Tampa Bay Storm",
    "synonyms": [
      "Tampa Bay Storm"
    ]
  },
  {
    "value": "Vancouver Canucks",
    "synonyms": [
      "Vancouver Canucks"
    ]
  },
  {
    "value": "Vancouver Riptide",
    "synonyms": [
      "Vancouver Riptide"
    ]
  },
  {
    "value": "Detroit Pistons",
    "synonyms": [
      "Detroit Pistons"
    ]
  },
  {
    "value": "Edmonton Eskimos",
    "synonyms": [
      "Edmonton Eskimos"
    ]
  },
  {
    "value": "Everett AquaSox",
    "synonyms": [
      "Everett AquaSox"
    ]
  },
  {
    "value": "Fort Wayne Mad Ants",
    "synonyms": [
      "Fort Wayne Mad Ants"
    ]
  },
  {
    "value": "Great Bend Boom",
    "synonyms": [
      "Great Bend Boom"
    ]
  },
  {
    "value": "Greensboro Grasshoppers",
    "synonyms": [
      "Greensboro Grasshoppers"
    ]
  },
  {
    "value": "Hillsboro Hops",
    "synonyms": [
      "Hillsboro Hops"
    ]
  },
  {
    "value": "Kannapolis Intimidators",
    "synonyms": [
      "Kannapolis Intimidators"
    ]
  },
  {
    "value": "Kansas City Phantoms",
    "synonyms": [
      "Kansas City Phantoms"
    ]
  },
  {
    "value": "Kingsport Mets",
    "synonyms": [
      "Kingsport Mets"
    ]
  },
  {
    "value": "Moncton Miracles",
    "synonyms": [
      "Moncton Miracles"
    ]
  },
  {
    "value": "New York Islanders",
    "synonyms": [
      "New York Islanders"
    ]
  },
  {
    "value": "New York Riveters",
    "synonyms": [
      "New York Riveters"
    ]
  },
  {
    "value": "Niagara River Lions",
    "synonyms": [
      "Niagara River Lions"
    ]
  },
  {
    "value": "Philly Force",
    "synonyms": [
      "Philly Force"
    ]
  },
  {
    "value": "Pulaski Yankees",
    "synonyms": [
      "Pulaski Yankees"
    ]
  },
  {
    "value": "Raptors 905",
    "synonyms": [
      "Raptors 905"
    ]
  },
  {
    "value": "Rome Braves",
    "synonyms": [
      "Rome Braves"
    ]
  },
  {
    "value": "Salt Lake Bees",
    "synonyms": [
      "Salt Lake Bees"
    ]
  },
  {
    "value": "Salt Lake City Stars",
    "synonyms": [
      "Salt Lake City Stars"
    ]
  },
  {
    "value": "San Antonio Missions",
    "synonyms": [
      "San Antonio Missions"
    ]
  },
  {
    "value": "San Diego Padres",
    "synonyms": [
      "San Diego Padres"
    ]
  },
  {
    "value": "San Jose Spiders",
    "synonyms": [
      "San Jose Spiders"
    ]
  },
  {
    "value": "Seattle Rainmakers",
    "synonyms": [
      "Seattle Rainmakers"
    ]
  },
  {
    "value": "Sioux Falls Storm",
    "synonyms": [
      "Sioux Falls Storm"
    ]
  },
  {
    "value": "St. Louis Cardinals",
    "synonyms": [
      "St. Louis Cardinals"
    ]
  },
  {
    "value": "Trenton Thunder",
    "synonyms": [
      "Trenton Thunder"
    ]
  },
  {
    "value": "Vancouver Nighthawks",
    "synonyms": [
      "Vancouver Nighthawks"
    ]
  },
  {
    "value": "Denver Broncos",
    "synonyms": [
      "Denver Broncos"
    ]
  },
  {
    "value": "Detroit Lions",
    "synonyms": [
      "Detroit Lions"
    ]
  },
  {
    "value": "FC Montreal",
    "synonyms": [
      "FC Montreal"
    ]
  },
  {
    "value": "Gary SouthShore RailCats",
    "synonyms": [
      "Gary SouthShore RailCats"
    ]
  },
  {
    "value": "Joliet Slammers",
    "synonyms": [
      "Joliet Slammers"
    ]
  },
  {
    "value": "Lehigh Valley Phantoms",
    "synonyms": [
      "Lehigh Valley Phantoms"
    ]
  },
  {
    "value": "Minnesota Lynx",
    "synonyms": [
      "Minnesota Lynx"
    ]
  },
  {
    "value": "Normal CornBelters",
    "synonyms": [
      "Normal CornBelters"
    ]
  },
  {
    "value": "Northwest Arkansas Naturals",
    "synonyms": [
      "Northwest Arkansas Naturals"
    ]
  },
  {
    "value": "Ottawa Redblacks",
    "synonyms": [
      "Ottawa Redblacks"
    ]
  },
  {
    "value": "Ottawa Senators",
    "synonyms": [
      "Ottawa Senators"
    ]
  },
  {
    "value": "Peoria Rivermen",
    "synonyms": [
      "Peoria Rivermen"
    ]
  },
  {
    "value": "Rio Grande Valley Vipers",
    "synonyms": [
      "Rio Grande Valley Vipers"
    ]
  },
  {
    "value": "Rockford IceHogs",
    "synonyms": [
      "Rockford IceHogs"
    ]
  },
  {
    "value": "San Antonio Spurs",
    "synonyms": [
      "San Antonio Spurs"
    ]
  },
  {
    "value": "San Diego Breakers",
    "synonyms": [
      "San Diego Breakers"
    ]
  },
  {
    "value": "Sky Blue FC",
    "synonyms": [
      "Sky Blue FC"
    ]
  },
  {
    "value": "South Bend Cubs",
    "synonyms": [
      "South Bend Cubs"
    ]
  },
  {
    "value": "Sussex County Miners",
    "synonyms": [
      "Sussex County Miners"
    ]
  },
  {
    "value": "Swope Park Rangers",
    "synonyms": [
      "Swope Park Rangers"
    ]
  },
  {
    "value": "Toronto Furies",
    "synonyms": [
      "Toronto Furies"
    ]
  },
  {
    "value": "Tri-City ValleyCats",
    "synonyms": [
      "Tri-City ValleyCats"
    ]
  },
  {
    "value": "Trois-Rivières Aigles",
    "synonyms": [
      "Trois-Rivières Aigles"
    ]
  },
  {
    "value": "Tulsa Drillers",
    "synonyms": [
      "Tulsa Drillers"
    ]
  },
  {
    "value": "Vallejo Admirals",
    "synonyms": [
      "Vallejo Admirals"
    ]
  },
  {
    "value": "Windy City Bulls",
    "synonyms": [
      "Windy City Bulls"
    ]
  },
  {
    "value": "Evansville Thunderbolts",
    "synonyms": [
      "Evansville Thunderbolts"
    ]
  },
  {
    "value": "FC Cincinnati",
    "synonyms": [
      "FC Cincinnati"
    ]
  },
  {
    "value": "Fayetteville FireAntz",
    "synonyms": [
      "Fayetteville FireAntz"
    ]
  },
  {
    "value": "Fort Wayne TinCaps",
    "synonyms": [
      "Fort Wayne TinCaps"
    ]
  },
  {
    "value": "Gateway Grizzlies",
    "synonyms": [
      "Gateway Grizzlies"
    ]
  },
  {
    "value": "Grand Rapids Drive",
    "synonyms": [
      "Grand Rapids Drive"
    ]
  },
  {
    "value": "Greensboro Swarm",
    "synonyms": [
      "Greensboro Swarm"
    ]
  },
  {
    "value": "Houston Dynamo",
    "synonyms": [
      "Houston Dynamo"
    ]
  },
  {
    "value": "Inland Empire 66ers",
    "synonyms": [
      "Inland Empire 66ers"
    ]
  },
  {
    "value": "Jacksonville Armada FC",
    "synonyms": [
      "Jacksonville Armada FC"
    ]
  },
  {
    "value": "Kalamazoo Wings",
    "synonyms": [
      "Kalamazoo Wings"
    ]
  },
  {
    "value": "Lancaster JetHawks",
    "synonyms": [
      "Lancaster JetHawks"
    ]
  },
  {
    "value": "Lehigh Valley IronPigs",
    "synonyms": [
      "Lehigh Valley IronPigs"
    ]
  },
  {
    "value": "Liverpool football team",
    "synonyms": [
      "Liverpool football team"
    ]
  },
  {
    "value": "Los Angeles Angels of Anaheim",
    "synonyms": [
      "Los Angeles Angels of Anaheim"
    ]
  },
  {
    "value": "Milwaukee Admirals",
    "synonyms": [
      "Milwaukee Admirals"
    ]
  },
  {
    "value": "Milwaukee Brewers",
    "synonyms": [
      "Milwaukee Brewers"
    ]
  },
  {
    "value": "New Jersey Jackals",
    "synonyms": [
      "New Jersey Jackals"
    ]
  },
  {
    "value": "Orange County Blues FC",
    "synonyms": [
      "Orange County Blues FC"
    ]
  },
  {
    "value": "Orlando City SC",
    "synonyms": [
      "Orlando City SC"
    ]
  },
  {
    "value": "Providence Bruins",
    "synonyms": [
      "Providence Bruins"
    ]
  },
  {
    "value": "Quad City Mallards",
    "synonyms": [
      "Quad City Mallards"
    ]
  },
  {
    "value": "Roanoke Rail Yard Dawgs",
    "synonyms": [
      "Roanoke Rail Yard Dawgs"
    ]
  },
  {
    "value": "Sacramento River Cats",
    "synonyms": [
      "Sacramento River Cats"
    ]
  },
  {
    "value": "San Antonio FC",
    "synonyms": [
      "San Antonio FC"
    ]
  },
  {
    "value": "St. Clair Shores Fighting Saints",
    "synonyms": [
      "St. Clair Shores Fighting Saints"
    ]
  },
  {
    "value": "Stockton Heat",
    "synonyms": [
      "Stockton Heat"
    ]
  },
  {
    "value": "Sugar Land Skeeters",
    "synonyms": [
      "Sugar Land Skeeters"
    ]
  },
  {
    "value": "Trinidad Triggers",
    "synonyms": [
      "Trinidad Triggers"
    ]
  },
  {
    "value": "Tucson Roadrunners",
    "synonyms": [
      "Tucson Roadrunners"
    ]
  },
  {
    "value": "Vancouver Stealth",
    "synonyms": [
      "Vancouver Stealth"
    ]
  },
  {
    "value": "Washington Nationals",
    "synonyms": [
      "Washington Nationals"
    ]
  },
  {
    "value": "Williamsport Crosscutters",
    "synonyms": [
      "Williamsport Crosscutters"
    ]
  }
]