[
  {
    "id": "c5a2415a-fc76-4907-82da-52b5837d4429",
    "data": [
      {
        "text": "doe maar",
        "userDefined": false
      }
    ],
    "isTemplate": false,
    "count": 0,
    "updated": 0
  },
  {
    "id": "78d85dd3-5b00-4d43-b07a-1c04c18600b6",
    "data": [
      {
        "text": "mee eens",
        "userDefined": false
      }
    ],
    "isTemplate": false,
    "count": 0,
    "updated": 0
  },
  {
    "id": "63b34259-f701-4b5a-a039-6046a33265e5",
    "data": [
      {
        "text": "dat klopt",
        "userDefined": false
      }
    ],
    "isTemplate": false,
    "count": 0,
    "updated": 0
  },
  {
    "id": "351a6d2f-0cd4-4c07-a6b1-a96f5b05a08a",
    "data": [
      {
        "text": "klinkt goed",
        "userDefined": false
      }
    ],
    "isTemplate": false,
    "count": 0,
    "updated": 0
  },
  {
    "id": "c3b59f1e-5998-4e52-9701-5c2a1b33ef94",
    "data": [
      {
        "text": "natuurlijk",
        "userDefined": false
      }
    ],
    "isTemplate": false,
    "count": 0,
    "updated": 0
  },
  {
    "id": "91211362-0485-4828-a330-891e74b50954",
    "data": [
      {
        "text": "dat wil ik wel",
        "userDefined": false
      }
    ],
    "isTemplate": false,
    "count": 0,
    "updated": 0
  },
  {
    "id": "d18bbab0-7dbd-4440-bd1c-5765c9ddf7fa",
    "data": [
      {
        "text": "ja",
        "userDefined": false
      }
    ],
    "isTemplate": false,
    "count": 0,
    "updated": 0
  },
  {
    "id": "03c07c6e-4c78-4cbf-b507-988068f4c0cf",
    "data": [
      {
        "text": "ja graag",
        "userDefined": false
      }
    ],
    "isTemplate": false,
    "count": 0,
    "updated": 0
  },
  {
    "id": "817a39c5-1c54-4d76-972c-4b24c5c43fa4",
    "data": [
      {
        "text": "akkoord",
        "userDefined": false
      }
    ],
    "isTemplate": false,
    "count": 0,
    "updated": 0
  },
  {
    "id": "5449bc49-79c8-4b2b-8085-54fac227de48",
    "data": [
      {
        "text": "prima",
        "userDefined": false
      }
    ],
    "isTemplate": false,
    "count": 0,
    "updated": 0
  }
]