[
  {
    "id": "03c33eec-967e-4007-b2f9-7074f6fe6a1b",
    "data": [
      {
        "text": "start een programma",
        "userDefined": false
      }
    ],
    "isTemplate": false,
    "count": 0,
    "updated": 0
  },
  {
    "id": "78ee94b0-4831-4892-868f-de67d0c8fd93",
    "data": [
      {
        "text": "starting a program",
        "userDefined": false
      }
    ],
    "isTemplate": false,
    "count": 0,
    "updated": 0
  },
  {
    "id": "73b22f51-859c-4e47-8eb8-3b3bd286a814",
    "data": [
      {
        "text": "start een programma",
        "userDefined": false
      }
    ],
    "isTemplate": false,
    "count": 0,
    "updated": 0
  },
  {
    "id": "717f963d-fd11-4385-bc4d-2ad243bc4bfe",
    "data": [
      {
        "text": "start een programma",
        "userDefined": false
      }
    ],
    "isTemplate": false,
    "count": 0,
    "updated": 0
  },
  {
    "id": "d7c5a978-5388-48f1-a9e4-1393fcb77dd8",
    "data": [
      {
        "text": "start een programma",
        "userDefined": false
      }
    ],
    "isTemplate": false,
    "count": 0,
    "updated": 1518793235
  },
  {
    "id": "7effc8bf-20b0-4ebb-809e-3b3f66258482",
    "data": [
      {
        "text": "start a program",
        "userDefined": false
      }
    ],
    "isTemplate": false,
    "count": 0,
    "updated": 1518793235
  }
]