[
  {
    "id": "82c8f799-d52b-4fed-b5aa-6880c31d9773",
    "data": [
      {
        "text": "Check",
        "meta": "@sys.ignore",
        "userDefined": false
      },
      {
        "text": " ",
        "userDefined": false
      },
      {
        "text": "January 1",
        "meta": "@sys.date",
        "alias": "date",
        "userDefined": false
      },
      {
        "text": ".",
        "userDefined": false
      }
    ],
    "isTemplate": false,
    "count": 0,
    "lang": "en",
    "updated": 0
  },
  {
    "id": "d1368d01-6fe8-4582-8695-1670ef35856b",
    "data": [
      {
        "text": "and ",
        "userDefined": false
      },
      {
        "text": "January 2",
        "meta": "@sys.date",
        "alias": "date",
        "userDefined": false
      }
    ],
    "isTemplate": false,
    "count": 0,
    "lang": "en",
    "updated": 0
  },
  {
    "id": "14a014e8-7124-41e5-9f65-eb8a59ae119c",
    "data": [
      {
        "text": "check",
        "meta": "@sys.ignore",
        "userDefined": false
      },
      {
        "text": " ",
        "userDefined": false
      },
      {
        "text": "January 1",
        "meta": "@sys.date",
        "alias": "date",
        "userDefined": false
      },
      {
        "text": " too",
        "userDefined": false
      }
    ],
    "isTemplate": false,
    "count": 0,
    "lang": "en",
    "updated": 0
  },
  {
    "id": "0bce5f85-ab4d-4415-8ca2-b95f29d3f99c",
    "data": [
      {
        "text": "what about ",
        "userDefined": false
      },
      {
        "text": "December 30",
        "meta": "@sys.date",
        "alias": "date",
        "userDefined": false
      }
    ],
    "isTemplate": false,
    "count": 0,
    "lang": "en",
    "updated": 0
  }
]