[
  {
    "id": "1743551c-a442-4171-a7c6-e21c1fbd615c",
    "data": [
      {
        "text": "repeat ",
        "userDefined": false
      },
      {
        "text": "every day",
        "meta": "@recurrence",
        "alias": "recurrence",
        "userDefined": false
      }
    ],
    "isTemplate": false,
    "count": 0,
    "lang": "en",
    "updated": 0
  },
  {
    "id": "ebdcb44f-7601-4967-a37b-e7f318364bd4",
    "data": [
      {
        "text": "do it ",
        "userDefined": false
      },
      {
        "text": "daily",
        "meta": "@recurrence",
        "alias": "recurrence",
        "userDefined": false
      },
      {
        "text": " ",
        "userDefined": false
      },
      {
        "text": "at 8 am",
        "meta": "@sys.date-time",
        "alias": "date-time",
        "userDefined": false
      }
    ],
    "isTemplate": false,
    "count": 0,
    "lang": "en",
    "updated": 0
  },
  {
    "id": "c601f953-b061-4937-a096-37a6ec9a89fa",
    "data": [
      {
        "text": "and repeat it ",
        "userDefined": false
      },
      {
        "text": "at 9 pm",
        "meta": "@sys.date-time",
        "alias": "date-time",
        "userDefined": false
      }
    ],
    "isTemplate": false,
    "count": 0,
    "lang": "en",
    "updated": 0
  }
]