[
  {
    "id": "132d9ff3-dd8c-4ef7-a0f1-72eea01d6954",
    "data": [
      {
        "text": "turn on the heater for ",
        "userDefined": false
      },
      {
        "text": "Jack",
        "meta": "@sys.given-name",
        "alias": "passenger",
        "userDefined": true
      },
      {
        "text": " to ",
        "userDefined": false
      },
      {
        "text": "23",
        "meta": "@sys.number",
        "alias": "temperature",
        "userDefined": true
      },
      {
        "text": " degrees",
        "userDefined": false
      }
    ],
    "isTemplate": false,
    "count": 0,
    "lang": "en",
    "updated": 0
  },
  {
    "id": "c77ec676-f7c0-41fb-aca9-e14039ed3291",
    "data": [
      {
        "text": "make ",
        "userDefined": false
      },
      {
        "text": "all of",
        "meta": "@all",
        "alias": "all",
        "userDefined": true
      },
      {
        "text": " seats are warm",
        "userDefined": false
      }
    ],
    "isTemplate": false,
    "count": 0,
    "lang": "en",
    "updated": 0
  },
  {
    "id": "965c0963-7267-465c-9586-fe75bc9e522f",
    "data": [
      {
        "text": "turn ",
        "userDefined": false
      },
      {
        "text": "on",
        "meta": "@sys.ignore",
        "userDefined": true
      },
      {
        "text": " seat ",
        "userDefined": false
      },
      {
        "text": "heater",
        "meta": "@sys.ignore",
        "userDefined": true
      }
    ],
    "isTemplate": false,
    "count": 0,
    "lang": "en",
    "updated": 0
  },
  {
    "id": "d3ecac8c-74e1-4f4c-a41a-006fd1b0aa78",
    "data": [
      {
        "text": "switch the heater for ",
        "userDefined": false
      },
      {
        "text": "every",
        "meta": "@all",
        "alias": "all",
        "userDefined": true
      },
      {
        "text": " seats",
        "userDefined": false
      }
    ],
    "isTemplate": false,
    "count": 0,
    "lang": "en",
    "updated": 0
  },
  {
    "id": "6fcf7db6-40a3-4428-8aa1-5bbdbc3de1ee",
    "data": [
      {
        "text": "turn on the heating for ",
        "userDefined": false
      },
      {
        "text": "child seat",
        "meta": "@car-seat",
        "alias": "car-part",
        "userDefined": true
      }
    ],
    "isTemplate": false,
    "count": 0,
    "lang": "en",
    "updated": 0
  },
  {
    "id": "356e0953-c325-4c85-8f68-8bb1669d3c75",
    "data": [
      {
        "text": "turn on the heater for ",
        "userDefined": false
      },
      {
        "text": "Kate",
        "meta": "@sys.given-name",
        "alias": "passenger",
        "userDefined": true
      }
    ],
    "isTemplate": false,
    "count": 0,
    "lang": "en",
    "updated": 0
  },
  {
    "id": "7c080c1f-56b6-45d8-bbeb-8192f83926c0",
    "data": [
      {
        "text": "turn on the heater for ",
        "userDefined": false
      },
      {
        "text": "my seat",
        "meta": "@car-seat",
        "alias": "car-part",
        "userDefined": true
      },
      {
        "text": " till ",
        "userDefined": false
      },
      {
        "text": "25",
        "meta": "@sys.number",
        "alias": "temperature",
        "userDefined": true
      }
    ],
    "isTemplate": false,
    "count": 0,
    "lang": "en",
    "updated": 0
  },
  {
    "id": "657e5d46-af0a-4075-bc77-c28e4db0ff5b",
    "data": [
      {
        "text": "turn ",
        "userDefined": false
      },
      {
        "text": "on",
        "meta": "@sys.ignore",
        "userDefined": true
      },
      {
        "text": " the ",
        "userDefined": false
      },
      {
        "text": "heater",
        "meta": "@sys.ignore",
        "userDefined": true
      },
      {
        "text": " for ",
        "userDefined": false
      },
      {
        "text": "my seat",
        "meta": "@car-seat",
        "alias": "car-part",
        "userDefined": true
      }
    ],
    "isTemplate": false,
    "count": 0,
    "lang": "en",
    "updated": 0
  },
  {
    "id": "74d366a6-560c-4a17-addd-899a60d2ea51",
    "data": [
      {
        "text": "make ",
        "userDefined": false
      },
      {
        "text": "my seat",
        "meta": "@car-seat",
        "alias": "car-part",
        "userDefined": true
      },
      {
        "text": " warm and nice",
        "userDefined": false
      }
    ],
    "isTemplate": false,
    "count": 0,
    "lang": "en",
    "updated": 0
  },
  {
    "id": "43834def-099e-437e-95a2-a3818189f404",
    "data": [
      {
        "text": "make it warm and nice for ",
        "userDefined": false
      },
      {
        "text": "my seat",
        "meta": "@car-seat",
        "alias": "car-part",
        "userDefined": true
      }
    ],
    "isTemplate": false,
    "count": 0,
    "lang": "en",
    "updated": 0
  },
  {
    "id": "f3e11159-a596-4654-aff5-507f07379d30",
    "data": [
      {
        "text": "switch the seat ",
        "userDefined": false
      },
      {
        "text": "heater",
        "meta": "@sys.ignore",
        "userDefined": true
      }
    ],
    "isTemplate": false,
    "count": 0,
    "lang": "en",
    "updated": 0
  },
  {
    "id": "67cfae9f-1b12-47fc-b8c8-12404da1ab22",
    "data": [
      {
        "text": "I\u0027m sitting",
        "meta": "@car-seat",
        "alias": "car-part",
        "userDefined": true
      },
      {
        "text": " on something very cold",
        "userDefined": false
      }
    ],
    "isTemplate": false,
    "count": 0,
    "lang": "en",
    "updated": 0
  },
  {
    "id": "e1b9934f-9c15-4309-a540-873a66cce087",
    "data": [
      {
        "text": "seat ",
        "userDefined": false
      },
      {
        "text": "heater",
        "meta": "@sys.ignore",
        "userDefined": true
      },
      {
        "text": " ",
        "userDefined": false
      },
      {
        "text": "on",
        "meta": "@sys.ignore",
        "userDefined": true
      }
    ],
    "isTemplate": false,
    "count": 0,
    "lang": "en",
    "updated": 0
  },
  {
    "id": "ca9d5ab2-950e-430c-896c-028317d9388e",
    "data": [
      {
        "text": "turn the ",
        "userDefined": false
      },
      {
        "text": "heater",
        "meta": "@sys.ignore",
        "userDefined": true
      },
      {
        "text": " for ",
        "userDefined": false
      },
      {
        "text": "baby seat",
        "meta": "@car-seat",
        "alias": "car-part",
        "userDefined": true
      },
      {
        "text": " on",
        "userDefined": false
      }
    ],
    "isTemplate": false,
    "count": 0,
    "lang": "en",
    "updated": 0
  },
  {
    "id": "10654b3d-318b-4798-8110-7d986953b267",
    "data": [
      {
        "text": "turn air conditioning for ",
        "userDefined": false
      },
      {
        "text": "driver\u0027s seat",
        "meta": "@car-seat",
        "alias": "car-part",
        "userDefined": true
      }
    ],
    "isTemplate": false,
    "count": 0,
    "lang": "en",
    "updated": 0
  },
  {
    "id": "dbaed300-b523-4fc1-b74c-b58e6367f242",
    "data": [
      {
        "text": "turn the heater for ",
        "userDefined": false
      },
      {
        "text": "Carol",
        "meta": "@sys.given-name",
        "alias": "passenger",
        "userDefined": true
      },
      {
        "text": " on",
        "userDefined": false
      }
    ],
    "isTemplate": false,
    "count": 0,
    "lang": "en",
    "updated": 0
  }
]