[
  {
    "id": "d2e08ca7-d922-43da-9e61-64bacad7a3d1",
    "data": [
      {
        "text": "the car lights are too dark",
        "userDefined": false
      }
    ],
    "isTemplate": false,
    "count": 0,
    "lang": "en",
    "updated": 0
  },
  {
    "id": "bf20d644-6d5d-4b6f-afe8-24e27aa5b5c7",
    "data": [
      {
        "text": "too ",
        "userDefined": false
      },
      {
        "text": "dark",
        "meta": "@sys.ignore",
        "userDefined": false
      },
      {
        "text": " ",
        "userDefined": false
      },
      {
        "text": "in",
        "meta": "@sys.ignore",
        "userDefined": false
      },
      {
        "text": " my ",
        "userDefined": false
      },
      {
        "text": "car",
        "meta": "@sys.ignore",
        "userDefined": false
      }
    ],
    "isTemplate": false,
    "count": 0,
    "lang": "en",
    "updated": 0
  },
  {
    "id": "d6dea85d-4257-48d6-b446-ea20e65c086c",
    "data": [
      {
        "text": "backup light",
        "meta": "@car-light",
        "alias": "car-part",
        "userDefined": true
      },
      {
        "text": " is way too ",
        "userDefined": false
      },
      {
        "text": "dark",
        "meta": "@sys.ignore",
        "userDefined": false
      }
    ],
    "isTemplate": false,
    "count": 0,
    "lang": "en",
    "updated": 0
  },
  {
    "id": "bf564b12-07c3-495f-b4bc-bcc4ae269e89",
    "data": [
      {
        "text": "too ",
        "userDefined": false
      },
      {
        "text": "dark",
        "meta": "@sys.ignore",
        "userDefined": false
      },
      {
        "text": " for ",
        "userDefined": false
      },
      {
        "text": "Mary",
        "meta": "@sys.given-name",
        "alias": "passenger",
        "userDefined": true
      },
      {
        "text": " in the car",
        "userDefined": false
      }
    ],
    "isTemplate": false,
    "count": 0,
    "lang": "en",
    "updated": 0
  },
  {
    "id": "b2a50089-9d5f-4cc9-91c3-e72c7adb820d",
    "data": [
      {
        "text": "it is",
        "meta": "@sys.ignore",
        "userDefined": false
      },
      {
        "text": " too ",
        "userDefined": false
      },
      {
        "text": "dark",
        "meta": "@sys.ignore",
        "userDefined": false
      },
      {
        "text": " ",
        "userDefined": false
      },
      {
        "text": "in",
        "meta": "@sys.ignore",
        "userDefined": false
      },
      {
        "text": " ",
        "userDefined": false
      },
      {
        "text": "the car",
        "meta": "@sys.ignore",
        "userDefined": false
      }
    ],
    "isTemplate": false,
    "count": 0,
    "lang": "en",
    "updated": 0
  }
]