[
  {
    "id": "a20c0d28-70ad-4076-b766-5f616fdc10cd",
    "data": [
      {
        "text": "what is ",
        "userDefined": false
      },
      {
        "text": "exhaust pipe",
        "meta": "@car-part",
        "alias": "car-part",
        "userDefined": false
      },
      {
        "text": " for",
        "userDefined": false
      }
    ],
    "isTemplate": false,
    "count": 0,
    "lang": "en",
    "updated": 0
  },
  {
    "id": "f60abe44-11d3-42b8-b273-f4836d3f294d",
    "data": [
      {
        "text": "what ",
        "userDefined": false
      },
      {
        "text": "was",
        "meta": "@sys.ignore",
        "userDefined": false
      },
      {
        "text": " the ",
        "userDefined": false
      },
      {
        "text": "internal combustion engine",
        "meta": "@car-part",
        "alias": "car-part",
        "userDefined": false
      },
      {
        "text": " ",
        "userDefined": false
      },
      {
        "text": "used",
        "meta": "@sys.ignore",
        "userDefined": false
      },
      {
        "text": " for",
        "userDefined": false
      }
    ],
    "isTemplate": false,
    "count": 0,
    "lang": "en",
    "updated": 0
  },
  {
    "id": "8e9c41b4-6145-4565-a3b9-f409be581d59",
    "data": [
      {
        "text": "how does a car ",
        "userDefined": false
      },
      {
        "text": "engine",
        "meta": "@car-part",
        "alias": "car-part",
        "userDefined": false
      },
      {
        "text": " work",
        "userDefined": false
      }
    ],
    "isTemplate": false,
    "count": 0,
    "lang": "en",
    "updated": 0
  },
  {
    "id": "4cf5aa29-2da3-45aa-bcff-bae9b27294e8",
    "data": [
      {
        "text": "what is ",
        "userDefined": false
      },
      {
        "text": "cruise control",
        "meta": "@car-part",
        "alias": "car-part",
        "userDefined": true
      }
    ],
    "isTemplate": false,
    "count": 1,
    "lang": "en",
    "updated": 0
  },
  {
    "id": "b934d1c8-ed3e-4bd3-81f9-e952bb2c2a2a",
    "data": [
      {
        "text": "why do ",
        "userDefined": false
      },
      {
        "text": "we",
        "meta": "@sys.ignore",
        "userDefined": false
      },
      {
        "text": " need ",
        "userDefined": false
      },
      {
        "text": "instrument panel",
        "meta": "@car-part",
        "alias": "car-part",
        "userDefined": false
      },
      {
        "text": " in ",
        "userDefined": false
      },
      {
        "text": "the car",
        "meta": "@sys.ignore",
        "userDefined": false
      }
    ],
    "isTemplate": false,
    "count": 0,
    "lang": "en",
    "updated": 0
  },
  {
    "id": "cf1264f0-854b-4618-a2df-d46ec58ff1f2",
    "data": [
      {
        "text": "tell me more about ",
        "userDefined": false
      },
      {
        "text": "instrument panel",
        "meta": "@car-part",
        "alias": "car-part",
        "userDefined": false
      }
    ],
    "isTemplate": false,
    "count": 0,
    "lang": "en",
    "updated": 0
  },
  {
    "id": "e92b7756-337c-4c92-9a75-117f4af1f8f8",
    "data": [
      {
        "text": "information about ",
        "userDefined": false
      },
      {
        "text": "internal combustion engine",
        "meta": "@car-part",
        "alias": "car-part",
        "userDefined": false
      }
    ],
    "isTemplate": false,
    "count": 0,
    "lang": "en",
    "updated": 0
  },
  {
    "id": "f3b2206b-ad93-4f79-aa6c-87334f6a5dd6",
    "data": [
      {
        "text": "what is ",
        "userDefined": false
      },
      {
        "text": "turn signal",
        "meta": "@car-part",
        "alias": "car-part",
        "userDefined": true
      }
    ],
    "isTemplate": false,
    "count": 0,
    "lang": "en",
    "updated": 0
  },
  {
    "id": "f321b1c2-8f75-449f-a176-8d0e960bf31b",
    "data": [
      {
        "text": "what is ",
        "userDefined": false
      },
      {
        "text": "gearbox",
        "meta": "@car-part",
        "alias": "car-part",
        "userDefined": true
      },
      {
        "text": " used for",
        "userDefined": false
      }
    ],
    "isTemplate": false,
    "count": 0,
    "lang": "en",
    "updated": 0
  },
  {
    "id": "c53e542e-0212-44a4-bd41-dcc4b75e6731",
    "data": [
      {
        "text": "tell me why",
        "meta": "@sys.ignore",
        "userDefined": false
      },
      {
        "text": " do I need ",
        "userDefined": false
      },
      {
        "text": "automatic transmission",
        "meta": "@car-part",
        "alias": "car-part",
        "userDefined": true
      }
    ],
    "isTemplate": false,
    "count": 0,
    "lang": "en",
    "updated": 0
  }
]