[
  {
    "id": "70fbbb1a-ce93-487b-93fe-e0bce3f2aefd",
    "data": [
      {
        "text": "still not ",
        "userDefined": false
      },
      {
        "text": "warm",
        "meta": "@sys.ignore",
        "userDefined": false
      }
    ],
    "isTemplate": false,
    "count": 0,
    "lang": "en",
    "updated": 0
  },
  {
    "id": "adcf593a-92a9-4c58-aa80-aa5acfe9c433",
    "data": [
      {
        "text": "make ",
        "userDefined": false
      },
      {
        "text": "it",
        "meta": "@sys.ignore",
        "userDefined": false
      },
      {
        "text": " warmer",
        "userDefined": false
      }
    ],
    "isTemplate": false,
    "count": 0,
    "lang": "en",
    "updated": 0
  },
  {
    "id": "1b125a66-e5b1-4874-85ff-f90fbcf9d43f",
    "data": [
      {
        "text": "still not ",
        "userDefined": false
      },
      {
        "text": "hot",
        "meta": "@sys.ignore",
        "userDefined": false
      }
    ],
    "isTemplate": false,
    "count": 0,
    "lang": "en",
    "updated": 0
  },
  {
    "id": "241731ee-f72a-43d0-99f9-1dd83b72fe4e",
    "data": [
      {
        "text": "still not ",
        "userDefined": false
      },
      {
        "text": "hot",
        "meta": "@sys.ignore",
        "userDefined": false
      },
      {
        "text": " enough",
        "userDefined": false
      }
    ],
    "isTemplate": false,
    "count": 0,
    "lang": "en",
    "updated": 0
  },
  {
    "id": "5861bd52-ff5c-4eae-b198-1a4aaa63c830",
    "data": [
      {
        "text": "still not ",
        "userDefined": false
      },
      {
        "text": "warm",
        "meta": "@sys.ignore",
        "userDefined": false
      },
      {
        "text": " enough",
        "userDefined": false
      }
    ],
    "isTemplate": false,
    "count": 0,
    "lang": "en",
    "updated": 0
  },
  {
    "id": "a953ed81-84ea-4f82-bd5e-74c8089e8bd6",
    "data": [
      {
        "text": "make ",
        "userDefined": false
      },
      {
        "text": "it",
        "meta": "@sys.ignore",
        "userDefined": false
      },
      {
        "text": " hotter",
        "userDefined": false
      }
    ],
    "isTemplate": false,
    "count": 0,
    "lang": "en",
    "updated": 0
  },
  {
    "id": "35d97219-dbf2-404f-812e-be382ad501c3",
    "data": [
      {
        "text": "still ",
        "userDefined": false
      },
      {
        "text": "cold",
        "meta": "@sys.ignore",
        "userDefined": false
      }
    ],
    "isTemplate": false,
    "count": 0,
    "lang": "en",
    "updated": 0
  },
  {
    "id": "05c4ee0c-8516-4187-9e2c-0a8e00a151cc",
    "data": [
      {
        "text": "warmer",
        "userDefined": false
      }
    ],
    "isTemplate": false,
    "count": 0,
    "lang": "en",
    "updated": 0
  },
  {
    "id": "696d11c4-2fd5-43fa-96bc-0988117f1802",
    "data": [
      {
        "text": "still I\u0027",
        "userDefined": false
      },
      {
        "text": "m",
        "meta": "@sys.ignore",
        "userDefined": false
      },
      {
        "text": " ",
        "userDefined": false
      },
      {
        "text": "cold",
        "meta": "@sys.ignore",
        "userDefined": false
      }
    ],
    "isTemplate": false,
    "count": 0,
    "lang": "en",
    "updated": 0
  },
  {
    "id": "52999430-1a86-40a5-afc2-daa0c2b9e723",
    "data": [
      {
        "text": "hotter",
        "userDefined": false
      }
    ],
    "isTemplate": false,
    "count": 0,
    "lang": "en",
    "updated": 0
  },
  {
    "id": "70e65e46-c6bc-408f-852a-8df2dcc4b73b",
    "data": [
      {
        "text": "too ",
        "userDefined": false
      },
      {
        "text": "cold",
        "meta": "@sys.ignore",
        "userDefined": false
      }
    ],
    "isTemplate": false,
    "count": 0,
    "lang": "en",
    "updated": 0
  }
]