[
  {
    "id": "8afd0011-5519-4cf0-8036-fa62804f4cc4",
    "data": [
      {
        "text": "it\u0027s too bright for the ",
        "userDefined": false
      },
      {
        "text": "passengers",
        "meta": "@car-light",
        "alias": "car-part",
        "userDefined": true
      }
    ],
    "isTemplate": false,
    "count": 0,
    "lang": "en",
    "updated": 0
  },
  {
    "id": "9a3267c2-ace7-4a2c-b120-cad5b911991c",
    "data": [
      {
        "text": "not ",
        "userDefined": false
      },
      {
        "text": "dark",
        "meta": "@sys.ignore",
        "userDefined": false
      },
      {
        "text": " enough ",
        "userDefined": false
      },
      {
        "text": "in",
        "meta": "@sys.ignore",
        "userDefined": false
      },
      {
        "text": " my ",
        "userDefined": false
      },
      {
        "text": "car",
        "meta": "@sys.ignore",
        "userDefined": false
      }
    ],
    "isTemplate": false,
    "count": 0,
    "lang": "en",
    "updated": 0
  },
  {
    "id": "77d2e861-f974-46ff-9657-794f3db8514f",
    "data": [
      {
        "text": "isn\u0027t it too bright for the ",
        "userDefined": false
      },
      {
        "text": "passengers",
        "meta": "@car-light",
        "alias": "car-part",
        "userDefined": true
      }
    ],
    "isTemplate": false,
    "count": 0,
    "lang": "en",
    "updated": 0
  },
  {
    "id": "15575276-521f-42a4-b58a-7bb6676c45e4",
    "data": [
      {
        "text": "too ",
        "userDefined": false
      },
      {
        "text": "bright",
        "meta": "@sys.ignore",
        "userDefined": false
      },
      {
        "text": " for ",
        "userDefined": false
      },
      {
        "text": "Mary",
        "meta": "@sys.given-name",
        "alias": "passenger",
        "userDefined": false
      }
    ],
    "isTemplate": false,
    "count": 0,
    "lang": "en",
    "updated": 0
  },
  {
    "id": "048f6742-f2f7-4811-9106-2dc6e2c589f2",
    "data": [
      {
        "text": "the lights are too bright in a car",
        "userDefined": false
      }
    ],
    "isTemplate": false,
    "count": 0,
    "lang": "en",
    "updated": 0
  },
  {
    "id": "9430be5c-5264-43ce-aa8b-edc17ac60e2b",
    "data": [
      {
        "text": "back up light",
        "meta": "@car-light",
        "alias": "car-part",
        "userDefined": true
      },
      {
        "text": " is too ",
        "userDefined": false
      },
      {
        "text": "bright",
        "meta": "@sys.ignore",
        "userDefined": false
      },
      {
        "text": " ",
        "userDefined": false
      },
      {
        "text": "in",
        "meta": "@sys.ignore",
        "userDefined": false
      },
      {
        "text": " my ",
        "userDefined": false
      },
      {
        "text": "car",
        "meta": "@sys.ignore",
        "userDefined": false
      }
    ],
    "isTemplate": false,
    "count": 0,
    "lang": "en",
    "updated": 0
  },
  {
    "id": "e98aba51-0308-4c50-80d7-0743769771eb",
    "data": [
      {
        "text": "it is",
        "meta": "@sys.ignore",
        "userDefined": false
      },
      {
        "text": " too ",
        "userDefined": false
      },
      {
        "text": "bright",
        "meta": "@sys.ignore",
        "userDefined": false
      },
      {
        "text": " ",
        "userDefined": false
      },
      {
        "text": "in",
        "meta": "@sys.ignore",
        "userDefined": false
      },
      {
        "text": " ",
        "userDefined": false
      },
      {
        "text": "the car",
        "meta": "@sys.ignore",
        "userDefined": false
      }
    ],
    "isTemplate": false,
    "count": 0,
    "lang": "en",
    "updated": 0
  }
]