[
  {
    "id": "71fd9720-f653-4d99-97bc-7e19c641c9c5",
    "data": [
      {
        "text": "lower the brightness of lights for ",
        "userDefined": false
      },
      {
        "text": "John",
        "meta": "@sys.given-name",
        "alias": "passenger",
        "userDefined": true
      }
    ],
    "isTemplate": false,
    "count": 1,
    "lang": "en",
    "updated": 0
  },
  {
    "id": "cc592930-20a4-4145-9235-7c1f451462c7",
    "data": [
      {
        "text": "dim",
        "meta": "@sys.ignore",
        "userDefined": false
      },
      {
        "text": " ",
        "userDefined": false
      },
      {
        "text": "all",
        "meta": "@all",
        "alias": "all",
        "userDefined": false
      },
      {
        "text": " the lights ",
        "userDefined": false
      },
      {
        "text": "in",
        "meta": "@sys.ignore",
        "userDefined": false
      },
      {
        "text": " ",
        "userDefined": false
      },
      {
        "text": "the car",
        "meta": "@sys.ignore",
        "userDefined": false
      }
    ],
    "isTemplate": false,
    "count": 0,
    "lang": "en",
    "updated": 0
  },
  {
    "id": "aab17ba6-964c-43fb-9200-19c1c03ec26d",
    "data": [
      {
        "text": "car lights down for ",
        "userDefined": false
      },
      {
        "text": "2",
        "meta": "@sys.number",
        "alias": "change-value",
        "userDefined": true
      },
      {
        "text": " points",
        "userDefined": false
      }
    ],
    "isTemplate": false,
    "count": 0,
    "lang": "en",
    "updated": 0
  },
  {
    "id": "e5fc5e3b-8e4d-4857-8d48-6a828b5e0053",
    "data": [
      {
        "text": "dim the ",
        "userDefined": false
      },
      {
        "text": "light",
        "meta": "@sys.ignore",
        "userDefined": true
      },
      {
        "text": " in ",
        "userDefined": false
      },
      {
        "text": "the car",
        "meta": "@sys.ignore",
        "userDefined": true
      }
    ],
    "isTemplate": false,
    "count": 0,
    "lang": "en",
    "updated": 0
  },
  {
    "id": "28439a58-5463-4ce8-a3f1-177b69bcd55d",
    "data": [
      {
        "text": "turn ",
        "userDefined": false
      },
      {
        "text": "the car",
        "meta": "@sys.ignore",
        "userDefined": true
      },
      {
        "text": " ",
        "userDefined": false
      },
      {
        "text": "lights",
        "meta": "@sys.ignore",
        "userDefined": true
      },
      {
        "text": " down",
        "userDefined": false
      }
    ],
    "isTemplate": false,
    "count": 0,
    "lang": "en",
    "updated": 0
  },
  {
    "id": "2e29f79c-2290-4c02-9ce5-91e59c79b9ea",
    "data": [
      {
        "text": "turn down the ",
        "userDefined": false
      },
      {
        "text": "head light",
        "meta": "@car-light",
        "alias": "car-part",
        "userDefined": true
      }
    ],
    "isTemplate": false,
    "count": 0,
    "lang": "en",
    "updated": 0
  },
  {
    "id": "82ec755c-4aef-4eb0-8bce-8268c2138c3b",
    "data": [
      {
        "text": "dim the ",
        "userDefined": false
      },
      {
        "text": "head light",
        "meta": "@car-light",
        "alias": "car-part",
        "userDefined": true
      }
    ],
    "isTemplate": false,
    "count": 0,
    "lang": "en",
    "updated": 0
  },
  {
    "id": "8de84134-2d04-4017-8345-d9467e2afc60",
    "data": [
      {
        "text": "dim ",
        "userDefined": false
      },
      {
        "text": "every",
        "meta": "@all",
        "alias": "all",
        "userDefined": true
      },
      {
        "text": " light in car",
        "userDefined": false
      }
    ],
    "isTemplate": false,
    "count": 0,
    "lang": "en",
    "updated": 0
  },
  {
    "id": "ad08f241-3e4a-4a3c-9a15-27b83f75442e",
    "data": [
      {
        "text": "dim ",
        "userDefined": false
      },
      {
        "text": "car",
        "meta": "@sys.ignore",
        "userDefined": true
      },
      {
        "text": " ",
        "userDefined": false
      },
      {
        "text": "lights",
        "meta": "@sys.ignore",
        "userDefined": true
      }
    ],
    "isTemplate": false,
    "count": 0,
    "lang": "en",
    "updated": 0
  },
  {
    "id": "de47bef8-743c-47f4-a685-7271f9ee8c2b",
    "data": [
      {
        "text": "lower the brightness of ",
        "userDefined": false
      },
      {
        "text": "all",
        "meta": "@all",
        "alias": "all",
        "userDefined": true
      },
      {
        "text": " lights in the car",
        "userDefined": false
      }
    ],
    "isTemplate": false,
    "count": 1,
    "lang": "en",
    "updated": 0
  },
  {
    "id": "74e4200c-76d4-48f1-aa0e-3c76f652d655",
    "data": [
      {
        "text": "lower",
        "meta": "@sys.ignore",
        "userDefined": true
      },
      {
        "text": " the brightness of car ",
        "userDefined": false
      },
      {
        "text": "lights",
        "meta": "@sys.ignore",
        "userDefined": true
      }
    ],
    "isTemplate": false,
    "count": 0,
    "lang": "en",
    "updated": 0
  },
  {
    "id": "3ea4e7b7-a180-43f4-8c06-49547bfe4563",
    "data": [
      {
        "text": "turn down the ",
        "userDefined": false
      },
      {
        "text": "lights",
        "meta": "@sys.ignore",
        "userDefined": true
      },
      {
        "text": " in ",
        "userDefined": false
      },
      {
        "text": "the car",
        "meta": "@sys.ignore",
        "userDefined": true
      }
    ],
    "isTemplate": false,
    "count": 0,
    "lang": "en",
    "updated": 0
  },
  {
    "id": "a94eb896-c36c-4d7a-b795-e71e33c9f4e6",
    "data": [
      {
        "text": "turn the ",
        "userDefined": false
      },
      {
        "text": "warning light",
        "meta": "@car-light",
        "alias": "car-part",
        "userDefined": true
      },
      {
        "text": " down",
        "userDefined": false
      }
    ],
    "isTemplate": false,
    "count": 0,
    "lang": "en",
    "updated": 0
  },
  {
    "id": "48fe2194-bcb9-4e97-8be4-dae945cd674d",
    "data": [
      {
        "text": "decrease the ",
        "userDefined": false
      },
      {
        "text": "power",
        "meta": "@sys.ignore",
        "userDefined": true
      },
      {
        "text": " of ",
        "userDefined": false
      },
      {
        "text": "reverse lights",
        "meta": "@car-light",
        "alias": "car-part",
        "userDefined": true
      }
    ],
    "isTemplate": false,
    "count": 0,
    "lang": "en",
    "updated": 0
  },
  {
    "id": "63109c5a-da25-4bde-8881-ac5f9612560d",
    "data": [
      {
        "text": "turn down the ",
        "userDefined": false
      },
      {
        "text": "head light",
        "meta": "@car-light",
        "alias": "car-part",
        "userDefined": true
      },
      {
        "text": " for ",
        "userDefined": false
      },
      {
        "text": "my seat",
        "meta": "@sys.ignore",
        "userDefined": true
      }
    ],
    "isTemplate": false,
    "count": 0,
    "lang": "en",
    "updated": 0
  },
  {
    "id": "f443e51d-ee9d-4d58-b729-29685f36cfb6",
    "data": [
      {
        "text": "decrease the ",
        "userDefined": false
      },
      {
        "text": "light",
        "meta": "@sys.ignore",
        "userDefined": true
      },
      {
        "text": " in ",
        "userDefined": false
      },
      {
        "text": "the car",
        "meta": "@sys.ignore",
        "userDefined": true
      }
    ],
    "isTemplate": false,
    "count": 0,
    "lang": "en",
    "updated": 0
  }
]