[
  {
    "id": "d6aaafcc-3595-4366-ab94-b199cb4cc9f5",
    "data": [
      {
        "text": "turn ",
        "userDefined": false
      },
      {
        "text": "up",
        "meta": "@sys.ignore",
        "userDefined": false
      },
      {
        "text": " the ",
        "userDefined": false
      },
      {
        "text": "heating",
        "meta": "@car-device",
        "alias": "device",
        "userDefined": false
      },
      {
        "text": " in the car",
        "userDefined": false
      }
    ],
    "isTemplate": false,
    "count": 0,
    "lang": "en",
    "updated": 0
  },
  {
    "id": "43423155-a080-453a-900d-19fb7235e5e2",
    "data": [
      {
        "text": "turn ",
        "userDefined": false
      },
      {
        "text": "up",
        "meta": "@sys.ignore",
        "userDefined": true
      },
      {
        "text": " the temperature ",
        "userDefined": false
      },
      {
        "text": "of",
        "meta": "@sys.ignore",
        "userDefined": true
      },
      {
        "text": " the air in car\u0027s ",
        "userDefined": false
      },
      {
        "text": "air conditioner",
        "meta": "@car-device",
        "alias": "device",
        "userDefined": true
      }
    ],
    "isTemplate": false,
    "count": 0,
    "lang": "en",
    "updated": 0
  },
  {
    "id": "75c29ce9-8a70-41d5-979c-85655cbe1ce9",
    "data": [
      {
        "text": "it",
        "meta": "@sys.ignore",
        "userDefined": true
      },
      {
        "text": "\u0027",
        "userDefined": false
      },
      {
        "text": "s",
        "meta": "@sys.ignore",
        "userDefined": true
      },
      {
        "text": " ",
        "userDefined": false
      },
      {
        "text": "freezing",
        "meta": "@sys.ignore",
        "userDefined": true
      },
      {
        "text": " ",
        "userDefined": false
      },
      {
        "text": "in",
        "meta": "@sys.ignore",
        "userDefined": true
      },
      {
        "text": " ",
        "userDefined": false
      },
      {
        "text": "this car",
        "meta": "@sys.ignore",
        "userDefined": true
      },
      {
        "text": " ",
        "userDefined": false
      },
      {
        "text": "do",
        "meta": "@sys.ignore",
        "userDefined": true
      },
      {
        "text": " something",
        "userDefined": false
      }
    ],
    "isTemplate": false,
    "count": 0,
    "lang": "en",
    "updated": 0
  },
  {
    "id": "ebc55738-ad8b-4e1b-8445-e16beb502627",
    "data": [
      {
        "text": "turn up the temperature in the car for ",
        "userDefined": false
      },
      {
        "text": "Mary",
        "meta": "@sys.given-name",
        "alias": "passenger",
        "userDefined": true
      }
    ],
    "isTemplate": false,
    "count": 0,
    "lang": "en",
    "updated": 0
  },
  {
    "id": "ef777dc4-55cf-45b6-8914-3eaa665ca104",
    "data": [
      {
        "text": "increase temperature in car by ",
        "userDefined": false
      },
      {
        "text": "10",
        "meta": "@sys.number",
        "alias": "change-value",
        "userDefined": true
      },
      {
        "text": " degrees",
        "userDefined": false
      }
    ],
    "isTemplate": false,
    "count": 0,
    "lang": "en",
    "updated": 0
  },
  {
    "id": "3fcf129c-71f1-4c9f-a835-3acfac8c16b2",
    "data": [
      {
        "text": "increase the temperature in car to ",
        "userDefined": false
      },
      {
        "text": "26",
        "meta": "@sys.number",
        "alias": "final-value",
        "userDefined": true
      },
      {
        "text": " degrees",
        "userDefined": false
      }
    ],
    "isTemplate": false,
    "count": 0,
    "lang": "en",
    "updated": 0
  },
  {
    "id": "b877bbd3-dfec-4570-9c25-4aba1b14c41b",
    "data": [
      {
        "text": "turn",
        "meta": "@sys.ignore",
        "userDefined": false
      },
      {
        "text": " ",
        "userDefined": false
      },
      {
        "text": "up",
        "meta": "@sys.ignore",
        "userDefined": false
      },
      {
        "text": " the air ",
        "userDefined": false
      },
      {
        "text": "temperature",
        "meta": "@sys.ignore",
        "userDefined": false
      },
      {
        "text": " for the ",
        "userDefined": false
      },
      {
        "text": "driver",
        "meta": "@sys.ignore",
        "userDefined": false
      }
    ],
    "isTemplate": false,
    "count": 0,
    "lang": "en",
    "updated": 0
  },
  {
    "id": "b723c7c6-8674-4cc2-8798-aac68c9e5769",
    "data": [
      {
        "text": "increase the temperature for car ",
        "userDefined": false
      },
      {
        "text": "air conditioner",
        "meta": "@car-device",
        "alias": "device",
        "userDefined": true
      }
    ],
    "isTemplate": false,
    "count": 0,
    "lang": "en",
    "updated": 0
  },
  {
    "id": "dfd78ad8-17d8-4365-9eab-caf52f871ec8",
    "data": [
      {
        "text": "turn ",
        "userDefined": false
      },
      {
        "text": "up",
        "meta": "@sys.ignore",
        "userDefined": true
      },
      {
        "text": " the temperature ",
        "userDefined": false
      },
      {
        "text": "of",
        "meta": "@sys.ignore",
        "userDefined": true
      },
      {
        "text": " car ",
        "userDefined": false
      },
      {
        "text": "air conditioner",
        "meta": "@car-device",
        "alias": "device",
        "userDefined": true
      }
    ],
    "isTemplate": false,
    "count": 0,
    "lang": "en",
    "updated": 0
  },
  {
    "id": "fc51ab2f-2aca-44d4-a055-9c6072123fa6",
    "data": [
      {
        "text": "turn ",
        "userDefined": false
      },
      {
        "text": "up",
        "meta": "@sys.ignore",
        "userDefined": true
      },
      {
        "text": " the temperature in ",
        "userDefined": false
      },
      {
        "text": "the car",
        "meta": "@sys.ignore",
        "userDefined": true
      }
    ],
    "isTemplate": false,
    "count": 0,
    "lang": "en",
    "updated": 0
  },
  {
    "id": "3188e8b4-95c4-4df8-b849-78414fe7b061",
    "data": [
      {
        "text": "turn the temperature ",
        "userDefined": false
      },
      {
        "text": "up",
        "meta": "@sys.ignore",
        "userDefined": true
      },
      {
        "text": " in ",
        "userDefined": false
      },
      {
        "text": "the car",
        "meta": "@sys.ignore",
        "userDefined": true
      }
    ],
    "isTemplate": false,
    "count": 0,
    "lang": "en",
    "updated": 0
  },
  {
    "id": "1cd99b64-0431-46e1-ab0d-463a334061da",
    "data": [
      {
        "text": "make it ",
        "userDefined": false
      },
      {
        "text": "5",
        "meta": "@sys.number",
        "alias": "change-value",
        "userDefined": true
      },
      {
        "text": " points warmer in the car",
        "userDefined": false
      }
    ],
    "isTemplate": false,
    "count": 0,
    "lang": "en",
    "updated": 0
  },
  {
    "id": "2dfabcaf-73cf-41d2-b88c-d22732e70c75",
    "data": [
      {
        "text": "make it warmer for ",
        "userDefined": false
      },
      {
        "text": "Maggie",
        "meta": "@sys.given-name",
        "alias": "passenger",
        "userDefined": true
      }
    ],
    "isTemplate": false,
    "count": 0,
    "lang": "en",
    "updated": 0
  },
  {
    "id": "3f9ec751-d4e8-4227-97ee-f2a37e3465d4",
    "data": [
      {
        "text": "turn up the temp in ",
        "userDefined": false
      },
      {
        "text": "air conditioner",
        "meta": "@car-device",
        "alias": "device",
        "userDefined": true
      },
      {
        "text": " and direct the air ",
        "userDefined": false
      },
      {
        "text": "straight",
        "meta": "@air-direction",
        "alias": "air-distribution",
        "userDefined": true
      }
    ],
    "isTemplate": false,
    "count": 0,
    "lang": "en",
    "updated": 0
  },
  {
    "id": "527b372b-5683-47c5-887b-a44a2326b7bd",
    "data": [
      {
        "text": "turn the temp in ",
        "userDefined": false
      },
      {
        "text": "the car",
        "meta": "@sys.ignore",
        "userDefined": true
      },
      {
        "text": " ",
        "userDefined": false
      },
      {
        "text": "up",
        "meta": "@sys.ignore",
        "userDefined": true
      },
      {
        "text": " to ",
        "userDefined": false
      },
      {
        "text": "25",
        "meta": "@sys.number",
        "alias": "final-value",
        "userDefined": true
      }
    ],
    "isTemplate": false,
    "count": 0,
    "lang": "en",
    "updated": 0
  },
  {
    "id": "d0767a58-b4c6-41f2-be98-7b6a572a498f",
    "data": [
      {
        "text": "make ",
        "userDefined": false
      },
      {
        "text": "air conditioner",
        "meta": "@car-device",
        "alias": "device",
        "userDefined": true
      },
      {
        "text": " blow warmer in car",
        "userDefined": false
      }
    ],
    "isTemplate": false,
    "count": 0,
    "lang": "en",
    "updated": 0
  },
  {
    "id": "a235e244-0ebb-4a2c-b1d7-784c39343744",
    "data": [
      {
        "text": "turn ",
        "userDefined": false
      },
      {
        "text": "up",
        "meta": "@sys.ignore",
        "userDefined": false
      },
      {
        "text": " ",
        "userDefined": false
      },
      {
        "text": "heating",
        "meta": "@car-device",
        "alias": "device",
        "userDefined": false
      },
      {
        "text": " for ",
        "userDefined": false
      },
      {
        "text": "driver",
        "meta": "@car-seat",
        "alias": "car-part",
        "userDefined": false
      }
    ],
    "isTemplate": false,
    "count": 0,
    "lang": "en",
    "updated": 0
  },
  {
    "id": "01c6bcb8-37e0-4eaa-ba0d-50cf785244eb",
    "data": [
      {
        "text": "turn the temperature in car up to ",
        "userDefined": false
      },
      {
        "text": "25",
        "meta": "@sys.number",
        "alias": "final-value",
        "userDefined": true
      },
      {
        "text": " degrees",
        "userDefined": false
      }
    ],
    "isTemplate": false,
    "count": 0,
    "lang": "en",
    "updated": 0
  },
  {
    "id": "e6b21ec7-a058-4fcf-8e93-a973fb877864",
    "data": [
      {
        "text": "turn ",
        "userDefined": false
      },
      {
        "text": "up",
        "meta": "@sys.ignore",
        "userDefined": true
      },
      {
        "text": " the ",
        "userDefined": false
      },
      {
        "text": "air conditioning",
        "meta": "@car-device",
        "alias": "device",
        "userDefined": true
      },
      {
        "text": " for ",
        "userDefined": false
      },
      {
        "text": "John",
        "meta": "@sys.given-name",
        "alias": "passenger",
        "userDefined": true
      }
    ],
    "isTemplate": false,
    "count": 0,
    "lang": "en",
    "updated": 0
  },
  {
    "id": "cc153238-4a74-4227-b115-2f8f3bb014e6",
    "data": [
      {
        "text": "turn ",
        "userDefined": false
      },
      {
        "text": "up",
        "meta": "@sys.ignore",
        "userDefined": true
      },
      {
        "text": " car\u0027s temperature by ",
        "userDefined": false
      },
      {
        "text": "1",
        "meta": "@sys.number",
        "alias": "change-value",
        "userDefined": true
      },
      {
        "text": " point",
        "userDefined": false
      }
    ],
    "isTemplate": false,
    "count": 0,
    "lang": "en",
    "updated": 0
  },
  {
    "id": "6da45b3d-466f-4d75-a48e-a07bd636b955",
    "data": [
      {
        "text": "make ",
        "userDefined": false
      },
      {
        "text": "air conditioner",
        "meta": "@car-device",
        "alias": "device",
        "userDefined": true
      },
      {
        "text": " blow ",
        "userDefined": false
      },
      {
        "text": "straight",
        "meta": "@air-direction",
        "alias": "air-distribution",
        "userDefined": true
      },
      {
        "text": " and warmer",
        "userDefined": false
      }
    ],
    "isTemplate": false,
    "count": 0,
    "lang": "en",
    "updated": 0
  },
  {
    "id": "afab42b8-ddfa-467f-b3bc-1bf2e47d6673",
    "data": [
      {
        "text": "increase the car temperature by ",
        "userDefined": false
      },
      {
        "text": "5",
        "meta": "@sys.number",
        "alias": "change-value",
        "userDefined": true
      },
      {
        "text": " points",
        "userDefined": false
      }
    ],
    "isTemplate": false,
    "count": 0,
    "lang": "en",
    "updated": 0
  },
  {
    "id": "ef6ca5e3-a772-44eb-9214-8abec6477693",
    "data": [
      {
        "text": "the air in car is too ",
        "userDefined": false
      },
      {
        "text": "cold",
        "meta": "@sys.ignore",
        "userDefined": true
      }
    ],
    "isTemplate": false,
    "count": 0,
    "lang": "en",
    "updated": 0
  },
  {
    "id": "d7a8fdda-840a-49e5-961c-15390b771e39",
    "data": [
      {
        "text": "the air in car is blowing too ",
        "userDefined": false
      },
      {
        "text": "cold",
        "meta": "@sys.ignore",
        "userDefined": true
      }
    ],
    "isTemplate": false,
    "count": 0,
    "lang": "en",
    "updated": 0
  }
]