[
  {
    "id": "b3579be4-b7d1-453a-b1ba-a23f8a0d5f97",
    "data": [
      {
        "text": "turn off ",
        "userDefined": false
      },
      {
        "text": "all of",
        "meta": "@all",
        "alias": "all",
        "userDefined": true
      },
      {
        "text": " the lights when I ",
        "userDefined": false
      },
      {
        "text": "leave",
        "meta": "@condition",
        "alias": "condition",
        "userDefined": true
      },
      {
        "text": " my car",
        "userDefined": false
      }
    ],
    "isTemplate": false,
    "count": 0,
    "lang": "en",
    "updated": 0
  },
  {
    "id": "98c0a49b-31ef-48a8-9ade-5760493fd8f2",
    "data": [
      {
        "text": "turn off the ",
        "userDefined": false
      },
      {
        "text": "back up lights",
        "meta": "@car-part",
        "alias": "car-part",
        "userDefined": true
      },
      {
        "text": " ",
        "userDefined": false
      },
      {
        "text": "in",
        "meta": "@sys.ignore",
        "userDefined": false
      },
      {
        "text": " ",
        "userDefined": false
      },
      {
        "text": "the car",
        "meta": "@sys.ignore",
        "userDefined": false
      },
      {
        "text": " ",
        "userDefined": false
      },
      {
        "text": "when",
        "meta": "@sys.ignore",
        "userDefined": false
      },
      {
        "text": " I ",
        "userDefined": false
      },
      {
        "text": "leave",
        "meta": "@condition",
        "alias": "condition",
        "userDefined": false
      },
      {
        "text": " ",
        "userDefined": false
      },
      {
        "text": "it",
        "meta": "@sys.ignore",
        "userDefined": false
      }
    ],
    "isTemplate": false,
    "count": 0,
    "lang": "en",
    "updated": 0
  },
  {
    "id": "2ca48dcb-21b4-4787-a71e-b7ecec20fc4c",
    "data": [
      {
        "text": "turn off lights in my car for ",
        "userDefined": false
      },
      {
        "text": "Mary",
        "meta": "@sys.given-name",
        "alias": "passenger",
        "userDefined": true
      },
      {
        "text": " when she ",
        "userDefined": false
      },
      {
        "text": "gets in",
        "meta": "@condition",
        "alias": "condition",
        "userDefined": true
      }
    ],
    "isTemplate": false,
    "count": 0,
    "lang": "en",
    "updated": 0
  }
]