[
  {
    "id": "aca7f3bd-c855-46f1-aad0-4f7a4865ee76",
    "data": [
      {
        "text": "blow cooler ",
        "userDefined": false
      },
      {
        "text": "in",
        "meta": "@sys.ignore",
        "userDefined": false
      },
      {
        "text": " my ",
        "userDefined": false
      },
      {
        "text": "car",
        "meta": "@sys.ignore",
        "userDefined": false
      }
    ],
    "isTemplate": false,
    "count": 1,
    "lang": "en",
    "updated": 0
  },
  {
    "id": "6b77305b-8e4e-4e2a-b5c8-3b5b187392f3",
    "data": [
      {
        "text": "can you ",
        "userDefined": false
      },
      {
        "text": "lower",
        "meta": "@sys.ignore",
        "userDefined": true
      },
      {
        "text": " the temperature of car ",
        "userDefined": false
      },
      {
        "text": "air conditioning",
        "meta": "@car-device",
        "alias": "device",
        "userDefined": true
      },
      {
        "text": " a little bit",
        "userDefined": false
      }
    ],
    "isTemplate": false,
    "count": 0,
    "lang": "en",
    "updated": 0
  },
  {
    "id": "aa79a9a2-12ea-498d-8438-6aa87e1c8009",
    "data": [
      {
        "text": "lower",
        "meta": "@sys.ignore",
        "userDefined": true
      },
      {
        "text": " the temperature in the car",
        "userDefined": false
      }
    ],
    "isTemplate": false,
    "count": 0,
    "lang": "en",
    "updated": 0
  },
  {
    "id": "a6200d87-eba7-4461-bb2f-9c6dac21c719",
    "data": [
      {
        "text": "decrease the temperature in my ",
        "userDefined": false
      },
      {
        "text": "car",
        "meta": "@sys.ignore",
        "userDefined": true
      }
    ],
    "isTemplate": false,
    "count": 1,
    "lang": "en",
    "updated": 0
  },
  {
    "id": "e2371c63-fc4f-41b4-9edf-c01b6df1e5de",
    "data": [
      {
        "text": "turn ",
        "userDefined": false
      },
      {
        "text": "down",
        "meta": "@sys.ignore",
        "userDefined": true
      },
      {
        "text": " the temperature in the car by ",
        "userDefined": false
      },
      {
        "text": "3",
        "meta": "@sys.number",
        "alias": "change-value",
        "userDefined": true
      },
      {
        "text": " points",
        "userDefined": false
      }
    ],
    "isTemplate": false,
    "count": 0,
    "lang": "en",
    "updated": 0
  },
  {
    "id": "f2d5dde3-3253-489b-a965-77eaa0484044",
    "data": [
      {
        "text": "turn down the temperature of car ",
        "userDefined": false
      },
      {
        "text": "air conditioner",
        "meta": "@car-device",
        "alias": "device",
        "userDefined": true
      }
    ],
    "isTemplate": false,
    "count": 0,
    "lang": "en",
    "updated": 0
  },
  {
    "id": "6692038a-8501-4939-a4ff-51cf9e2facfd",
    "data": [
      {
        "text": "decrease the temperature in car\u0027s ",
        "userDefined": false
      },
      {
        "text": "air conditioner",
        "meta": "@car-device",
        "alias": "device",
        "userDefined": true
      },
      {
        "text": " to ",
        "userDefined": false
      },
      {
        "text": "18",
        "meta": "@sys.number",
        "alias": "final-value",
        "userDefined": true
      },
      {
        "text": " degrees",
        "userDefined": false
      }
    ],
    "isTemplate": false,
    "count": 1,
    "lang": "en",
    "updated": 0
  },
  {
    "id": "877476fb-08a7-4c20-9cd6-0283d1f7879d",
    "data": [
      {
        "text": "lower",
        "meta": "@sys.ignore",
        "userDefined": true
      },
      {
        "text": " the temperature of car ",
        "userDefined": false
      },
      {
        "text": "air conditioner",
        "meta": "@car-device",
        "alias": "device",
        "userDefined": true
      }
    ],
    "isTemplate": false,
    "count": 0,
    "lang": "en",
    "updated": 0
  },
  {
    "id": "0e839c98-dd88-4e48-ab09-4559ec4e0618",
    "data": [
      {
        "text": "the temperature in ",
        "userDefined": false
      },
      {
        "text": "the car",
        "meta": "@sys.ignore",
        "userDefined": true
      },
      {
        "text": " should be ",
        "userDefined": false
      },
      {
        "text": "20",
        "meta": "@sys.number",
        "alias": "final-value",
        "userDefined": true
      }
    ],
    "isTemplate": false,
    "count": 1,
    "lang": "en",
    "updated": 0
  },
  {
    "id": "d7b2bd62-51a0-43ff-92f5-286e0c71d9b7",
    "data": [
      {
        "text": "the air is too ",
        "userDefined": false
      },
      {
        "text": "hot",
        "meta": "@sys.ignore",
        "userDefined": true
      },
      {
        "text": " ",
        "userDefined": false
      },
      {
        "text": "in",
        "meta": "@sys.ignore",
        "userDefined": true
      },
      {
        "text": " ",
        "userDefined": false
      },
      {
        "text": "this car",
        "meta": "@sys.ignore",
        "userDefined": true
      }
    ],
    "isTemplate": false,
    "count": 0,
    "lang": "en",
    "updated": 0
  },
  {
    "id": "d9229892-affb-47d3-b035-d453082d42f0",
    "data": [
      {
        "text": "turn ",
        "userDefined": false
      },
      {
        "text": "down",
        "meta": "@sys.ignore",
        "userDefined": true
      },
      {
        "text": " the temperature in car\u0027s ",
        "userDefined": false
      },
      {
        "text": "air conditioner",
        "meta": "@car-device",
        "alias": "device",
        "userDefined": true
      },
      {
        "text": " by ",
        "userDefined": false
      },
      {
        "text": "10",
        "meta": "@sys.number",
        "alias": "change-value",
        "userDefined": true
      },
      {
        "text": " points",
        "userDefined": false
      }
    ],
    "isTemplate": false,
    "count": 0,
    "lang": "en",
    "updated": 0
  },
  {
    "id": "975cbd7d-674d-4852-9e18-265186e645d6",
    "data": [
      {
        "text": "heating",
        "meta": "@sys.ignore",
        "userDefined": false
      },
      {
        "text": " ",
        "userDefined": false
      },
      {
        "text": "down",
        "meta": "@sys.ignore",
        "userDefined": false
      }
    ],
    "isTemplate": false,
    "count": 0,
    "lang": "en",
    "updated": 0
  },
  {
    "id": "4529879b-2621-48d1-bcd4-c99a8eb5db2a",
    "data": [
      {
        "text": "make the ",
        "userDefined": false
      },
      {
        "text": "air conditioning",
        "meta": "@car-device",
        "alias": "device",
        "userDefined": true
      },
      {
        "text": " cooler in a car",
        "userDefined": false
      }
    ],
    "isTemplate": false,
    "count": 0,
    "lang": "en",
    "updated": 0
  },
  {
    "id": "3ee633a3-8e7b-4887-9064-c793332d06f2",
    "data": [
      {
        "text": "turn ",
        "userDefined": false
      },
      {
        "text": "down",
        "meta": "@sys.ignore",
        "userDefined": true
      },
      {
        "text": " the ",
        "userDefined": false
      },
      {
        "text": "heating",
        "meta": "@car-device",
        "alias": "device",
        "userDefined": true
      },
      {
        "text": " temperature in the car by ",
        "userDefined": false
      },
      {
        "text": "7",
        "meta": "@sys.number",
        "alias": "change-value",
        "userDefined": true
      },
      {
        "text": " degrees",
        "userDefined": false
      }
    ],
    "isTemplate": false,
    "count": 1,
    "lang": "en",
    "updated": 0
  },
  {
    "id": "002da1ea-5a3f-441b-afac-a0e268c9cc41",
    "data": [
      {
        "text": "turn",
        "meta": "@sys.ignore",
        "userDefined": false
      },
      {
        "text": " ",
        "userDefined": false
      },
      {
        "text": "down",
        "meta": "@sys.ignore",
        "userDefined": false
      },
      {
        "text": " the ",
        "userDefined": false
      },
      {
        "text": "temperature",
        "meta": "@sys.ignore",
        "userDefined": false
      },
      {
        "text": " ",
        "userDefined": false
      },
      {
        "text": "of",
        "meta": "@sys.ignore",
        "userDefined": false
      },
      {
        "text": " ",
        "userDefined": false
      },
      {
        "text": "air conditioner",
        "meta": "@car-device",
        "alias": "device",
        "userDefined": false
      },
      {
        "text": " ",
        "userDefined": false
      },
      {
        "text": "in",
        "meta": "@sys.ignore",
        "userDefined": false
      },
      {
        "text": " ",
        "userDefined": false
      },
      {
        "text": "the car",
        "meta": "@sys.ignore",
        "userDefined": false
      }
    ],
    "isTemplate": false,
    "count": 0,
    "lang": "en",
    "updated": 0
  },
  {
    "id": "cebe8c0b-6c68-4f3e-a835-964305fb6149",
    "data": [
      {
        "text": "cool",
        "meta": "@sys.ignore",
        "userDefined": true
      },
      {
        "text": " the air in ",
        "userDefined": false
      },
      {
        "text": "air conditioner",
        "meta": "@car-device",
        "alias": "device",
        "userDefined": true
      },
      {
        "text": " in my car",
        "userDefined": false
      }
    ],
    "isTemplate": false,
    "count": 0,
    "lang": "en",
    "updated": 0
  },
  {
    "id": "c37fdb1e-447d-493b-8375-83797d326836",
    "data": [
      {
        "text": "turn ",
        "userDefined": false
      },
      {
        "text": "down",
        "meta": "@sys.ignore",
        "userDefined": true
      },
      {
        "text": " the temperature for ",
        "userDefined": false
      },
      {
        "text": "Mary",
        "meta": "@sys.given-name",
        "alias": "passenger",
        "userDefined": true
      }
    ],
    "isTemplate": false,
    "count": 0,
    "lang": "en",
    "updated": 0
  },
  {
    "id": "af602d83-d175-4059-81d0-39ebd8bb4eaf",
    "data": [
      {
        "text": "turn",
        "meta": "@sys.ignore",
        "userDefined": false
      },
      {
        "text": " ",
        "userDefined": false
      },
      {
        "text": "down",
        "meta": "@sys.ignore",
        "userDefined": false
      },
      {
        "text": " the ",
        "userDefined": false
      },
      {
        "text": "heating",
        "meta": "@sys.ignore",
        "userDefined": false
      },
      {
        "text": " ",
        "userDefined": false
      },
      {
        "text": "in",
        "meta": "@sys.ignore",
        "userDefined": false
      },
      {
        "text": " my ",
        "userDefined": false
      },
      {
        "text": "car",
        "meta": "@sys.ignore",
        "userDefined": false
      }
    ],
    "isTemplate": false,
    "count": 0,
    "lang": "en",
    "updated": 0
  },
  {
    "id": "8bbab6be-1746-4c8b-ab20-d577fa831198",
    "data": [
      {
        "text": "turn",
        "meta": "@sys.ignore",
        "userDefined": true
      },
      {
        "text": " ",
        "userDefined": false
      },
      {
        "text": "down",
        "meta": "@sys.ignore",
        "userDefined": true
      },
      {
        "text": " the ",
        "userDefined": false
      },
      {
        "text": "temperature",
        "meta": "@sys.ignore",
        "userDefined": true
      },
      {
        "text": " ",
        "userDefined": false
      },
      {
        "text": "in",
        "meta": "@sys.ignore",
        "userDefined": true
      },
      {
        "text": " ",
        "userDefined": false
      },
      {
        "text": "my",
        "meta": "@sys.ignore",
        "userDefined": true
      },
      {
        "text": " ",
        "userDefined": false
      },
      {
        "text": "car",
        "meta": "@sys.ignore",
        "userDefined": true
      }
    ],
    "isTemplate": false,
    "count": 0,
    "lang": "en",
    "updated": 0
  },
  {
    "id": "cdc5dc43-84b2-4e3d-9979-62da2bfaf39e",
    "data": [
      {
        "text": "lower",
        "meta": "@sys.ignore",
        "userDefined": true
      },
      {
        "text": " the temperature by ",
        "userDefined": false
      },
      {
        "text": "2",
        "meta": "@sys.number",
        "alias": "change-value",
        "userDefined": true
      },
      {
        "text": " degrees in the car",
        "userDefined": false
      }
    ],
    "isTemplate": false,
    "count": 0,
    "lang": "en",
    "updated": 0
  },
  {
    "id": "c140f1d2-84bd-4504-bd7b-c8145b805a48",
    "data": [
      {
        "text": "lower",
        "meta": "@sys.ignore",
        "userDefined": true
      },
      {
        "text": " the temperature in the car to ",
        "userDefined": false
      },
      {
        "text": "20",
        "meta": "@sys.number",
        "alias": "final-value",
        "userDefined": true
      },
      {
        "text": " degrees",
        "userDefined": false
      }
    ],
    "isTemplate": false,
    "count": 0,
    "lang": "en",
    "updated": 0
  },
  {
    "id": "43df8843-079b-4ded-910a-ddb7c2e47d31",
    "data": [
      {
        "text": "turn down the temperature in ",
        "userDefined": false
      },
      {
        "text": "air conditioner",
        "meta": "@car-device",
        "alias": "device",
        "userDefined": true
      },
      {
        "text": " and direct the airflow ",
        "userDefined": false
      },
      {
        "text": "straight",
        "meta": "@air-direction",
        "alias": "air-distribution",
        "userDefined": true
      }
    ],
    "isTemplate": false,
    "count": 1,
    "lang": "en",
    "updated": 0
  },
  {
    "id": "bf878769-e55e-4dbc-8775-9c9aa93efe5d",
    "data": [
      {
        "text": "lower",
        "meta": "@sys.ignore",
        "userDefined": true
      },
      {
        "text": " the in-car ",
        "userDefined": false
      },
      {
        "text": "temperature",
        "meta": "@sys.ignore",
        "userDefined": true
      },
      {
        "text": " by ",
        "userDefined": false
      },
      {
        "text": "5",
        "meta": "@sys.number",
        "alias": "change-value",
        "userDefined": true
      },
      {
        "text": " degrees",
        "userDefined": false
      }
    ],
    "isTemplate": false,
    "count": 0,
    "lang": "en",
    "updated": 0
  },
  {
    "id": "b2ef95ef-dfa2-4c60-84b2-2fb9196ec062",
    "data": [
      {
        "text": "decrease the temperature in car\u0027s ",
        "userDefined": false
      },
      {
        "text": "air conditioner",
        "meta": "@car-device",
        "alias": "device",
        "userDefined": true
      }
    ],
    "isTemplate": false,
    "count": 0,
    "lang": "en",
    "updated": 0
  }
]