[
  {
    "id": "61fa5fba-4860-4fe0-92dc-b69f3999880e",
    "data": [
      {
        "text": "turn car heating off when I ",
        "userDefined": false
      },
      {
        "text": "get out",
        "meta": "@condition",
        "alias": "condition",
        "userDefined": true
      }
    ],
    "isTemplate": false,
    "count": 0,
    "lang": "en",
    "updated": 0
  },
  {
    "id": "989af8a6-705f-486e-8258-88237d620677",
    "data": [
      {
        "text": "turn off air conditioner for ",
        "userDefined": false
      },
      {
        "text": "Jack",
        "meta": "@sys.given-name",
        "alias": "passenger",
        "userDefined": true
      },
      {
        "text": " when he ",
        "userDefined": false
      },
      {
        "text": "leaves",
        "meta": "@condition",
        "alias": "condition",
        "userDefined": true
      },
      {
        "text": " the car",
        "userDefined": false
      }
    ],
    "isTemplate": false,
    "count": 0,
    "lang": "en",
    "updated": 0
  },
  {
    "id": "206f7bcd-a994-43f4-9ba8-a3e73dcfcab9",
    "data": [
      {
        "text": "turn off ",
        "userDefined": false
      },
      {
        "text": "air conditioner",
        "meta": "@car-device",
        "alias": "device",
        "userDefined": false
      },
      {
        "text": " for ",
        "userDefined": false
      },
      {
        "text": "driver",
        "meta": "@car-seat",
        "alias": "car-part",
        "userDefined": false
      },
      {
        "text": " when he ",
        "userDefined": false
      },
      {
        "text": "leaves",
        "meta": "@condition",
        "alias": "condition",
        "userDefined": false
      },
      {
        "text": " the car",
        "userDefined": false
      }
    ],
    "isTemplate": false,
    "count": 0,
    "lang": "en",
    "updated": 0
  },
  {
    "id": "d38dfcb0-ee17-4879-a31d-914b6bd96456",
    "data": [
      {
        "text": "turn off",
        "meta": "@sys.ignore",
        "userDefined": false
      },
      {
        "text": " the ",
        "userDefined": false
      },
      {
        "text": "heating",
        "meta": "@car-device",
        "alias": "device",
        "userDefined": false
      },
      {
        "text": " ",
        "userDefined": false
      },
      {
        "text": "in",
        "meta": "@sys.ignore",
        "userDefined": false
      },
      {
        "text": " my ",
        "userDefined": false
      },
      {
        "text": "car",
        "meta": "@sys.ignore",
        "userDefined": false
      },
      {
        "text": " ",
        "userDefined": false
      },
      {
        "text": "every",
        "meta": "@sys.ignore",
        "userDefined": false
      },
      {
        "text": " ",
        "userDefined": false
      },
      {
        "text": "time",
        "meta": "@sys.ignore",
        "userDefined": false
      },
      {
        "text": " I ",
        "userDefined": false
      },
      {
        "text": "leave",
        "meta": "@condition",
        "alias": "condition",
        "userDefined": false
      },
      {
        "text": " my ",
        "userDefined": false
      },
      {
        "text": "car",
        "meta": "@sys.ignore",
        "userDefined": false
      }
    ],
    "isTemplate": false,
    "count": 0,
    "lang": "en",
    "updated": 0
  },
  {
    "id": "487da330-2dbd-44d0-8f28-901ce24cf84c",
    "data": [
      {
        "text": "turn off",
        "meta": "@sys.ignore",
        "userDefined": false
      },
      {
        "text": " ",
        "userDefined": false
      },
      {
        "text": "air conditioner",
        "meta": "@car-device",
        "alias": "device",
        "userDefined": false
      },
      {
        "text": " ",
        "userDefined": false
      },
      {
        "text": "when",
        "meta": "@sys.ignore",
        "userDefined": false
      },
      {
        "text": " I ",
        "userDefined": false
      },
      {
        "text": "leave",
        "meta": "@condition",
        "alias": "condition",
        "userDefined": false
      },
      {
        "text": " ",
        "userDefined": false
      },
      {
        "text": "the car",
        "meta": "@sys.ignore",
        "userDefined": false
      }
    ],
    "isTemplate": false,
    "count": 0,
    "lang": "en",
    "updated": 0
  }
]