[
  {
    "id": "f4bc079e-0759-4095-a24a-6b39829d5f0e",
    "data": [
      {
        "text": "switch ",
        "userDefined": false
      },
      {
        "text": "off",
        "meta": "@sys.ignore",
        "userDefined": false
      }
    ],
    "isTemplate": false,
    "count": 0,
    "lang": "en",
    "updated": 0
  },
  {
    "id": "f73ef2ad-555c-484c-8069-db6c98a86de8",
    "data": [
      {
        "text": "turn off",
        "meta": "@sys.ignore",
        "userDefined": false
      }
    ],
    "isTemplate": false,
    "count": 0,
    "lang": "en",
    "updated": 0
  },
  {
    "id": "99e80c8d-f2c2-4305-b32e-84479bd9abf1",
    "data": [
      {
        "text": "now",
        "meta": "@sys.ignore",
        "userDefined": false
      },
      {
        "text": " switch ",
        "userDefined": false
      },
      {
        "text": "it",
        "meta": "@sys.ignore",
        "userDefined": false
      },
      {
        "text": " ",
        "userDefined": false
      },
      {
        "text": "off",
        "meta": "@sys.ignore",
        "userDefined": false
      }
    ],
    "isTemplate": false,
    "count": 0,
    "lang": "en",
    "updated": 0
  },
  {
    "id": "48ec0eaf-b929-4331-ad2a-5dcf1939edfe",
    "data": [
      {
        "text": "turn off ",
        "userDefined": false
      },
      {
        "text": "now",
        "meta": "@sys.ignore",
        "userDefined": false
      }
    ],
    "isTemplate": false,
    "count": 0,
    "lang": "en",
    "updated": 0
  },
  {
    "id": "fca49fc9-8a9a-4a62-a916-8928c8b2f35c",
    "data": [
      {
        "text": "please switch it off",
        "userDefined": false
      }
    ],
    "isTemplate": false,
    "count": 0,
    "lang": "en",
    "updated": 0
  },
  {
    "id": "5c7913bb-dd23-4b9f-abc9-f0d60fcdca55",
    "data": [
      {
        "text": "now",
        "meta": "@sys.ignore",
        "userDefined": false
      },
      {
        "text": " turn off",
        "userDefined": false
      }
    ],
    "isTemplate": false,
    "count": 0,
    "lang": "en",
    "updated": 0
  },
  {
    "id": "3a150567-f77a-4df7-b039-e25e92cf0da8",
    "data": [
      {
        "text": "turn",
        "meta": "@sys.ignore",
        "userDefined": false
      },
      {
        "text": " ",
        "userDefined": false
      },
      {
        "text": "it",
        "meta": "@sys.ignore",
        "userDefined": false
      },
      {
        "text": " ",
        "userDefined": false
      },
      {
        "text": "off",
        "meta": "@sys.ignore",
        "userDefined": false
      },
      {
        "text": " ",
        "userDefined": false
      },
      {
        "text": "now",
        "meta": "@sys.ignore",
        "userDefined": false
      }
    ],
    "isTemplate": false,
    "count": 0,
    "lang": "en",
    "updated": 0
  }
]