[
  {
    "id": "04198115-9a17-4bea-ba84-d4ec607504d9",
    "data": [
      {
        "text": "please verify ",
        "userDefined": false
      },
      {
        "text": "every",
        "meta": "@all",
        "alias": "all",
        "userDefined": true
      },
      {
        "text": " ",
        "userDefined": false
      },
      {
        "text": "lock",
        "meta": "@car-part",
        "alias": "car-part",
        "userDefined": true
      },
      {
        "text": " ",
        "userDefined": false
      },
      {
        "text": "in",
        "meta": "@sys.ignore",
        "userDefined": false
      },
      {
        "text": " my ",
        "userDefined": false
      },
      {
        "text": "car",
        "meta": "@sys.ignore",
        "userDefined": false
      }
    ],
    "isTemplate": false,
    "count": 0,
    "lang": "en",
    "updated": 0
  },
  {
    "id": "d9a9a038-2970-49da-9983-9dd261ccf796",
    "data": [
      {
        "text": "check car ",
        "userDefined": false
      },
      {
        "text": "locks",
        "meta": "@car-part",
        "alias": "car-part",
        "userDefined": true
      }
    ],
    "isTemplate": false,
    "count": 0,
    "lang": "en",
    "updated": 0
  },
  {
    "id": "c8c6b504-2c7c-4100-ad2d-5a54e7975a4a",
    "data": [
      {
        "text": "check ",
        "userDefined": false
      },
      {
        "text": "windows",
        "meta": "@car-part",
        "alias": "car-part",
        "userDefined": true
      },
      {
        "text": " locks ",
        "userDefined": false
      },
      {
        "text": "in",
        "meta": "@sys.ignore",
        "userDefined": false
      },
      {
        "text": " my ",
        "userDefined": false
      },
      {
        "text": "car",
        "meta": "@sys.ignore",
        "userDefined": false
      }
    ],
    "isTemplate": false,
    "count": 0,
    "lang": "en",
    "updated": 0
  }
]