[
  {
    "id": "d5168a26-8f7d-4d2f-9ad3-9f9e4479a58b",
    "data": [
      {
        "text": "turn on ",
        "userDefined": false
      },
      {
        "text": "alarm",
        "meta": "@sys.ignore",
        "userDefined": false
      },
      {
        "text": " system of my car",
        "userDefined": false
      }
    ],
    "isTemplate": false,
    "count": 0,
    "lang": "en",
    "updated": 0
  },
  {
    "id": "22ba045d-6e29-4146-bd9f-6674f462614a",
    "data": [
      {
        "text": "turn on the ",
        "userDefined": false
      },
      {
        "text": "alarm",
        "meta": "@sys.ignore",
        "userDefined": false
      },
      {
        "text": " for my car",
        "userDefined": false
      }
    ],
    "isTemplate": false,
    "count": 1,
    "lang": "en",
    "updated": 0
  },
  {
    "id": "403f9773-2922-48f6-9fc6-1c776ea275c5",
    "data": [
      {
        "text": "set car state to armed",
        "userDefined": false
      }
    ],
    "isTemplate": false,
    "count": 0,
    "lang": "en",
    "updated": 0
  },
  {
    "id": "2c2f6313-ecec-4dd5-a28a-f7885302dcea",
    "data": [
      {
        "text": "turn on the alarm system",
        "userDefined": false
      }
    ],
    "isTemplate": false,
    "count": 0,
    "lang": "en",
    "updated": 0
  },
  {
    "id": "1cf12ec9-6dfd-4302-a19f-acba03276166",
    "data": [
      {
        "text": "turn on the car ",
        "userDefined": false
      },
      {
        "text": "alarm system",
        "meta": "@sys.ignore",
        "userDefined": false
      }
    ],
    "isTemplate": false,
    "count": 0,
    "lang": "en",
    "updated": 0
  },
  {
    "id": "0fac366b-2fd8-42ac-9105-adf176350026",
    "data": [
      {
        "text": "activate ",
        "userDefined": false
      },
      {
        "text": "car",
        "meta": "@sys.ignore",
        "userDefined": true
      },
      {
        "text": " ",
        "userDefined": false
      },
      {
        "text": "alarm",
        "meta": "@sys.ignore",
        "userDefined": true
      }
    ],
    "isTemplate": false,
    "count": 0,
    "lang": "en",
    "updated": 0
  },
  {
    "id": "2c209e94-e772-4ba1-8cdc-b9d8333bffea",
    "data": [
      {
        "text": "switch the ",
        "userDefined": false
      },
      {
        "text": "alarm",
        "meta": "@sys.ignore",
        "userDefined": false
      },
      {
        "text": " system of my car",
        "userDefined": false
      }
    ],
    "isTemplate": false,
    "count": 0,
    "lang": "en",
    "updated": 0
  },
  {
    "id": "89afb312-d17e-4e68-870a-7a99943f35fc",
    "data": [
      {
        "text": "I need ",
        "userDefined": false
      },
      {
        "text": "to",
        "meta": "@sys.ignore",
        "userDefined": true
      },
      {
        "text": " ",
        "userDefined": false
      },
      {
        "text": "set",
        "meta": "@sys.ignore",
        "userDefined": true
      },
      {
        "text": " the clock ",
        "userDefined": false
      },
      {
        "text": "in",
        "meta": "@sys.ignore",
        "userDefined": true
      },
      {
        "text": " ",
        "userDefined": false
      },
      {
        "text": "my",
        "meta": "@sys.ignore",
        "userDefined": true
      },
      {
        "text": " ",
        "userDefined": false
      },
      {
        "text": "car",
        "meta": "@sys.ignore",
        "userDefined": true
      }
    ],
    "isTemplate": false,
    "count": 0,
    "lang": "en",
    "updated": 0
  }
]