[
  {
    "id": "5a053fc8-0138-4355-9c28-f7b36a62436d",
    "data": [
      {
        "text": "close",
        "meta": "@sys.ignore",
        "userDefined": false
      },
      {
        "text": " ",
        "userDefined": false
      },
      {
        "text": "all of",
        "meta": "@all",
        "alias": "all",
        "userDefined": false
      },
      {
        "text": " the ",
        "userDefined": false
      },
      {
        "text": "windows",
        "meta": "@car-part",
        "alias": "car-part",
        "userDefined": true
      },
      {
        "text": " as soon as I ",
        "userDefined": false
      },
      {
        "text": "get in",
        "meta": "@condition",
        "alias": "condition",
        "userDefined": false
      },
      {
        "text": " my car",
        "userDefined": false
      }
    ],
    "isTemplate": false,
    "count": 0,
    "lang": "en",
    "updated": 0
  },
  {
    "id": "4506b9c5-b0eb-420f-8b49-b19addf418f6",
    "data": [
      {
        "text": "close",
        "meta": "@sys.ignore",
        "userDefined": false
      },
      {
        "text": " the ",
        "userDefined": false
      },
      {
        "text": "roof",
        "meta": "@car-part",
        "alias": "car-part",
        "userDefined": true
      },
      {
        "text": " ",
        "userDefined": false
      },
      {
        "text": "when",
        "meta": "@sys.ignore",
        "userDefined": false
      },
      {
        "text": " I ",
        "userDefined": false
      },
      {
        "text": "get in",
        "meta": "@condition",
        "alias": "condition",
        "userDefined": false
      },
      {
        "text": " ",
        "userDefined": false
      },
      {
        "text": "the car",
        "meta": "@sys.ignore",
        "userDefined": false
      }
    ],
    "isTemplate": false,
    "count": 0,
    "lang": "en",
    "updated": 0
  },
  {
    "id": "e5e1954c-7870-4bb7-ba26-1097bc29edde",
    "data": [
      {
        "text": "can",
        "meta": "@sys.ignore",
        "userDefined": false
      },
      {
        "text": " you ",
        "userDefined": false
      },
      {
        "text": "close",
        "meta": "@sys.ignore",
        "userDefined": false
      },
      {
        "text": " the ",
        "userDefined": false
      },
      {
        "text": "doors",
        "meta": "@car-part",
        "alias": "car-part",
        "userDefined": true
      },
      {
        "text": " ",
        "userDefined": false
      },
      {
        "text": "when",
        "meta": "@sys.ignore",
        "userDefined": false
      },
      {
        "text": " I ",
        "userDefined": false
      },
      {
        "text": "leave",
        "meta": "@condition",
        "alias": "condition",
        "userDefined": false
      },
      {
        "text": " ",
        "userDefined": false
      },
      {
        "text": "the car",
        "meta": "@sys.ignore",
        "userDefined": false
      }
    ],
    "isTemplate": false,
    "count": 0,
    "lang": "en",
    "updated": 0
  },
  {
    "id": "166fec42-b58b-4e3b-8cab-36892f7bea6b",
    "data": [
      {
        "text": "could",
        "meta": "@sys.ignore",
        "userDefined": false
      },
      {
        "text": " you ",
        "userDefined": false
      },
      {
        "text": "close",
        "meta": "@sys.ignore",
        "userDefined": false
      },
      {
        "text": " ",
        "userDefined": false
      },
      {
        "text": "all of",
        "meta": "@all",
        "alias": "all",
        "userDefined": false
      },
      {
        "text": " the ",
        "userDefined": false
      },
      {
        "text": "doors",
        "meta": "@car-part",
        "alias": "car-part",
        "userDefined": true
      },
      {
        "text": " every time I ",
        "userDefined": false
      },
      {
        "text": "leave",
        "meta": "@condition",
        "alias": "condition",
        "userDefined": false
      },
      {
        "text": " my ",
        "userDefined": false
      },
      {
        "text": "car",
        "meta": "@sys.ignore",
        "userDefined": false
      }
    ],
    "isTemplate": false,
    "count": 0,
    "lang": "en",
    "updated": 0
  }
]