[
  {
    "id": "f4f66d37-6b0b-48c5-886d-b541790cb209",
    "data": [
      {
        "text": "driver\u0027s seat",
        "meta": "@car-part",
        "alias": "car-part",
        "userDefined": false
      },
      {
        "text": " is too hot",
        "userDefined": false
      }
    ],
    "isTemplate": false,
    "count": 0,
    "lang": "en",
    "updated": 0
  },
  {
    "id": "ebf5d59d-430a-4455-879c-4384d5024f9c",
    "data": [
      {
        "text": "my seat",
        "meta": "@car-part",
        "alias": "car-part",
        "userDefined": true
      },
      {
        "text": " is too ",
        "userDefined": false
      },
      {
        "text": "hot",
        "meta": "@sys.ignore",
        "userDefined": false
      }
    ],
    "isTemplate": false,
    "count": 0,
    "lang": "en",
    "updated": 0
  },
  {
    "id": "ee486ddb-eb88-48d5-893e-f8706c47ef24",
    "data": [
      {
        "text": "my seat",
        "meta": "@car-part",
        "alias": "car-part",
        "userDefined": true
      },
      {
        "text": " is boiling",
        "userDefined": false
      }
    ],
    "isTemplate": false,
    "count": 0,
    "lang": "en",
    "updated": 0
  },
  {
    "id": "30e84b62-2bf6-442a-9e86-64b3f2a8a357",
    "data": [
      {
        "text": "Mary\u0027s",
        "meta": "@sys.given-name",
        "alias": "passenger",
        "userDefined": true
      },
      {
        "text": " seat is too ",
        "userDefined": false
      },
      {
        "text": "hot",
        "meta": "@sys.ignore",
        "userDefined": false
      }
    ],
    "isTemplate": false,
    "count": 0,
    "lang": "en",
    "updated": 0
  }
]