[
  {
    "id": "c23404f0-cc1b-494d-9bff-c0c25e723a3a",
    "data": [
      {
        "text": "what\u0027s the maximum speed of my car",
        "userDefined": false
      }
    ],
    "isTemplate": false,
    "count": 0,
    "lang": "en",
    "updated": 0
  },
  {
    "id": "eec40ec4-8f18-48ec-babc-20a59546d8cc",
    "data": [
      {
        "text": "speed of my car",
        "userDefined": false
      }
    ],
    "isTemplate": false,
    "count": 0,
    "lang": "en",
    "updated": 0
  },
  {
    "id": "d43d1b25-5ca2-4a4f-a150-186c022aa990",
    "data": [
      {
        "text": "what\u0027",
        "userDefined": false
      },
      {
        "text": "s",
        "meta": "@sys.ignore",
        "userDefined": false
      },
      {
        "text": " the ",
        "userDefined": false
      },
      {
        "text": "maximum",
        "meta": "@sys.ignore",
        "userDefined": false
      },
      {
        "text": " ",
        "userDefined": false
      },
      {
        "text": "speed of my vehicle",
        "meta": "@sys.ignore",
        "userDefined": false
      }
    ],
    "isTemplate": false,
    "count": 0,
    "lang": "en",
    "updated": 0
  },
  {
    "id": "ca159dc0-75a5-4fb9-b8a9-ef5311aca809",
    "data": [
      {
        "text": "maximum speed of my car",
        "userDefined": false
      }
    ],
    "isTemplate": false,
    "count": 0,
    "lang": "en",
    "updated": 0
  },
  {
    "id": "5e9a96e6-659a-4995-a1aa-eba2b34f05c4",
    "data": [
      {
        "text": "how fast can I go",
        "userDefined": false
      }
    ],
    "isTemplate": false,
    "count": 0,
    "lang": "en",
    "updated": 0
  },
  {
    "id": "3e2bc06d-8dcc-4c3d-8763-436297ec27a0",
    "data": [
      {
        "text": "how fast can my car go",
        "userDefined": false
      }
    ],
    "isTemplate": false,
    "count": 0,
    "lang": "en",
    "updated": 0
  },
  {
    "id": "07380995-9f92-4f4d-a53e-2cbcd964a63b",
    "data": [
      {
        "text": "my maximum acceleration",
        "userDefined": false
      }
    ],
    "isTemplate": false,
    "count": 0,
    "lang": "en",
    "updated": 0
  }
]