[
  {
    "id": "7f617ea8-bc63-4d54-b17c-a25d06c64124",
    "data": [
      {
        "text": "turn ",
        "userDefined": false
      },
      {
        "text": "down",
        "meta": "@sys.ignore",
        "userDefined": true
      },
      {
        "text": " the temperature of the ",
        "userDefined": false
      },
      {
        "text": "driver\u0027s seat",
        "meta": "@car-seat",
        "alias": "car-part",
        "userDefined": true
      }
    ],
    "isTemplate": false,
    "count": 0,
    "lang": "en",
    "updated": 0
  },
  {
    "id": "3217a44e-fdf5-4fae-9fad-46746a577911",
    "data": [
      {
        "text": "decrease the ",
        "userDefined": false
      },
      {
        "text": "heater",
        "meta": "@sys.ignore",
        "userDefined": true
      },
      {
        "text": " for ",
        "userDefined": false
      },
      {
        "text": "baby seat",
        "meta": "@car-seat",
        "alias": "car-part",
        "userDefined": true
      }
    ],
    "isTemplate": false,
    "count": 0,
    "lang": "en",
    "updated": 0
  },
  {
    "id": "f090b360-2f6e-45d3-a282-61bbf8ff3427",
    "data": [
      {
        "text": "make ",
        "userDefined": false
      },
      {
        "text": "my seat",
        "meta": "@car-seat",
        "alias": "car-part",
        "userDefined": true
      },
      {
        "text": " cooler",
        "userDefined": false
      }
    ],
    "isTemplate": false,
    "count": 0,
    "lang": "en",
    "updated": 0
  },
  {
    "id": "4bacfac5-09c5-4a95-9e1c-9fac41910241",
    "data": [
      {
        "text": "turn the ",
        "userDefined": false
      },
      {
        "text": "heater",
        "meta": "@sys.ignore",
        "userDefined": true
      },
      {
        "text": " for both ",
        "userDefined": false
      },
      {
        "text": "front seats",
        "meta": "@car-seat",
        "alias": "car-part",
        "userDefined": true
      },
      {
        "text": " ",
        "userDefined": false
      },
      {
        "text": "down",
        "meta": "@sys.ignore",
        "userDefined": true
      }
    ],
    "isTemplate": false,
    "count": 0,
    "lang": "en",
    "updated": 0
  },
  {
    "id": "917c951a-46a1-493a-96b7-69036fc7259f",
    "data": [
      {
        "text": "make the ",
        "userDefined": false
      },
      {
        "text": "driver\u0027s seat",
        "meta": "@car-seat",
        "alias": "car-part",
        "userDefined": true
      },
      {
        "text": " ",
        "userDefined": false
      },
      {
        "text": "5",
        "meta": "@sys.number",
        "alias": "temperature",
        "userDefined": true
      },
      {
        "text": " degrees colder",
        "userDefined": false
      }
    ],
    "isTemplate": false,
    "count": 0,
    "lang": "en",
    "updated": 0
  },
  {
    "id": "ae5a5b63-5d6d-4384-85ac-62e0e8621c01",
    "data": [
      {
        "text": "make ",
        "userDefined": false
      },
      {
        "text": "it",
        "meta": "@sys.ignore",
        "userDefined": true
      },
      {
        "text": " colder ",
        "userDefined": false
      },
      {
        "text": "for",
        "meta": "@sys.ignore",
        "userDefined": true
      },
      {
        "text": " ",
        "userDefined": false
      },
      {
        "text": "Maggie",
        "meta": "@sys.given-name",
        "alias": "passenger",
        "userDefined": true
      }
    ],
    "isTemplate": false,
    "count": 0,
    "lang": "en",
    "updated": 0
  },
  {
    "id": "ce16444e-031f-4465-99ae-f4bd8dfc8c7c",
    "data": [
      {
        "text": "turn",
        "meta": "@sys.ignore",
        "userDefined": true
      },
      {
        "text": " ",
        "userDefined": false
      },
      {
        "text": "down",
        "meta": "@sys.ignore",
        "userDefined": true
      },
      {
        "text": " the ",
        "userDefined": false
      },
      {
        "text": "air conditioning",
        "meta": "@sys.ignore",
        "userDefined": true
      },
      {
        "text": " for ",
        "userDefined": false
      },
      {
        "text": "my seat",
        "meta": "@car-seat",
        "alias": "car-part",
        "userDefined": true
      }
    ],
    "isTemplate": false,
    "count": 0,
    "lang": "en",
    "updated": 0
  },
  {
    "id": "e997f94a-e232-41fe-a0a0-9beb1b78450a",
    "data": [
      {
        "text": "turn ",
        "userDefined": false
      },
      {
        "text": "down",
        "meta": "@sys.ignore",
        "userDefined": true
      },
      {
        "text": " the ",
        "userDefined": false
      },
      {
        "text": "heater",
        "meta": "@sys.ignore",
        "userDefined": true
      },
      {
        "text": " for ",
        "userDefined": false
      },
      {
        "text": "each",
        "meta": "@all",
        "alias": "all",
        "userDefined": true
      },
      {
        "text": " seat in ",
        "userDefined": false
      },
      {
        "text": "the car",
        "meta": "@sys.ignore",
        "userDefined": true
      }
    ],
    "isTemplate": false,
    "count": 0,
    "lang": "en",
    "updated": 0
  },
  {
    "id": "1315a84d-c395-471a-bab4-90eaa4a0ec71",
    "data": [
      {
        "text": "the ",
        "userDefined": false
      },
      {
        "text": "driver\u0027s seat",
        "meta": "@car-seat",
        "alias": "car-part",
        "userDefined": true
      },
      {
        "text": " is too hot",
        "userDefined": false
      }
    ],
    "isTemplate": false,
    "count": 0,
    "lang": "en",
    "updated": 0
  },
  {
    "id": "1da04e75-2c51-4f81-b358-e226d6f59d98",
    "data": [
      {
        "text": "it\u0027s too hot in the ",
        "userDefined": false
      },
      {
        "text": "rear seats",
        "meta": "@car-seat",
        "alias": "car-part",
        "userDefined": true
      }
    ],
    "isTemplate": false,
    "count": 0,
    "lang": "en",
    "updated": 0
  },
  {
    "id": "b72db362-a9e8-4abd-a1c2-c31d9f39a727",
    "data": [
      {
        "text": "turn the ",
        "userDefined": false
      },
      {
        "text": "heater",
        "meta": "@sys.ignore",
        "userDefined": true
      },
      {
        "text": " for ",
        "userDefined": false
      },
      {
        "text": "rear left seat",
        "meta": "@car-seat",
        "alias": "car-part",
        "userDefined": true
      },
      {
        "text": " ",
        "userDefined": false
      },
      {
        "text": "down",
        "meta": "@sys.ignore",
        "userDefined": true
      }
    ],
    "isTemplate": false,
    "count": 0,
    "lang": "en",
    "updated": 0
  },
  {
    "id": "2b432384-7a23-4850-b7e8-ac8ab48f15fd",
    "data": [
      {
        "text": "turn down the temperature for ",
        "userDefined": false
      },
      {
        "text": "driver\u0027s seat",
        "meta": "@car-seat",
        "alias": "car-part",
        "userDefined": true
      }
    ],
    "isTemplate": false,
    "count": 0,
    "lang": "en",
    "updated": 0
  },
  {
    "id": "bcd2b795-11dd-4954-b74a-069ad9ed853c",
    "data": [
      {
        "text": "turn ",
        "userDefined": false
      },
      {
        "text": "down",
        "meta": "@sys.ignore",
        "userDefined": true
      },
      {
        "text": " the seat heater for ",
        "userDefined": false
      },
      {
        "text": "Mia",
        "meta": "@sys.given-name",
        "alias": "passenger",
        "userDefined": true
      }
    ],
    "isTemplate": false,
    "count": 0,
    "lang": "en",
    "updated": 0
  },
  {
    "id": "17dca576-9c7d-480c-b432-ab555c5a3c8d",
    "data": [
      {
        "text": "make ",
        "userDefined": false
      },
      {
        "text": "Nolan\u0027s",
        "meta": "@sys.given-name",
        "alias": "passenger",
        "userDefined": true
      },
      {
        "text": " seat cooler",
        "userDefined": false
      }
    ],
    "isTemplate": false,
    "count": 0,
    "lang": "en",
    "updated": 0
  },
  {
    "id": "0992e80f-f3a1-4aab-b62a-9473c12a5daa",
    "data": [
      {
        "text": "can",
        "meta": "@sys.ignore",
        "userDefined": false
      },
      {
        "text": " you ",
        "userDefined": false
      },
      {
        "text": "lower",
        "meta": "@sys.ignore",
        "userDefined": false
      },
      {
        "text": " the ",
        "userDefined": false
      },
      {
        "text": "temperature",
        "meta": "@sys.ignore",
        "userDefined": false
      },
      {
        "text": " for ",
        "userDefined": false
      },
      {
        "text": "my seat",
        "meta": "@car-seat",
        "alias": "car-part",
        "userDefined": false
      }
    ],
    "isTemplate": false,
    "count": 0,
    "lang": "en",
    "updated": 0
  },
  {
    "id": "dde00414-5dcf-44bb-9d63-131010bc20d8",
    "data": [
      {
        "text": "turn down the seat\u0027s temp for ",
        "userDefined": false
      },
      {
        "text": "Maggie",
        "meta": "@sys.given-name",
        "alias": "passenger",
        "userDefined": true
      }
    ],
    "isTemplate": false,
    "count": 0,
    "lang": "en",
    "updated": 0
  },
  {
    "id": "2f7b27c2-4210-4c32-bc17-b09138a44b6c",
    "data": [
      {
        "text": "make ",
        "userDefined": false
      },
      {
        "text": "my seat",
        "meta": "@car-seat",
        "alias": "car-part",
        "userDefined": true
      },
      {
        "text": " colder",
        "userDefined": false
      }
    ],
    "isTemplate": false,
    "count": 0,
    "lang": "en",
    "updated": 0
  }
]