[
  {
    "id": "322785b0-236f-4516-a157-054649c2019b",
    "data": [
      {
        "text": "make ",
        "userDefined": false
      },
      {
        "text": "every",
        "meta": "@all",
        "alias": "all",
        "userDefined": false
      },
      {
        "text": " seat ",
        "userDefined": false
      },
      {
        "text": "lower",
        "meta": "@position",
        "alias": "position",
        "userDefined": false
      },
      {
        "text": " to ",
        "userDefined": false
      },
      {
        "text": "20",
        "meta": "@sys.number",
        "alias": "change-value",
        "userDefined": false
      },
      {
        "text": " points when everyone ",
        "userDefined": false
      },
      {
        "text": "get out",
        "meta": "@condition",
        "alias": "condition",
        "userDefined": false
      },
      {
        "text": " of the car",
        "userDefined": false
      }
    ],
    "isTemplate": false,
    "count": 0,
    "lang": "en",
    "updated": 0
  },
  {
    "id": "d54c42fc-7617-4214-8012-aa65e2e9f576",
    "data": [
      {
        "text": "make ",
        "userDefined": false
      },
      {
        "text": "my seat",
        "meta": "@car-seat",
        "alias": "car-seat",
        "userDefined": false
      },
      {
        "text": " ",
        "userDefined": false
      },
      {
        "text": "20",
        "meta": "@sys.number",
        "alias": "change-value",
        "userDefined": false
      },
      {
        "text": " points ",
        "userDefined": false
      },
      {
        "text": "lower",
        "meta": "@position",
        "alias": "position",
        "userDefined": false
      },
      {
        "text": " when I ",
        "userDefined": false
      },
      {
        "text": "get out",
        "meta": "@condition",
        "alias": "condition",
        "userDefined": false
      },
      {
        "text": " of the car",
        "userDefined": false
      }
    ],
    "isTemplate": false,
    "count": 0,
    "lang": "en",
    "updated": 0
  },
  {
    "id": "ca929c64-567c-418d-9db8-a6851b6eace9",
    "data": [
      {
        "text": "make ",
        "userDefined": false
      },
      {
        "text": "Karl\u0027s",
        "meta": "@sys.given-name",
        "alias": "passenger",
        "userDefined": true
      },
      {
        "text": " seat ",
        "userDefined": false
      },
      {
        "text": "10",
        "meta": "@sys.number",
        "alias": "change-value",
        "userDefined": false
      },
      {
        "text": " points ",
        "userDefined": false
      },
      {
        "text": "higher",
        "meta": "@position",
        "alias": "position",
        "userDefined": false
      },
      {
        "text": " when he ",
        "userDefined": false
      },
      {
        "text": "gets in the",
        "meta": "@condition",
        "alias": "condition",
        "userDefined": false
      },
      {
        "text": " car",
        "userDefined": false
      }
    ],
    "isTemplate": false,
    "count": 0,
    "lang": "en",
    "updated": 0
  },
  {
    "id": "a55dce1c-31a8-4cf3-9094-2cb24afb97a2",
    "data": [
      {
        "text": "make ",
        "userDefined": false
      },
      {
        "text": "my seat",
        "meta": "@car-seat",
        "alias": "car-seat",
        "userDefined": false
      },
      {
        "text": " ",
        "userDefined": false
      },
      {
        "text": "10",
        "meta": "@sys.number",
        "alias": "change-value",
        "userDefined": false
      },
      {
        "text": " points ",
        "userDefined": false
      },
      {
        "text": "lower",
        "meta": "@position",
        "alias": "position",
        "userDefined": false
      },
      {
        "text": " when I ",
        "userDefined": false
      },
      {
        "text": "get in the",
        "meta": "@condition",
        "alias": "condition",
        "userDefined": false
      },
      {
        "text": " car",
        "userDefined": false
      }
    ],
    "isTemplate": false,
    "count": 0,
    "lang": "en",
    "updated": 0
  },
  {
    "id": "e612219a-8eda-4052-a799-d65f9f21bdc9",
    "data": [
      {
        "text": "bring ",
        "userDefined": false
      },
      {
        "text": "front seats",
        "meta": "@car-seat",
        "alias": "car-seat",
        "userDefined": false
      },
      {
        "text": " to ",
        "userDefined": false
      },
      {
        "text": "safe",
        "meta": "@position",
        "alias": "position",
        "userDefined": false
      },
      {
        "text": " position when I ",
        "userDefined": false
      },
      {
        "text": "leave",
        "meta": "@condition",
        "alias": "condition",
        "userDefined": false
      },
      {
        "text": " the car",
        "userDefined": false
      }
    ],
    "isTemplate": false,
    "count": 0,
    "lang": "en",
    "updated": 0
  },
  {
    "id": "054f0584-f13c-486e-b817-db2348ac768e",
    "data": [
      {
        "text": "return ",
        "userDefined": false
      },
      {
        "text": "all of",
        "meta": "@all",
        "alias": "all",
        "userDefined": false
      },
      {
        "text": " the seats to ",
        "userDefined": false
      },
      {
        "text": "safe",
        "meta": "@position",
        "alias": "position",
        "userDefined": false
      },
      {
        "text": " position once everyone ",
        "userDefined": false
      },
      {
        "text": "abandon",
        "meta": "@condition",
        "alias": "condition",
        "userDefined": false
      },
      {
        "text": " the car",
        "userDefined": false
      }
    ],
    "isTemplate": false,
    "count": 0,
    "lang": "en",
    "updated": 0
  },
  {
    "id": "4a0b67d8-fbb1-45d0-82b9-f3f5b62a4144",
    "data": [
      {
        "text": "make ",
        "userDefined": false
      },
      {
        "text": "my seat",
        "meta": "@car-seat",
        "alias": "car-seat",
        "userDefined": false
      },
      {
        "text": " ",
        "userDefined": false
      },
      {
        "text": "20",
        "meta": "@sys.number",
        "alias": "change-value",
        "userDefined": false
      },
      {
        "text": " points ",
        "userDefined": false
      },
      {
        "text": "lower",
        "meta": "@position",
        "alias": "position",
        "userDefined": false
      },
      {
        "text": " on ",
        "userDefined": false
      },
      {
        "text": "sunrise",
        "meta": "@condition",
        "alias": "condition",
        "userDefined": false
      }
    ],
    "isTemplate": false,
    "count": 0,
    "lang": "en",
    "updated": 0
  },
  {
    "id": "5cd92344-f2d1-4255-9346-8102f80fb803",
    "data": [
      {
        "text": "make ",
        "userDefined": false
      },
      {
        "text": "each",
        "meta": "@all",
        "alias": "all",
        "userDefined": false
      },
      {
        "text": " seat ",
        "userDefined": false
      },
      {
        "text": "20",
        "meta": "@sys.number",
        "alias": "change-value",
        "userDefined": false
      },
      {
        "text": " points ",
        "userDefined": false
      },
      {
        "text": "higher",
        "meta": "@position",
        "alias": "position",
        "userDefined": false
      },
      {
        "text": " on ",
        "userDefined": false
      },
      {
        "text": "sunset",
        "meta": "@condition",
        "alias": "condition",
        "userDefined": false
      }
    ],
    "isTemplate": false,
    "count": 0,
    "lang": "en",
    "updated": 0
  },
  {
    "id": "1308655e-2073-4672-8f32-26f4f76cf1bd",
    "data": [
      {
        "text": "bring ",
        "userDefined": false
      },
      {
        "text": "John\u0027s",
        "meta": "@sys.given-name",
        "alias": "passenger",
        "userDefined": false
      },
      {
        "text": "  seat to the ",
        "userDefined": false
      },
      {
        "text": "safe",
        "meta": "@position",
        "alias": "position",
        "userDefined": true
      },
      {
        "text": " position when he ",
        "userDefined": false
      },
      {
        "text": "gets out",
        "meta": "@condition",
        "alias": "condition",
        "userDefined": false
      },
      {
        "text": " of the car",
        "userDefined": false
      }
    ],
    "isTemplate": false,
    "count": 0,
    "lang": "en",
    "updated": 0
  },
  {
    "id": "b00c9f13-3b1b-460b-98f8-1057c3bbe47b",
    "data": [
      {
        "text": "make ",
        "userDefined": false
      },
      {
        "text": "every",
        "meta": "@all",
        "alias": "all",
        "userDefined": false
      },
      {
        "text": " seat ",
        "userDefined": false
      },
      {
        "text": "lower",
        "meta": "@position",
        "alias": "position",
        "userDefined": false
      },
      {
        "text": " to ",
        "userDefined": false
      },
      {
        "text": "20",
        "meta": "@sys.number",
        "alias": "change-value",
        "userDefined": false
      },
      {
        "text": " points when I ",
        "userDefined": false
      },
      {
        "text": "leave",
        "meta": "@condition",
        "alias": "condition",
        "userDefined": false
      },
      {
        "text": " the car",
        "userDefined": false
      }
    ],
    "isTemplate": false,
    "count": 0,
    "lang": "en",
    "updated": 0
  },
  {
    "id": "5e6796e3-b2ba-4ea3-811f-c9e28ac6f963",
    "data": [
      {
        "text": "make ",
        "userDefined": false
      },
      {
        "text": "my seat",
        "meta": "@car-seat",
        "alias": "car-seat",
        "userDefined": false
      },
      {
        "text": " to ",
        "userDefined": false
      },
      {
        "text": "safe",
        "meta": "@position",
        "alias": "position",
        "userDefined": false
      },
      {
        "text": " position when I ",
        "userDefined": false
      },
      {
        "text": "leave",
        "meta": "@condition",
        "alias": "condition",
        "userDefined": false
      },
      {
        "text": " the car",
        "userDefined": false
      }
    ],
    "isTemplate": false,
    "count": 1,
    "lang": "en",
    "updated": 0
  },
  {
    "id": "5527a6ab-f296-4167-89a1-754a47202072",
    "data": [
      {
        "text": "make ",
        "userDefined": false
      },
      {
        "text": "Mary\u0027s",
        "meta": "@sys.given-name",
        "alias": "passenger",
        "userDefined": false
      },
      {
        "text": " seat ",
        "userDefined": false
      },
      {
        "text": "lower",
        "meta": "@position",
        "alias": "position",
        "userDefined": false
      },
      {
        "text": " to ",
        "userDefined": false
      },
      {
        "text": "15",
        "meta": "@sys.number",
        "alias": "change-value",
        "userDefined": false
      },
      {
        "text": " points when she ",
        "userDefined": false
      },
      {
        "text": "gets in the",
        "meta": "@condition",
        "alias": "condition",
        "userDefined": false
      },
      {
        "text": " car",
        "userDefined": false
      }
    ],
    "isTemplate": false,
    "count": 0,
    "lang": "en",
    "updated": 0
  },
  {
    "id": "8d336f24-79f1-4834-8a62-a27816d113f7",
    "data": [
      {
        "text": "bring",
        "meta": "@sys.ignore",
        "userDefined": false
      },
      {
        "text": " ",
        "userDefined": false
      },
      {
        "text": "all of",
        "meta": "@all",
        "alias": "all",
        "userDefined": true
      },
      {
        "text": " the ",
        "userDefined": false
      },
      {
        "text": "seats",
        "meta": "@sys.ignore",
        "userDefined": false
      },
      {
        "text": " ",
        "userDefined": false
      },
      {
        "text": "to",
        "meta": "@sys.ignore",
        "userDefined": false
      },
      {
        "text": " ",
        "userDefined": false
      },
      {
        "text": "safe",
        "meta": "@position",
        "alias": "position",
        "userDefined": false
      },
      {
        "text": " position ",
        "userDefined": false
      },
      {
        "text": "when",
        "meta": "@sys.ignore",
        "userDefined": false
      },
      {
        "text": " I ",
        "userDefined": false
      },
      {
        "text": "leave",
        "meta": "@condition",
        "alias": "condition",
        "userDefined": false
      },
      {
        "text": " ",
        "userDefined": false
      },
      {
        "text": "the car",
        "meta": "@sys.ignore",
        "userDefined": false
      }
    ],
    "isTemplate": false,
    "count": 1,
    "lang": "en",
    "updated": 0
  },
  {
    "id": "6e84e1b1-5f4b-4127-9dd9-a21ac0c26fac",
    "data": [
      {
        "text": "make ",
        "userDefined": false
      },
      {
        "text": "Karl\u0027s",
        "meta": "@sys.given-name",
        "alias": "passenger",
        "userDefined": true
      },
      {
        "text": " ",
        "userDefined": false
      },
      {
        "text": "seat",
        "meta": "@sys.ignore",
        "userDefined": false
      },
      {
        "text": " ",
        "userDefined": false
      },
      {
        "text": "higher",
        "meta": "@position",
        "alias": "position",
        "userDefined": false
      },
      {
        "text": " to ",
        "userDefined": false
      },
      {
        "text": "10",
        "meta": "@sys.number",
        "alias": "change-value",
        "userDefined": true
      },
      {
        "text": " points ",
        "userDefined": false
      },
      {
        "text": "when",
        "meta": "@sys.ignore",
        "userDefined": false
      },
      {
        "text": " he ",
        "userDefined": false
      },
      {
        "text": "gets in",
        "meta": "@condition",
        "alias": "condition",
        "userDefined": false
      },
      {
        "text": " ",
        "userDefined": false
      },
      {
        "text": "the car",
        "meta": "@sys.ignore",
        "userDefined": false
      }
    ],
    "isTemplate": false,
    "count": 0,
    "lang": "en",
    "updated": 0
  },
  {
    "id": "445b0cce-e196-4948-bb17-7f13e1791ed1",
    "data": [
      {
        "text": "make ",
        "userDefined": false
      },
      {
        "text": "my seat",
        "meta": "@car-seat",
        "alias": "car-seat",
        "userDefined": false
      },
      {
        "text": " ",
        "userDefined": false
      },
      {
        "text": "higher",
        "meta": "@position",
        "alias": "position",
        "userDefined": false
      },
      {
        "text": " ",
        "userDefined": false
      },
      {
        "text": "when",
        "meta": "@sys.ignore",
        "userDefined": false
      },
      {
        "text": " I ",
        "userDefined": false
      },
      {
        "text": "get in",
        "meta": "@condition",
        "alias": "condition",
        "userDefined": false
      },
      {
        "text": " ",
        "userDefined": false
      },
      {
        "text": "the car",
        "meta": "@sys.ignore",
        "userDefined": false
      }
    ],
    "isTemplate": false,
    "count": 0,
    "lang": "en",
    "updated": 0
  }
]