[
  {
    "id": "4bb7dfba-637d-4587-b1e6-23d03ea741ed",
    "data": [
      {
        "text": "turn off",
        "meta": "@sys.ignore",
        "userDefined": true
      },
      {
        "text": " ",
        "userDefined": false
      },
      {
        "text": "air conditioning",
        "meta": "@sys.ignore",
        "userDefined": true
      },
      {
        "text": " for ",
        "userDefined": false
      },
      {
        "text": "front seat",
        "meta": "@car-seat",
        "alias": "car-part",
        "userDefined": true
      }
    ],
    "isTemplate": false,
    "count": 0,
    "lang": "en",
    "updated": 0
  },
  {
    "id": "b0ede410-de12-45f6-831a-ff8da1da9fde",
    "data": [
      {
        "text": "turn off",
        "meta": "@sys.ignore",
        "userDefined": true
      },
      {
        "text": " the ",
        "userDefined": false
      },
      {
        "text": "heater",
        "meta": "@sys.ignore",
        "userDefined": true
      },
      {
        "text": " for ",
        "userDefined": false
      },
      {
        "text": "Kate",
        "meta": "@sys.given-name",
        "alias": "passenger",
        "userDefined": true
      }
    ],
    "isTemplate": false,
    "count": 0,
    "lang": "en",
    "updated": 0
  },
  {
    "id": "1e18b67a-65d3-4db5-bcc9-5dd900ba5ee6",
    "data": [
      {
        "text": "turn",
        "meta": "@sys.ignore",
        "userDefined": true
      },
      {
        "text": " ",
        "userDefined": false
      },
      {
        "text": "air conditioning",
        "meta": "@sys.ignore",
        "userDefined": true
      },
      {
        "text": " ",
        "userDefined": false
      },
      {
        "text": "off",
        "meta": "@sys.ignore",
        "userDefined": true
      },
      {
        "text": " for ",
        "userDefined": false
      },
      {
        "text": "driver\u0027s seat",
        "meta": "@car-seat",
        "alias": "car-part",
        "userDefined": true
      }
    ],
    "isTemplate": false,
    "count": 0,
    "lang": "en",
    "updated": 0
  },
  {
    "id": "7af42112-d3e7-4e58-b54d-2bd17aae6667",
    "data": [
      {
        "text": "turn the heater for ",
        "userDefined": false
      },
      {
        "text": "baby seat",
        "meta": "@car-seat",
        "alias": "car-part",
        "userDefined": true
      },
      {
        "text": " off",
        "userDefined": false
      }
    ],
    "isTemplate": false,
    "count": 1,
    "lang": "en",
    "updated": 0
  },
  {
    "id": "097c409d-a1b7-439b-bee8-e395bb05a970",
    "data": [
      {
        "text": "turn off seat heater",
        "userDefined": false
      }
    ],
    "isTemplate": false,
    "count": 0,
    "lang": "en",
    "updated": 0
  },
  {
    "id": "d76b5207-de59-4c07-94e9-f7d614ab3980",
    "data": [
      {
        "text": "switch off the seat heater",
        "userDefined": false
      }
    ],
    "isTemplate": false,
    "count": 0,
    "lang": "en",
    "updated": 0
  },
  {
    "id": "2c27d4b2-1ff9-4c6a-b33e-2a49048ddfad",
    "data": [
      {
        "text": "switch off the heater for ",
        "userDefined": false
      },
      {
        "text": "all",
        "meta": "@all",
        "alias": "all",
        "userDefined": true
      },
      {
        "text": " seats",
        "userDefined": false
      }
    ],
    "isTemplate": false,
    "count": 0,
    "lang": "en",
    "updated": 0
  },
  {
    "id": "bcf529fe-5661-4ece-9914-8c281935696d",
    "data": [
      {
        "text": "turn ",
        "userDefined": false
      },
      {
        "text": "my seat",
        "meta": "@car-seat",
        "alias": "car-part",
        "userDefined": true
      },
      {
        "text": " heater off",
        "userDefined": false
      }
    ],
    "isTemplate": false,
    "count": 0,
    "lang": "en",
    "updated": 0
  },
  {
    "id": "e888a756-3553-43df-ab49-a221078bed42",
    "data": [
      {
        "text": "turn off",
        "meta": "@sys.ignore",
        "userDefined": false
      },
      {
        "text": " the ",
        "userDefined": false
      },
      {
        "text": "heating",
        "meta": "@sys.ignore",
        "userDefined": false
      },
      {
        "text": " under ",
        "userDefined": false
      },
      {
        "text": "my seat",
        "meta": "@car-seat",
        "alias": "car-part",
        "userDefined": false
      },
      {
        "text": " please",
        "userDefined": false
      }
    ],
    "isTemplate": false,
    "count": 0,
    "lang": "en",
    "updated": 0
  },
  {
    "id": "1d236518-1adc-40e4-8d15-c3825f9b3126",
    "data": [
      {
        "text": "seat heater off",
        "userDefined": false
      }
    ],
    "isTemplate": false,
    "count": 0,
    "lang": "en",
    "updated": 0
  },
  {
    "id": "b5a4e028-1f5a-458a-8ab7-9800aee7b2ce",
    "data": [
      {
        "text": "turn",
        "meta": "@sys.ignore",
        "userDefined": true
      },
      {
        "text": " off the ",
        "userDefined": false
      },
      {
        "text": "heater",
        "meta": "@sys.ignore",
        "userDefined": true
      },
      {
        "text": " for ",
        "userDefined": false
      },
      {
        "text": "Carol",
        "meta": "@sys.given-name",
        "alias": "passenger",
        "userDefined": true
      }
    ],
    "isTemplate": false,
    "count": 0,
    "lang": "en",
    "updated": 0
  },
  {
    "id": "934a560e-e8ae-45ec-98cf-f79e5d2c96dd",
    "data": [
      {
        "text": "turn off the heater for ",
        "userDefined": false
      },
      {
        "text": "my seat",
        "meta": "@car-seat",
        "alias": "car-part",
        "userDefined": true
      }
    ],
    "isTemplate": false,
    "count": 0,
    "lang": "en",
    "updated": 0
  }
]