[
  {
    "id": "02a98627-8f1e-48bb-8679-e0cf742d32c1",
    "data": [
      {
        "text": "turn ",
        "userDefined": false
      },
      {
        "text": "up",
        "meta": "@sys.ignore",
        "userDefined": true
      },
      {
        "text": " the ",
        "userDefined": false
      },
      {
        "text": "lights in",
        "meta": "@sys.ignore",
        "userDefined": true
      },
      {
        "text": " ",
        "userDefined": false
      },
      {
        "text": "the car",
        "meta": "@sys.ignore",
        "userDefined": true
      }
    ],
    "isTemplate": false,
    "count": 0,
    "lang": "en",
    "updated": 0
  },
  {
    "id": "c0c5a192-3a30-4d92-860c-b4b7c9dd918c",
    "data": [
      {
        "text": "turn up the head light for ",
        "userDefined": false
      },
      {
        "text": "8",
        "meta": "@sys.number",
        "alias": "change-value",
        "userDefined": true
      },
      {
        "text": " points",
        "userDefined": false
      }
    ],
    "isTemplate": false,
    "count": 0,
    "lang": "en",
    "updated": 0
  },
  {
    "id": "9ad0565c-1f6d-42c5-93f6-8c4a2da0799e",
    "data": [
      {
        "text": "turn up the ",
        "userDefined": false
      },
      {
        "text": "head light",
        "meta": "@car-light",
        "alias": "car-part",
        "userDefined": true
      },
      {
        "text": " for ",
        "userDefined": false
      },
      {
        "text": "Kate",
        "meta": "@sys.given-name",
        "alias": "name",
        "userDefined": true
      }
    ],
    "isTemplate": false,
    "count": 0,
    "lang": "en",
    "updated": 0
  },
  {
    "id": "a8ac7565-71df-49b4-b074-652fe764f21e",
    "data": [
      {
        "text": "increase the light for ",
        "userDefined": false
      },
      {
        "text": "Mary\u0027s",
        "meta": "@sys.given-name",
        "alias": "name",
        "userDefined": true
      },
      {
        "text": " seat",
        "userDefined": false
      }
    ],
    "isTemplate": false,
    "count": 0,
    "lang": "en",
    "updated": 0
  },
  {
    "id": "186eac63-9f8e-4157-a105-ccc419d5f465",
    "data": [
      {
        "text": "turn ",
        "userDefined": false
      },
      {
        "text": "the car",
        "meta": "@sys.ignore",
        "userDefined": true
      },
      {
        "text": " ",
        "userDefined": false
      },
      {
        "text": "lights",
        "meta": "@sys.ignore",
        "userDefined": true
      },
      {
        "text": " ",
        "userDefined": false
      },
      {
        "text": "up",
        "meta": "@sys.ignore",
        "userDefined": true
      }
    ],
    "isTemplate": false,
    "count": 0,
    "lang": "en",
    "updated": 0
  },
  {
    "id": "2dd206c4-b415-45ac-ba52-cc4da2c36aaf",
    "data": [
      {
        "text": "increase the ",
        "userDefined": false
      },
      {
        "text": "power",
        "meta": "@sys.ignore",
        "userDefined": true
      },
      {
        "text": " of ",
        "userDefined": false
      },
      {
        "text": "reverse lights",
        "meta": "@car-light",
        "alias": "car-part",
        "userDefined": true
      }
    ],
    "isTemplate": false,
    "count": 0,
    "lang": "en",
    "updated": 0
  },
  {
    "id": "f822526a-25f1-4702-87c5-938db2d56dc8",
    "data": [
      {
        "text": "turn ",
        "userDefined": false
      },
      {
        "text": "up",
        "meta": "@sys.ignore",
        "userDefined": true
      },
      {
        "text": " ",
        "userDefined": false
      },
      {
        "text": "all",
        "meta": "@all",
        "alias": "all",
        "userDefined": true
      },
      {
        "text": " the ",
        "userDefined": false
      },
      {
        "text": "lights",
        "meta": "@sys.ignore",
        "userDefined": true
      },
      {
        "text": " in ",
        "userDefined": false
      },
      {
        "text": "the car",
        "meta": "@sys.ignore",
        "userDefined": true
      }
    ],
    "isTemplate": false,
    "count": 0,
    "lang": "en",
    "updated": 0
  },
  {
    "id": "965dbd10-65af-4197-956b-159276658389",
    "data": [
      {
        "text": "increase the ",
        "userDefined": false
      },
      {
        "text": "light",
        "meta": "@sys.ignore",
        "userDefined": true
      },
      {
        "text": " in the car",
        "userDefined": false
      }
    ],
    "isTemplate": false,
    "count": 0,
    "lang": "en",
    "updated": 0
  },
  {
    "id": "47390bfc-09be-41ae-8199-1e800db1b6ce",
    "data": [
      {
        "text": "turn the ",
        "userDefined": false
      },
      {
        "text": "warning light",
        "meta": "@car-light",
        "alias": "car-part",
        "userDefined": true
      },
      {
        "text": " ",
        "userDefined": false
      },
      {
        "text": "up",
        "meta": "@sys.ignore",
        "userDefined": true
      }
    ],
    "isTemplate": false,
    "count": 0,
    "lang": "en",
    "updated": 0
  },
  {
    "id": "c27da82b-b65b-4979-a2b4-2f145cda94dc",
    "data": [
      {
        "text": "turn the ",
        "userDefined": false
      },
      {
        "text": "dashboard lights",
        "meta": "@car-light",
        "alias": "car-part",
        "userDefined": true
      },
      {
        "text": " up for ",
        "userDefined": false
      },
      {
        "text": "John",
        "meta": "@sys.given-name",
        "alias": "name",
        "userDefined": true
      }
    ],
    "isTemplate": false,
    "count": 0,
    "lang": "en",
    "updated": 0
  },
  {
    "id": "6d04a603-27fd-4d1d-935e-b6bbe2daa974",
    "data": [
      {
        "text": "turn up the ",
        "userDefined": false
      },
      {
        "text": "head light",
        "meta": "@car-light",
        "alias": "car-part",
        "userDefined": true
      },
      {
        "text": " for ",
        "userDefined": false
      },
      {
        "text": "my seat",
        "meta": "@sys.ignore",
        "userDefined": true
      }
    ],
    "isTemplate": false,
    "count": 0,
    "lang": "en",
    "updated": 0
  },
  {
    "id": "e7db641e-e020-4277-a949-ed75b07541b2",
    "data": [
      {
        "text": "turn ",
        "userDefined": false
      },
      {
        "text": "up",
        "meta": "@sys.ignore",
        "userDefined": true
      },
      {
        "text": " the ",
        "userDefined": false
      },
      {
        "text": "head light",
        "meta": "@car-light",
        "alias": "car-part",
        "userDefined": true
      }
    ],
    "isTemplate": false,
    "count": 0,
    "lang": "en",
    "updated": 0
  }
]