[
  {
    "id": "f9f36e92-9ff1-42f6-8aeb-ed9e641c1f1d",
    "data": [
      {
        "text": "unlock ",
        "userDefined": false
      },
      {
        "text": "every",
        "meta": "@all",
        "alias": "all",
        "userDefined": true
      },
      {
        "text": " ",
        "userDefined": false
      },
      {
        "text": "door",
        "meta": "@car-part",
        "alias": "car-part",
        "userDefined": false
      },
      {
        "text": " in ",
        "userDefined": false
      },
      {
        "text": "the car",
        "meta": "@sys.ignore",
        "userDefined": false
      }
    ],
    "isTemplate": false,
    "count": 0,
    "lang": "en",
    "updated": 0
  },
  {
    "id": "8052c1a2-1190-40b5-980b-2803f2dcf50f",
    "data": [
      {
        "text": "unlock the ",
        "userDefined": false
      },
      {
        "text": "door",
        "meta": "@car-part",
        "alias": "car-part",
        "userDefined": false
      }
    ],
    "isTemplate": false,
    "count": 0,
    "lang": "en",
    "updated": 0
  },
  {
    "id": "a28c3983-f51c-4c55-a6f5-be067dfaded1",
    "data": [
      {
        "text": "can",
        "meta": "@sys.ignore",
        "userDefined": false
      },
      {
        "text": " ",
        "userDefined": false
      },
      {
        "text": "you",
        "meta": "@sys.ignore",
        "userDefined": false
      },
      {
        "text": " please unlock ",
        "userDefined": false
      },
      {
        "text": "all of",
        "meta": "@all",
        "alias": "all",
        "userDefined": false
      },
      {
        "text": " the ",
        "userDefined": false
      },
      {
        "text": "windows",
        "meta": "@car-part",
        "alias": "car-part",
        "userDefined": false
      },
      {
        "text": " in my ",
        "userDefined": false
      },
      {
        "text": "car",
        "meta": "@sys.ignore",
        "userDefined": false
      }
    ],
    "isTemplate": false,
    "count": 0,
    "lang": "en",
    "updated": 0
  },
  {
    "id": "84083460-0784-4834-80b9-a4516f117201",
    "data": [
      {
        "text": "will",
        "meta": "@sys.ignore",
        "userDefined": false
      },
      {
        "text": " ",
        "userDefined": false
      },
      {
        "text": "you",
        "meta": "@sys.ignore",
        "userDefined": false
      },
      {
        "text": " unlock the ",
        "userDefined": false
      },
      {
        "text": "rear left window",
        "meta": "@car-part",
        "alias": "car-part",
        "userDefined": false
      },
      {
        "text": " for me",
        "userDefined": false
      }
    ],
    "isTemplate": false,
    "count": 0,
    "lang": "en",
    "updated": 0
  },
  {
    "id": "42a25c7b-d91d-4209-ba94-dc5302a7f2e4",
    "data": [
      {
        "text": "unlock",
        "meta": "@sys.ignore",
        "userDefined": false
      },
      {
        "text": " the ",
        "userDefined": false
      },
      {
        "text": "luggage compartment",
        "meta": "@car-part",
        "alias": "car-part",
        "userDefined": true
      }
    ],
    "isTemplate": false,
    "count": 0,
    "lang": "en",
    "updated": 0
  },
  {
    "id": "835b1a48-68ee-4e21-a206-443c9dc67e6a",
    "data": [
      {
        "text": "unlock the ",
        "userDefined": false
      },
      {
        "text": "driver\u0027s door",
        "meta": "@car-part",
        "alias": "car-part",
        "userDefined": false
      },
      {
        "text": " for me",
        "userDefined": false
      }
    ],
    "isTemplate": false,
    "count": 0,
    "lang": "en",
    "updated": 0
  },
  {
    "id": "e19cdbf4-de08-495e-aae4-77f0d7d05d26",
    "data": [
      {
        "text": "unlock",
        "meta": "@sys.ignore",
        "userDefined": false
      },
      {
        "text": " ",
        "userDefined": false
      },
      {
        "text": "windows",
        "meta": "@car-part",
        "alias": "car-part",
        "userDefined": false
      },
      {
        "text": " ",
        "userDefined": false
      },
      {
        "text": "in",
        "meta": "@sys.ignore",
        "userDefined": false
      },
      {
        "text": " ",
        "userDefined": false
      },
      {
        "text": "the car",
        "meta": "@sys.ignore",
        "userDefined": false
      }
    ],
    "isTemplate": false,
    "count": 0,
    "lang": "en",
    "updated": 0
  }
]