[
  {
    "id": "f29de6d4-4091-4fad-8f2b-ec16803d5d3e",
    "data": [
      {
        "text": "where\u0027s the ",
        "userDefined": false
      },
      {
        "text": "turn signal",
        "meta": "@car-part",
        "alias": "car-part",
        "userDefined": true
      }
    ],
    "isTemplate": false,
    "count": 0,
    "lang": "en",
    "updated": 0
  },
  {
    "id": "c1d4b4f9-1239-4df3-82e5-05025a1deddd",
    "data": [
      {
        "text": "locate the ",
        "userDefined": false
      },
      {
        "text": "rear window defroster",
        "meta": "@car-part",
        "alias": "car-part",
        "userDefined": true
      }
    ],
    "isTemplate": false,
    "count": 0,
    "lang": "en",
    "updated": 0
  },
  {
    "id": "b742a207-d39c-446b-8513-81b78e804810",
    "data": [
      {
        "text": "where can I find the ",
        "userDefined": false
      },
      {
        "text": "gas pedal",
        "meta": "@car-part",
        "alias": "car-part",
        "userDefined": true
      }
    ],
    "isTemplate": false,
    "count": 0,
    "lang": "en",
    "updated": 0
  },
  {
    "id": "c600ce61-d65d-4eee-becc-f0ac94b5c2ce",
    "data": [
      {
        "text": "where is ",
        "userDefined": false
      },
      {
        "text": "gearbox",
        "meta": "@car-part",
        "alias": "car-part",
        "userDefined": true
      },
      {
        "text": " located ",
        "userDefined": false
      },
      {
        "text": "in",
        "meta": "@sys.ignore",
        "userDefined": false
      },
      {
        "text": " ",
        "userDefined": false
      },
      {
        "text": "the car",
        "meta": "@sys.ignore",
        "userDefined": false
      }
    ],
    "isTemplate": false,
    "count": 0,
    "lang": "en",
    "updated": 0
  },
  {
    "id": "02645382-51d2-4029-804b-1a2e9ea25115",
    "data": [
      {
        "text": "where is ",
        "userDefined": false
      },
      {
        "text": "airbag control",
        "meta": "@car-part",
        "alias": "car-part",
        "userDefined": true
      },
      {
        "text": " unit in my car",
        "userDefined": false
      }
    ],
    "isTemplate": false,
    "count": 0,
    "lang": "en",
    "updated": 0
  },
  {
    "id": "32084f89-8bea-418c-a561-3bd668997866",
    "data": [
      {
        "text": "check the ",
        "userDefined": false
      },
      {
        "text": "speedometer",
        "meta": "@car-part",
        "alias": "car-part",
        "userDefined": false
      },
      {
        "text": " location in my ",
        "userDefined": false
      },
      {
        "text": "car",
        "meta": "@sys.ignore",
        "userDefined": false
      }
    ],
    "isTemplate": false,
    "count": 0,
    "lang": "en",
    "updated": 0
  },
  {
    "id": "07d4afba-f8ec-4cb4-95a2-b6e1f978bf22",
    "data": [
      {
        "text": "where is ",
        "userDefined": false
      },
      {
        "text": "ash tray",
        "meta": "@car-part",
        "alias": "car-part",
        "userDefined": false
      }
    ],
    "isTemplate": false,
    "count": 0,
    "lang": "en",
    "updated": 0
  },
  {
    "id": "8b62637d-416b-4090-b6db-a6ef950ec8d7",
    "data": [
      {
        "text": "is there a ",
        "userDefined": false
      },
      {
        "text": "steering wheel",
        "meta": "@car-part",
        "alias": "car-part",
        "userDefined": true
      }
    ],
    "isTemplate": false,
    "count": 0,
    "lang": "en",
    "updated": 0
  },
  {
    "id": "d31d91b3-ecb0-4787-97d9-d1b878f4635d",
    "data": [
      {
        "text": "is there ",
        "userDefined": false
      },
      {
        "text": "air bag",
        "meta": "@car-part",
        "alias": "car-part",
        "userDefined": true
      },
      {
        "text": " in my car",
        "userDefined": false
      }
    ],
    "isTemplate": false,
    "count": 0,
    "lang": "en",
    "updated": 0
  },
  {
    "id": "e38ea8fd-9541-4b36-92eb-b15cf58a9441",
    "data": [
      {
        "text": "where\u0027s the ",
        "userDefined": false
      },
      {
        "text": "ashtray",
        "meta": "@car-part",
        "alias": "car-part",
        "userDefined": true
      }
    ],
    "isTemplate": false,
    "count": 0,
    "lang": "en",
    "updated": 0
  },
  {
    "id": "17a38da8-f054-4a70-9205-4d606f0a3877",
    "data": [
      {
        "text": "where is ",
        "userDefined": false
      },
      {
        "text": "airbag control",
        "meta": "@car-part",
        "alias": "car-part",
        "userDefined": false
      },
      {
        "text": " unit in my ",
        "userDefined": false
      },
      {
        "text": "car",
        "meta": "@sys.ignore",
        "userDefined": false
      }
    ],
    "isTemplate": false,
    "count": 0,
    "lang": "en",
    "updated": 0
  },
  {
    "id": "cd59c563-0016-4c4c-bef4-e26a4d4a723e",
    "data": [
      {
        "text": "location of ",
        "userDefined": false
      },
      {
        "text": "speedometer",
        "meta": "@car-part",
        "alias": "car-part",
        "userDefined": false
      }
    ],
    "isTemplate": false,
    "count": 0,
    "lang": "en",
    "updated": 0
  },
  {
    "id": "68ab0f3e-9aec-4c4e-87c7-467f160ef5f7",
    "data": [
      {
        "text": "where is the ",
        "userDefined": false
      },
      {
        "text": "airbag",
        "meta": "@car-part",
        "alias": "car-part",
        "userDefined": true
      },
      {
        "text": " in this car",
        "userDefined": false
      }
    ],
    "isTemplate": false,
    "count": 0,
    "lang": "en",
    "updated": 0
  }
]