[
  {
    "id": "6a69eda9-3890-4092-adfa-c8fdf47dfdf8",
    "data": [
      {
        "text": "open the ",
        "userDefined": false
      },
      {
        "text": "rooftop",
        "meta": "@car-part",
        "alias": "car-part",
        "userDefined": true
      }
    ],
    "isTemplate": false,
    "count": 0,
    "lang": "en",
    "updated": 0
  },
  {
    "id": "6a0ee8ce-c8e0-46cd-87e2-edda29dbff06",
    "data": [
      {
        "text": "can you open the ",
        "userDefined": false
      },
      {
        "text": "passenger door",
        "meta": "@car-part",
        "alias": "car-part",
        "userDefined": true
      },
      {
        "text": " for me please",
        "userDefined": false
      }
    ],
    "isTemplate": false,
    "count": 0,
    "lang": "en",
    "updated": 0
  },
  {
    "id": "60516934-6156-4f32-bc79-d2c8c63b4a57",
    "data": [
      {
        "text": "lower",
        "meta": "@sys.ignore",
        "userDefined": true
      },
      {
        "text": " the ",
        "userDefined": false
      },
      {
        "text": "passenger side window",
        "meta": "@car-part",
        "alias": "car-part",
        "userDefined": true
      }
    ],
    "isTemplate": false,
    "count": 0,
    "lang": "en",
    "updated": 0
  },
  {
    "id": "75851aa4-1d84-4c9b-99e3-70f18023ee74",
    "data": [
      {
        "text": "remove the ",
        "userDefined": false
      },
      {
        "text": "roof",
        "meta": "@car-part",
        "alias": "car-part",
        "userDefined": true
      }
    ],
    "isTemplate": false,
    "count": 0,
    "lang": "en",
    "updated": 0
  },
  {
    "id": "e99a91df-38f9-4599-bcda-d56a9f6cc857",
    "data": [
      {
        "text": "I need to open the ",
        "userDefined": false
      },
      {
        "text": "left passenger door",
        "meta": "@car-part",
        "alias": "car-part",
        "userDefined": true
      }
    ],
    "isTemplate": false,
    "count": 0,
    "lang": "en",
    "updated": 0
  },
  {
    "id": "e59f5ace-aa88-47b6-998a-b9b43b3731db",
    "data": [
      {
        "text": "open ",
        "userDefined": false
      },
      {
        "text": "side mirror",
        "meta": "@car-part",
        "alias": "car-part",
        "userDefined": false
      }
    ],
    "isTemplate": false,
    "count": 0,
    "lang": "en",
    "updated": 0
  },
  {
    "id": "4834d4f1-28f3-4d3c-8848-4ae22a8b5ff4",
    "data": [
      {
        "text": "open ",
        "userDefined": false
      },
      {
        "text": "every",
        "meta": "@all",
        "alias": "all",
        "userDefined": true
      },
      {
        "text": " ",
        "userDefined": false
      },
      {
        "text": "door",
        "meta": "@car-part",
        "alias": "car-part",
        "userDefined": false
      },
      {
        "text": " in the car",
        "userDefined": false
      }
    ],
    "isTemplate": false,
    "count": 0,
    "lang": "en",
    "updated": 0
  },
  {
    "id": "b203dc70-46b2-47d4-bf85-5164bed643c1",
    "data": [
      {
        "text": "open",
        "meta": "@sys.ignore",
        "userDefined": false
      },
      {
        "text": " ",
        "userDefined": false
      },
      {
        "text": "left front window",
        "meta": "@car-part",
        "alias": "car-part",
        "userDefined": false
      },
      {
        "text": " of my ",
        "userDefined": false
      },
      {
        "text": "car",
        "meta": "@sys.ignore",
        "userDefined": false
      }
    ],
    "isTemplate": false,
    "count": 0,
    "lang": "en",
    "updated": 0
  },
  {
    "id": "166d8130-226b-4a7b-b381-61db8c6b4510",
    "data": [
      {
        "text": "open ",
        "userDefined": false
      },
      {
        "text": "my window",
        "meta": "@car-part",
        "alias": "car-part",
        "userDefined": true
      }
    ],
    "isTemplate": false,
    "count": 0,
    "lang": "en",
    "updated": 0
  },
  {
    "id": "7c14a0d2-048f-4d5b-8e65-fe5add736f7f",
    "data": [
      {
        "text": "open the ",
        "userDefined": false
      },
      {
        "text": "sunroof",
        "meta": "@car-part",
        "alias": "car-part",
        "userDefined": true
      }
    ],
    "isTemplate": false,
    "count": 0,
    "lang": "en",
    "updated": 0
  },
  {
    "id": "e17331bc-2bb0-488a-900b-50b74fef9388",
    "data": [
      {
        "text": "roll ",
        "userDefined": false
      },
      {
        "text": "my window",
        "meta": "@car-part",
        "alias": "car-part",
        "userDefined": true
      },
      {
        "text": " down",
        "userDefined": false
      }
    ],
    "isTemplate": false,
    "count": 0,
    "lang": "en",
    "updated": 0
  },
  {
    "id": "0b9eea44-0296-46f5-9d1f-1eb0142e456c",
    "data": [
      {
        "text": "can",
        "meta": "@sys.ignore",
        "userDefined": false
      },
      {
        "text": " ",
        "userDefined": false
      },
      {
        "text": "you",
        "meta": "@sys.ignore",
        "userDefined": false
      },
      {
        "text": " ",
        "userDefined": false
      },
      {
        "text": "open",
        "meta": "@sys.ignore",
        "userDefined": false
      },
      {
        "text": " ",
        "userDefined": false
      },
      {
        "text": "every",
        "meta": "@all",
        "alias": "all",
        "userDefined": false
      },
      {
        "text": " ",
        "userDefined": false
      },
      {
        "text": "window",
        "meta": "@car-part",
        "alias": "car-part",
        "userDefined": false
      },
      {
        "text": " in my ",
        "userDefined": false
      },
      {
        "text": "car",
        "meta": "@sys.ignore",
        "userDefined": false
      }
    ],
    "isTemplate": false,
    "count": 0,
    "lang": "en",
    "updated": 0
  },
  {
    "id": "d7d2e289-82bc-4356-b0d3-db08042d4c5f",
    "data": [
      {
        "text": "open",
        "meta": "@sys.ignore",
        "userDefined": false
      },
      {
        "text": " both ",
        "userDefined": false
      },
      {
        "text": "front windows",
        "meta": "@car-part",
        "alias": "car-part",
        "userDefined": true
      },
      {
        "text": " in the car",
        "userDefined": false
      }
    ],
    "isTemplate": false,
    "count": 0,
    "lang": "en",
    "updated": 0
  },
  {
    "id": "63997214-48eb-4c61-bd2d-30b2c00b1fd0",
    "data": [
      {
        "text": "can you open ",
        "userDefined": false
      },
      {
        "text": "my door",
        "meta": "@car-part",
        "alias": "car-part",
        "userDefined": true
      },
      {
        "text": " please",
        "userDefined": false
      }
    ],
    "isTemplate": false,
    "count": 0,
    "lang": "en",
    "updated": 0
  },
  {
    "id": "62f6b883-4e73-4e3e-acf7-f30036382d34",
    "data": [
      {
        "text": "open",
        "meta": "@sys.ignore",
        "userDefined": false
      },
      {
        "text": " ",
        "userDefined": false
      },
      {
        "text": "luggage compartment",
        "meta": "@car-part",
        "alias": "car-part",
        "userDefined": false
      }
    ],
    "isTemplate": false,
    "count": 0,
    "lang": "en",
    "updated": 0
  },
  {
    "id": "7039b8f2-7dc7-4289-8a05-7d26644c86ac",
    "data": [
      {
        "text": "all of",
        "meta": "@all",
        "alias": "all",
        "userDefined": false
      },
      {
        "text": " the ",
        "userDefined": false
      },
      {
        "text": "doors",
        "meta": "@car-part",
        "alias": "car-part",
        "userDefined": false
      },
      {
        "text": " in ",
        "userDefined": false
      },
      {
        "text": "the car",
        "meta": "@sys.ignore",
        "userDefined": false
      },
      {
        "text": " should be ",
        "userDefined": false
      },
      {
        "text": "opened",
        "meta": "@sys.ignore",
        "userDefined": false
      }
    ],
    "isTemplate": false,
    "count": 0,
    "lang": "en",
    "updated": 0
  },
  {
    "id": "75b09c4e-f630-4042-a441-9dde6a0be076",
    "data": [
      {
        "text": "I need to open the ",
        "userDefined": false
      },
      {
        "text": "rear right passenger door",
        "meta": "@car-part",
        "alias": "car-part",
        "userDefined": true
      }
    ],
    "isTemplate": false,
    "count": 0,
    "lang": "en",
    "updated": 0
  }
]