[
  {
    "id": "a6cc1bcf-9c5e-42ff-b292-37bbf8044846",
    "data": [
      {
        "text": "did",
        "meta": "@sys.ignore",
        "userDefined": false
      },
      {
        "text": " I close ",
        "userDefined": false
      },
      {
        "text": "the door",
        "meta": "@car-part",
        "alias": "car-part",
        "userDefined": false
      },
      {
        "text": " ",
        "userDefined": false
      },
      {
        "text": "when",
        "meta": "@sys.ignore",
        "userDefined": false
      },
      {
        "text": " I ",
        "userDefined": false
      },
      {
        "text": "left",
        "meta": "@sys.ignore",
        "userDefined": false
      },
      {
        "text": " my ",
        "userDefined": false
      },
      {
        "text": "car",
        "meta": "@sys.ignore",
        "userDefined": false
      }
    ],
    "isTemplate": false,
    "count": 0,
    "lang": "en",
    "updated": 0
  },
  {
    "id": "640d17f6-b15b-4e3c-a83b-2a2addb9ab85",
    "data": [
      {
        "text": "did",
        "meta": "@sys.ignore",
        "userDefined": false
      },
      {
        "text": " I closed ",
        "userDefined": false
      },
      {
        "text": "all",
        "meta": "@all",
        "alias": "all",
        "userDefined": true
      },
      {
        "text": " the ",
        "userDefined": false
      },
      {
        "text": "windows",
        "meta": "@car-part",
        "alias": "car-part",
        "userDefined": false
      },
      {
        "text": " ",
        "userDefined": false
      },
      {
        "text": "in",
        "meta": "@sys.ignore",
        "userDefined": false
      },
      {
        "text": " ",
        "userDefined": false
      },
      {
        "text": "the car",
        "meta": "@sys.ignore",
        "userDefined": false
      }
    ],
    "isTemplate": false,
    "count": 0,
    "lang": "en",
    "updated": 0
  },
  {
    "id": "c1dd494f-e6da-49ae-af4e-505d29198118",
    "data": [
      {
        "text": "is the",
        "meta": "@sys.ignore",
        "userDefined": false
      },
      {
        "text": " ",
        "userDefined": false
      },
      {
        "text": "roof",
        "meta": "@car-part",
        "alias": "car-part",
        "userDefined": false
      },
      {
        "text": " closed",
        "userDefined": false
      }
    ],
    "isTemplate": false,
    "count": 0,
    "lang": "en",
    "updated": 0
  },
  {
    "id": "4334bd56-728d-4734-98e6-3126d4424bd3",
    "data": [
      {
        "text": "make ",
        "userDefined": false
      },
      {
        "text": "sure",
        "meta": "@sys.ignore",
        "userDefined": false
      },
      {
        "text": " that ",
        "userDefined": false
      },
      {
        "text": "all",
        "meta": "@all",
        "alias": "all",
        "userDefined": true
      },
      {
        "text": " ",
        "userDefined": false
      },
      {
        "text": "windows",
        "meta": "@car-part",
        "alias": "car-part",
        "userDefined": false
      },
      {
        "text": " ",
        "userDefined": false
      },
      {
        "text": "are",
        "meta": "@sys.ignore",
        "userDefined": false
      },
      {
        "text": " closed ",
        "userDefined": false
      },
      {
        "text": "in",
        "meta": "@sys.ignore",
        "userDefined": false
      },
      {
        "text": " ",
        "userDefined": false
      },
      {
        "text": "the car",
        "meta": "@sys.ignore",
        "userDefined": false
      }
    ],
    "isTemplate": false,
    "count": 0,
    "lang": "en",
    "updated": 0
  },
  {
    "id": "d06698a5-4ff4-4f4a-be78-a9b7b13531ca",
    "data": [
      {
        "text": "are",
        "meta": "@sys.ignore",
        "userDefined": false
      },
      {
        "text": " you ",
        "userDefined": false
      },
      {
        "text": "sure",
        "meta": "@sys.ignore",
        "userDefined": false
      },
      {
        "text": " that I\u0027",
        "userDefined": false
      },
      {
        "text": "ve",
        "meta": "@sys.ignore",
        "userDefined": false
      },
      {
        "text": " closed the ",
        "userDefined": false
      },
      {
        "text": "driver\u0027s door",
        "meta": "@car-part",
        "alias": "car-part",
        "userDefined": true
      }
    ],
    "isTemplate": false,
    "count": 0,
    "lang": "en",
    "updated": 0
  }
]