[
  {
    "id": "06fe5852-32a8-4cdc-b264-2e81a68ff7e8",
    "data": [
      {
        "text": "each",
        "meta": "@all",
        "alias": "all",
        "userDefined": true
      },
      {
        "text": " car lights status",
        "userDefined": false
      }
    ],
    "isTemplate": false,
    "count": 0,
    "lang": "en",
    "updated": 0
  },
  {
    "id": "cf72aaac-45fb-43ba-a0d1-25cf39149964",
    "data": [
      {
        "text": "is the ",
        "userDefined": false
      },
      {
        "text": "fog light",
        "meta": "@car-light",
        "alias": "car-part",
        "userDefined": false
      },
      {
        "text": " set for ",
        "userDefined": false
      },
      {
        "text": "50",
        "meta": "@sys.number",
        "alias": "value",
        "userDefined": true
      },
      {
        "text": " points",
        "userDefined": false
      }
    ],
    "isTemplate": false,
    "count": 0,
    "lang": "en",
    "updated": 0
  },
  {
    "id": "6a36a107-bb9d-4b25-8968-1f1ab3d0ff87",
    "data": [
      {
        "text": "tell the ",
        "userDefined": false
      },
      {
        "text": "fog light",
        "meta": "@car-light",
        "alias": "car-part",
        "userDefined": true
      },
      {
        "text": " status please",
        "userDefined": false
      }
    ],
    "isTemplate": false,
    "count": 0,
    "lang": "en",
    "updated": 0
  },
  {
    "id": "f9bb8cb9-2612-4442-b7d8-2607441a7053",
    "data": [
      {
        "text": "what is",
        "meta": "@sys.ignore",
        "userDefined": false
      },
      {
        "text": " the ",
        "userDefined": false
      },
      {
        "text": "fog light",
        "meta": "@car-light",
        "alias": "car-part",
        "userDefined": false
      },
      {
        "text": " status",
        "userDefined": false
      }
    ],
    "isTemplate": false,
    "count": 0,
    "lang": "en",
    "updated": 0
  },
  {
    "id": "b7333a5d-0e77-4fd0-ab02-f58d60a45467",
    "data": [
      {
        "text": "fog light",
        "meta": "@car-light",
        "alias": "car-part",
        "userDefined": false
      },
      {
        "text": " status",
        "userDefined": false
      }
    ],
    "isTemplate": false,
    "count": 0,
    "lang": "en",
    "updated": 0
  },
  {
    "id": "9d93a0b4-ae59-4618-b685-72a3da956f12",
    "data": [
      {
        "text": "check ",
        "userDefined": false
      },
      {
        "text": "lights",
        "meta": "@sys.ignore",
        "userDefined": true
      },
      {
        "text": " in the car",
        "userDefined": false
      }
    ],
    "isTemplate": false,
    "count": 0,
    "lang": "en",
    "updated": 0
  },
  {
    "id": "f5a97d9c-3ede-41c1-b302-4b8878ad9e9c",
    "data": [
      {
        "text": "check the car lights",
        "userDefined": false
      }
    ],
    "isTemplate": false,
    "count": 0,
    "lang": "en",
    "updated": 0
  }
]