[
  {
    "id": "252533d9-5ca9-4cc9-986f-650c761d8087",
    "data": [
      {
        "text": "adjust seats",
        "userDefined": false
      }
    ],
    "isTemplate": false,
    "count": 0,
    "lang": "en",
    "updated": 0
  },
  {
    "id": "fcf4eb1a-b271-47e2-9f6a-ba91a458c984",
    "data": [
      {
        "text": "adjust seat",
        "meta": "@sys.ignore",
        "userDefined": true
      },
      {
        "text": " for ",
        "userDefined": false
      },
      {
        "text": "Kate",
        "meta": "@sys.given-name",
        "alias": "passenger",
        "userDefined": true
      }
    ],
    "isTemplate": false,
    "count": 1,
    "lang": "en",
    "updated": 0
  },
  {
    "id": "785bff9a-0860-4663-a2e5-4cdf0bde158d",
    "data": [
      {
        "text": "my seat",
        "meta": "@car-seat",
        "alias": "car-part",
        "userDefined": true
      },
      {
        "text": " should be in ",
        "userDefined": false
      },
      {
        "text": "safe",
        "meta": "@position",
        "alias": "position",
        "userDefined": true
      },
      {
        "text": " position",
        "userDefined": false
      }
    ],
    "isTemplate": false,
    "count": 0,
    "lang": "en",
    "updated": 0
  },
  {
    "id": "8b698daf-4b20-43b6-9a0f-ac59a8bd7dfb",
    "data": [
      {
        "text": "adjust ",
        "userDefined": false
      },
      {
        "text": "baby seat",
        "meta": "@car-seat",
        "alias": "car-part",
        "userDefined": true
      },
      {
        "text": " ",
        "userDefined": false
      },
      {
        "text": "backward",
        "meta": "@position",
        "alias": "position",
        "userDefined": true
      }
    ],
    "isTemplate": false,
    "count": 0,
    "lang": "en",
    "updated": 0
  },
  {
    "id": "43a33583-4b3d-46e1-8e9e-f3fd69b55482",
    "data": [
      {
        "text": "can you adjust ",
        "userDefined": false
      },
      {
        "text": "my seat",
        "meta": "@car-seat",
        "alias": "car-part",
        "userDefined": true
      }
    ],
    "isTemplate": false,
    "count": 0,
    "lang": "en",
    "updated": 0
  },
  {
    "id": "7888676a-50f8-43b1-a121-fdd6ce69f153",
    "data": [
      {
        "text": "move the ",
        "userDefined": false
      },
      {
        "text": "passenger seat",
        "meta": "@car-seat",
        "alias": "car-part",
        "userDefined": true
      },
      {
        "text": " ",
        "userDefined": false
      },
      {
        "text": "back",
        "meta": "@position",
        "alias": "position",
        "userDefined": true
      },
      {
        "text": " a little",
        "userDefined": false
      }
    ],
    "isTemplate": false,
    "count": 0,
    "lang": "en",
    "updated": 0
  },
  {
    "id": "16eacb49-5033-41cf-bdb8-5c01068c141f",
    "data": [
      {
        "text": "make ",
        "userDefined": false
      },
      {
        "text": "my seat",
        "meta": "@car-seat",
        "alias": "car-part",
        "userDefined": true
      },
      {
        "text": " ",
        "userDefined": false
      },
      {
        "text": "higher",
        "meta": "@position",
        "alias": "position",
        "userDefined": true
      }
    ],
    "isTemplate": false,
    "count": 0,
    "lang": "en",
    "updated": 0
  },
  {
    "id": "2d0648e6-8649-4f9b-830a-2c73049a8927",
    "data": [
      {
        "text": "lean the ",
        "userDefined": false
      },
      {
        "text": "driver\u0027s seat",
        "meta": "@car-seat",
        "alias": "car-part",
        "userDefined": true
      },
      {
        "text": " ",
        "userDefined": false
      },
      {
        "text": "10",
        "meta": "@sys.number",
        "alias": "change-value",
        "userDefined": true
      },
      {
        "text": " degrees ",
        "userDefined": false
      },
      {
        "text": "forward",
        "meta": "@position",
        "alias": "position",
        "userDefined": true
      }
    ],
    "isTemplate": false,
    "count": 0,
    "lang": "en",
    "updated": 0
  },
  {
    "id": "decbe24c-72db-4642-9e44-d01ed5235c5e",
    "data": [
      {
        "text": "bring seats to the ",
        "userDefined": false
      },
      {
        "text": "safe",
        "meta": "@position",
        "alias": "position",
        "userDefined": true
      },
      {
        "text": " position",
        "userDefined": false
      }
    ],
    "isTemplate": false,
    "count": 0,
    "lang": "en",
    "updated": 0
  },
  {
    "id": "435568da-da54-4d72-ac38-a007beac1ff6",
    "data": [
      {
        "text": "I\u0027",
        "userDefined": false
      },
      {
        "text": "m",
        "meta": "@sys.ignore",
        "userDefined": false
      },
      {
        "text": " not ",
        "userDefined": false
      },
      {
        "text": "ok",
        "meta": "@sys.ignore",
        "userDefined": false
      },
      {
        "text": " with the ",
        "userDefined": false
      },
      {
        "text": "current",
        "meta": "@sys.ignore",
        "userDefined": false
      },
      {
        "text": " ",
        "userDefined": false
      },
      {
        "text": "seat",
        "meta": "@sys.ignore",
        "userDefined": false
      },
      {
        "text": " position",
        "userDefined": false
      }
    ],
    "isTemplate": false,
    "count": 0,
    "lang": "en",
    "updated": 0
  },
  {
    "id": "97334169-10a6-49f1-98a2-5a4175d941f8",
    "data": [
      {
        "text": "adjust seat ",
        "userDefined": false
      },
      {
        "text": "forward",
        "meta": "@position",
        "alias": "position",
        "userDefined": true
      }
    ],
    "isTemplate": false,
    "count": 0,
    "lang": "en",
    "updated": 0
  },
  {
    "id": "4b8701b2-708d-4ae2-b5df-846017bccb65",
    "data": [
      {
        "text": "Nolan\u0027s",
        "meta": "@sys.given-name",
        "alias": "passenger",
        "userDefined": true
      },
      {
        "text": " seat should be in safe position",
        "userDefined": false
      }
    ],
    "isTemplate": false,
    "count": 0,
    "lang": "en",
    "updated": 0
  },
  {
    "id": "ac8b7a79-f255-457c-9fd3-7dc0fca4d541",
    "data": [
      {
        "text": "adjust ",
        "userDefined": false
      },
      {
        "text": "every",
        "meta": "@all",
        "alias": "all",
        "userDefined": true
      },
      {
        "text": " seat",
        "userDefined": false
      }
    ],
    "isTemplate": false,
    "count": 0,
    "lang": "en",
    "updated": 0
  },
  {
    "id": "6be9c382-ccce-4f35-ad4d-b8e71afcde5b",
    "data": [
      {
        "text": "lean ",
        "userDefined": false
      },
      {
        "text": "Carol\u0027s",
        "meta": "@sys.given-name",
        "alias": "passenger",
        "userDefined": true
      },
      {
        "text": " seat ",
        "userDefined": false
      },
      {
        "text": "15",
        "meta": "@sys.number",
        "alias": "change-value",
        "userDefined": true
      },
      {
        "text": " degrees ",
        "userDefined": false
      },
      {
        "text": "backward",
        "meta": "@position",
        "alias": "position",
        "userDefined": true
      }
    ],
    "isTemplate": false,
    "count": 0,
    "lang": "en",
    "updated": 0
  },
  {
    "id": "de9e78fb-6a37-4d4e-b118-4742c62b07ad",
    "data": [
      {
        "text": "bring ",
        "userDefined": false
      },
      {
        "text": "all of",
        "meta": "@all",
        "alias": "all",
        "userDefined": true
      },
      {
        "text": " car seats to the ",
        "userDefined": false
      },
      {
        "text": "upright",
        "meta": "@position",
        "alias": "position",
        "userDefined": true
      },
      {
        "text": " position",
        "userDefined": false
      }
    ],
    "isTemplate": false,
    "count": 0,
    "lang": "en",
    "updated": 0
  },
  {
    "id": "7c29dca8-3f79-4392-bc21-d0938fe8d1b1",
    "data": [
      {
        "text": "bring ",
        "userDefined": false
      },
      {
        "text": "Kate\u0027s",
        "meta": "@sys.given-name",
        "alias": "passenger",
        "userDefined": true
      },
      {
        "text": " seat in ",
        "userDefined": false
      },
      {
        "text": "upright",
        "meta": "@position",
        "alias": "position",
        "userDefined": true
      },
      {
        "text": " position",
        "userDefined": false
      }
    ],
    "isTemplate": false,
    "count": 0,
    "lang": "en",
    "updated": 0
  }
]