[
  {
    "id": "3a0e6b7e-5b0e-4b43-884e-7143d860bbc4",
    "data": [
      {
        "text": "turn up ",
        "userDefined": false
      },
      {
        "text": "Mary\u0027s",
        "meta": "@sys.given-name",
        "alias": "passenger",
        "userDefined": true
      },
      {
        "text": " seat heating when she ",
        "userDefined": false
      },
      {
        "text": "gets in",
        "meta": "@condition",
        "alias": "condition",
        "userDefined": true
      },
      {
        "text": " the car",
        "userDefined": false
      }
    ],
    "isTemplate": false,
    "count": 0,
    "lang": "en",
    "updated": 0
  },
  {
    "id": "6dd92d6d-ff89-45ff-9ba8-6e0f8b6ad2c9",
    "data": [
      {
        "text": "make ",
        "userDefined": false
      },
      {
        "text": "my seat",
        "meta": "@car-seat",
        "alias": "car-seat",
        "userDefined": false
      },
      {
        "text": " warmer ",
        "userDefined": false
      },
      {
        "text": "when",
        "meta": "@sys.ignore",
        "userDefined": false
      },
      {
        "text": " I ",
        "userDefined": false
      },
      {
        "text": "am",
        "meta": "@sys.ignore",
        "userDefined": false
      },
      {
        "text": " ",
        "userDefined": false
      },
      {
        "text": "getting in",
        "meta": "@condition",
        "alias": "condition",
        "userDefined": false
      },
      {
        "text": " ",
        "userDefined": false
      },
      {
        "text": "the car",
        "meta": "@sys.ignore",
        "userDefined": false
      }
    ],
    "isTemplate": false,
    "count": 0,
    "lang": "en",
    "updated": 0
  },
  {
    "id": "8cca1c0b-d565-4627-b813-6235097c0716",
    "data": [
      {
        "text": "turn",
        "meta": "@sys.ignore",
        "userDefined": false
      },
      {
        "text": " ",
        "userDefined": false
      },
      {
        "text": "up",
        "meta": "@sys.ignore",
        "userDefined": false
      },
      {
        "text": " the ",
        "userDefined": false
      },
      {
        "text": "temperature",
        "meta": "@sys.ignore",
        "userDefined": false
      },
      {
        "text": " for ",
        "userDefined": false
      },
      {
        "text": "driver\u0027s seat",
        "meta": "@car-seat",
        "alias": "car-seat",
        "userDefined": false
      },
      {
        "text": " ",
        "userDefined": false
      },
      {
        "text": "when",
        "meta": "@sys.ignore",
        "userDefined": false
      },
      {
        "text": " I\u0027",
        "userDefined": false
      },
      {
        "text": "m",
        "meta": "@sys.ignore",
        "userDefined": false
      },
      {
        "text": " ",
        "userDefined": false
      },
      {
        "text": "getting in",
        "meta": "@condition",
        "alias": "condition",
        "userDefined": true
      },
      {
        "text": " ",
        "userDefined": false
      },
      {
        "text": "the car",
        "meta": "@sys.ignore",
        "userDefined": false
      }
    ],
    "isTemplate": false,
    "count": 0,
    "lang": "en",
    "updated": 0
  }
]