[
  {
    "id": "68d1c74a-9963-4341-92bc-b4b3f5625d2d",
    "data": [
      {
        "text": "how do I ",
        "userDefined": false
      },
      {
        "text": "set my cruise control",
        "meta": "@car-topic",
        "alias": "topic",
        "userDefined": true
      }
    ],
    "isTemplate": false,
    "count": 0,
    "lang": "en",
    "updated": 0
  },
  {
    "id": "83373a2a-36a8-4d55-bf67-d0211c3e84a5",
    "data": [
      {
        "text": "how ",
        "userDefined": false
      },
      {
        "text": "to",
        "meta": "@sys.ignore",
        "userDefined": false
      },
      {
        "text": " ",
        "userDefined": false
      },
      {
        "text": "change car oil",
        "meta": "@car-topic",
        "alias": "topic",
        "userDefined": true
      }
    ],
    "isTemplate": false,
    "count": 0,
    "lang": "en",
    "updated": 0
  },
  {
    "id": "266e855a-58e8-4d41-b5f2-2d00c463a8a3",
    "data": [
      {
        "text": "do ",
        "userDefined": false
      },
      {
        "text": "you",
        "meta": "@sys.ignore",
        "userDefined": true
      },
      {
        "text": " know how to ",
        "userDefined": false
      },
      {
        "text": "change the wheel",
        "meta": "@car-topic",
        "alias": "topic",
        "userDefined": true
      }
    ],
    "isTemplate": false,
    "count": 0,
    "lang": "en",
    "updated": 0
  },
  {
    "id": "e06ebbd7-f9cf-4b99-af05-49df0027df1e",
    "data": [
      {
        "text": "how do I  ",
        "userDefined": false
      },
      {
        "text": "set my cruise control",
        "meta": "@car-topic",
        "alias": "topic",
        "userDefined": true
      }
    ],
    "isTemplate": false,
    "count": 0,
    "lang": "en",
    "updated": 0
  },
  {
    "id": "fdc6fb48-3fd9-44c7-9524-8ba15e4bd25d",
    "data": [
      {
        "text": "do you know how to ",
        "userDefined": false
      },
      {
        "text": "change the steering wheel position",
        "meta": "@car-topic",
        "alias": "topic",
        "userDefined": true
      }
    ],
    "isTemplate": false,
    "count": 0,
    "lang": "en",
    "updated": 0
  },
  {
    "id": "12547d69-edae-4371-80a9-b2a932824a8f",
    "data": [
      {
        "text": "how can I ",
        "userDefined": false
      },
      {
        "text": "program my favorite radio stations",
        "meta": "@car-topic",
        "alias": "topic",
        "userDefined": true
      }
    ],
    "isTemplate": false,
    "count": 0,
    "lang": "en",
    "updated": 0
  },
  {
    "id": "519e4550-b2b8-43b6-9622-90b042d381f3",
    "data": [
      {
        "text": "how do I ",
        "userDefined": false
      },
      {
        "text": "adjust seat",
        "meta": "@car-topic",
        "alias": "topic",
        "userDefined": true
      }
    ],
    "isTemplate": false,
    "count": 0,
    "lang": "en",
    "updated": 0
  },
  {
    "id": "b04a801a-3375-49f4-a7d4-553fd152ff62",
    "data": [
      {
        "text": "I ",
        "userDefined": false
      },
      {
        "text": "don",
        "meta": "@sys.ignore",
        "userDefined": true
      },
      {
        "text": "\u0027t know how to ",
        "userDefined": false
      },
      {
        "text": "fix the engine block",
        "meta": "@car-topic",
        "alias": "topic",
        "userDefined": true
      }
    ],
    "isTemplate": false,
    "count": 0,
    "lang": "en",
    "updated": 0
  },
  {
    "id": "521c1e6b-44e6-4270-b162-ca6825da9f49",
    "data": [
      {
        "text": "how to ",
        "userDefined": false
      },
      {
        "text": "adjust ignition switch",
        "meta": "@car-topic",
        "alias": "topic",
        "userDefined": true
      }
    ],
    "isTemplate": false,
    "count": 0,
    "lang": "en",
    "updated": 0
  },
  {
    "id": "92ce7d12-501e-41c4-aba4-fe96c81ddee1",
    "data": [
      {
        "text": "tell me how to ",
        "userDefined": false
      },
      {
        "text": "turn on the navigation system",
        "meta": "@car-topic",
        "alias": "topic",
        "userDefined": true
      }
    ],
    "isTemplate": false,
    "count": 0,
    "lang": "en",
    "updated": 0
  },
  {
    "id": "f9325325-5d53-4fcb-b8dd-e396f720a9ba",
    "data": [
      {
        "text": "how to ",
        "userDefined": false
      },
      {
        "text": "fasten the seat belt",
        "meta": "@car-topic",
        "alias": "topic",
        "userDefined": true
      }
    ],
    "isTemplate": false,
    "count": 0,
    "lang": "en",
    "updated": 0
  },
  {
    "id": "c3e0a7c3-8fa0-4e43-bcc2-f6b7e2f4db90",
    "data": [
      {
        "text": "how to ",
        "userDefined": false
      },
      {
        "text": "repair car speakers",
        "meta": "@car-topic",
        "alias": "topic",
        "userDefined": true
      }
    ],
    "isTemplate": false,
    "count": 0,
    "lang": "en",
    "updated": 0
  },
  {
    "id": "b7d860d3-da5a-41ec-8b65-d85e3de2958f",
    "data": [
      {
        "text": "how to ",
        "userDefined": false
      },
      {
        "text": "set the clock",
        "meta": "@car-topic",
        "alias": "topic",
        "userDefined": true
      },
      {
        "text": " in my car",
        "userDefined": false
      }
    ],
    "isTemplate": false,
    "count": 0,
    "lang": "en",
    "updated": 0
  },
  {
    "id": "2f0d94ad-9fea-4a77-9916-173178fcccd0",
    "data": [
      {
        "text": "how to ",
        "userDefined": false
      },
      {
        "text": "adjust seats manually",
        "meta": "@car-topic",
        "alias": "topic",
        "userDefined": true
      }
    ],
    "isTemplate": false,
    "count": 0,
    "lang": "en",
    "updated": 0
  },
  {
    "id": "34096d67-0439-4bad-9ef4-54b96e001cae",
    "data": [
      {
        "text": "how ",
        "userDefined": false
      },
      {
        "text": "often do I need to change oil",
        "meta": "@car-topic",
        "alias": "topic",
        "userDefined": true
      }
    ],
    "isTemplate": false,
    "count": 0,
    "lang": "en",
    "updated": 0
  },
  {
    "id": "3ba9cbdd-03a8-4a06-b6f0-be3668225491",
    "data": [
      {
        "text": "can I ",
        "userDefined": false
      },
      {
        "text": "adjust the wheel",
        "meta": "@car-topic",
        "alias": "topic",
        "userDefined": true
      }
    ],
    "isTemplate": false,
    "count": 0,
    "lang": "en",
    "updated": 0
  },
  {
    "id": "f91545c5-01a3-466e-a3fc-498134fed0b5",
    "data": [
      {
        "text": "how do I ",
        "userDefined": false
      },
      {
        "text": "drive this car",
        "meta": "@car-topic",
        "alias": "topic",
        "userDefined": true
      }
    ],
    "isTemplate": false,
    "count": 0,
    "lang": "en",
    "updated": 0
  }
]