[
  {
    "id": "e97b7b5f-f8fc-4d5d-9795-3c276ed85911",
    "data": [
      {
        "text": "switch off the ",
        "userDefined": false
      },
      {
        "text": "alarm",
        "meta": "@sys.ignore",
        "userDefined": false
      },
      {
        "text": " in my car",
        "userDefined": false
      }
    ],
    "isTemplate": false,
    "count": 0,
    "lang": "en",
    "updated": 0
  },
  {
    "id": "64a034aa-593e-4cc7-a436-040b0fcaaa96",
    "data": [
      {
        "text": "switch off the ",
        "userDefined": false
      },
      {
        "text": "alarm",
        "meta": "@sys.ignore",
        "userDefined": false
      },
      {
        "text": " system in my car",
        "userDefined": false
      }
    ],
    "isTemplate": false,
    "count": 0,
    "lang": "en",
    "updated": 0
  },
  {
    "id": "bde88ecd-0df7-4424-9df1-91c863e06f79",
    "data": [
      {
        "text": "turn the ",
        "userDefined": false
      },
      {
        "text": "alarm",
        "meta": "@sys.ignore",
        "userDefined": false
      },
      {
        "text": " system off for the car",
        "userDefined": false
      }
    ],
    "isTemplate": false,
    "count": 0,
    "lang": "en",
    "updated": 0
  },
  {
    "id": "d8673b77-43b2-4ecb-ba4b-fe913e423578",
    "data": [
      {
        "text": "remove the ",
        "userDefined": false
      },
      {
        "text": "alarm",
        "meta": "@sys.ignore",
        "userDefined": false
      },
      {
        "text": " in my car",
        "userDefined": false
      }
    ],
    "isTemplate": false,
    "count": 0,
    "lang": "en",
    "updated": 0
  },
  {
    "id": "2293b17f-68d6-490d-9cdc-4d29fb091d3b",
    "data": [
      {
        "text": "turn off the car ",
        "userDefined": false
      },
      {
        "text": "alarm",
        "meta": "@sys.ignore",
        "userDefined": false
      }
    ],
    "isTemplate": false,
    "count": 0,
    "lang": "en",
    "updated": 0
  },
  {
    "id": "8aa02a3c-0b52-406b-bbd6-60fc53f800f7",
    "data": [
      {
        "text": "turn off ",
        "userDefined": false
      },
      {
        "text": "alarm",
        "meta": "@sys.ignore",
        "userDefined": false
      },
      {
        "text": " system of my car",
        "userDefined": false
      }
    ],
    "isTemplate": false,
    "count": 0,
    "lang": "en",
    "updated": 0
  },
  {
    "id": "7b1e56d9-b4b3-495f-8a6d-ded8670b7133",
    "data": [
      {
        "text": "turn off the alarm in my car",
        "userDefined": false
      }
    ],
    "isTemplate": false,
    "count": 1,
    "lang": "en",
    "updated": 0
  }
]