[
  {
    "id": "576f705c-6baa-40e4-884e-316b7c6257a0",
    "data": [
      {
        "text": "heating",
        "meta": "@car-device",
        "alias": "device",
        "userDefined": true
      },
      {
        "text": " ",
        "userDefined": false
      },
      {
        "text": "on",
        "meta": "@sys.ignore",
        "userDefined": true
      },
      {
        "text": " in ",
        "userDefined": false
      },
      {
        "text": "the car",
        "meta": "@sys.ignore",
        "userDefined": true
      }
    ],
    "isTemplate": false,
    "count": 0,
    "lang": "en",
    "updated": 0
  },
  {
    "id": "78a251f1-d823-41e6-afb6-b5cc7911cd63",
    "data": [
      {
        "text": "direct air flow to the ",
        "userDefined": false
      },
      {
        "text": "floor",
        "meta": "@air-direction",
        "alias": "air-distribution",
        "userDefined": true
      }
    ],
    "isTemplate": false,
    "count": 0,
    "lang": "en",
    "updated": 0
  },
  {
    "id": "aa5a0afd-d201-4ea5-b860-e497499172c9",
    "data": [
      {
        "text": "turn ",
        "userDefined": false
      },
      {
        "text": "air conditioning",
        "meta": "@car-device",
        "alias": "device",
        "userDefined": true
      },
      {
        "text": " ",
        "userDefined": false
      },
      {
        "text": "on",
        "meta": "@sys.ignore",
        "userDefined": true
      }
    ],
    "isTemplate": false,
    "count": 0,
    "lang": "en",
    "updated": 0
  },
  {
    "id": "5ec73615-ee37-4933-8915-417068f60d2a",
    "data": [
      {
        "text": "make ",
        "userDefined": false
      },
      {
        "text": "air conditioner",
        "meta": "@car-device",
        "alias": "device",
        "userDefined": true
      },
      {
        "text": " ",
        "userDefined": false
      },
      {
        "text": "to",
        "meta": "@sys.ignore",
        "userDefined": true
      },
      {
        "text": " ",
        "userDefined": false
      },
      {
        "text": "8",
        "meta": "@sys.number",
        "alias": "final-value",
        "userDefined": true
      },
      {
        "text": " degrees ",
        "userDefined": false
      },
      {
        "text": "in",
        "meta": "@sys.ignore",
        "userDefined": true
      },
      {
        "text": " ",
        "userDefined": false
      },
      {
        "text": "the car",
        "meta": "@sys.ignore",
        "userDefined": true
      }
    ],
    "isTemplate": false,
    "count": 0,
    "lang": "en",
    "updated": 0
  },
  {
    "id": "19c05d36-1904-4c06-822b-0a0cbcecb365",
    "data": [
      {
        "text": "switch ",
        "userDefined": false
      },
      {
        "text": "on",
        "meta": "@sys.ignore",
        "userDefined": true
      },
      {
        "text": " ",
        "userDefined": false
      },
      {
        "text": "air conditioning",
        "meta": "@car-device",
        "alias": "device",
        "userDefined": true
      }
    ],
    "isTemplate": false,
    "count": 0,
    "lang": "en",
    "updated": 0
  },
  {
    "id": "0d71258f-e8ad-4a5e-a075-d4d8522ad818",
    "data": [
      {
        "text": "set the car temperature to ",
        "userDefined": false
      },
      {
        "text": "25",
        "meta": "@sys.number",
        "alias": "final-value",
        "userDefined": true
      },
      {
        "text": " C",
        "userDefined": false
      }
    ],
    "isTemplate": false,
    "count": 0,
    "lang": "en",
    "updated": 0
  },
  {
    "id": "d85241c2-88b2-4c14-97d0-3b5aa528d487",
    "data": [
      {
        "text": "turn car\u0027s ",
        "userDefined": false
      },
      {
        "text": "air conditioning",
        "meta": "@car-device",
        "alias": "device",
        "userDefined": true
      },
      {
        "text": " on",
        "userDefined": false
      }
    ],
    "isTemplate": false,
    "count": 0,
    "lang": "en",
    "updated": 0
  },
  {
    "id": "1d5e49e6-d189-4731-93c3-3f27061b42b5",
    "data": [
      {
        "text": "turn on",
        "meta": "@sys.ignore",
        "userDefined": true
      },
      {
        "text": " ",
        "userDefined": false
      },
      {
        "text": "auto mode",
        "meta": "@automode",
        "alias": "automode",
        "userDefined": true
      },
      {
        "text": " for ",
        "userDefined": false
      },
      {
        "text": "air conditioning",
        "meta": "@car-device",
        "alias": "device",
        "userDefined": true
      },
      {
        "text": " for ",
        "userDefined": false
      },
      {
        "text": "Kate",
        "meta": "@sys.given-name",
        "alias": "passenger",
        "userDefined": true
      }
    ],
    "isTemplate": false,
    "count": 0,
    "lang": "en",
    "updated": 0
  },
  {
    "id": "6e01e1ad-1b69-4020-ab7f-bc26a537d267",
    "data": [
      {
        "text": "turn on ",
        "userDefined": false
      },
      {
        "text": "air conditioner",
        "meta": "@car-device",
        "alias": "device",
        "userDefined": true
      },
      {
        "text": " in my car",
        "userDefined": false
      }
    ],
    "isTemplate": false,
    "count": 0,
    "lang": "en",
    "updated": 0
  },
  {
    "id": "f050f8a9-4ca4-418c-b365-1c9f36dfb763",
    "data": [
      {
        "text": "turn on ",
        "userDefined": false
      },
      {
        "text": "auto mode",
        "meta": "@automode",
        "alias": "automode",
        "userDefined": true
      },
      {
        "text": " for ",
        "userDefined": false
      },
      {
        "text": "air conditioning",
        "meta": "@car-device",
        "alias": "device",
        "userDefined": true
      }
    ],
    "isTemplate": false,
    "count": 0,
    "lang": "en",
    "updated": 0
  },
  {
    "id": "ecde9702-f0aa-4a0b-80c4-1c93af4940d0",
    "data": [
      {
        "text": "make the air blow ",
        "userDefined": false
      },
      {
        "text": "straight",
        "meta": "@air-direction",
        "alias": "air-distribution",
        "userDefined": true
      },
      {
        "text": " ",
        "userDefined": false
      },
      {
        "text": "to",
        "meta": "@sys.ignore",
        "userDefined": true
      },
      {
        "text": " ",
        "userDefined": false
      },
      {
        "text": "Mary",
        "meta": "@sys.given-name",
        "alias": "passenger",
        "userDefined": true
      }
    ],
    "isTemplate": false,
    "count": 0,
    "lang": "en",
    "updated": 0
  },
  {
    "id": "e69acc07-fd8a-421a-88fb-b865f1f4cffb",
    "data": [
      {
        "text": "direct airflow to ",
        "userDefined": false
      },
      {
        "text": "my face",
        "meta": "@air-direction",
        "alias": "air-distribution",
        "userDefined": true
      }
    ],
    "isTemplate": false,
    "count": 0,
    "lang": "en",
    "updated": 0
  },
  {
    "id": "a5fe81d0-22fd-4b17-97e4-9a745f13eea1",
    "data": [
      {
        "text": "change ",
        "userDefined": false
      },
      {
        "text": "air conditioning",
        "meta": "@car-device",
        "alias": "device",
        "userDefined": true
      },
      {
        "text": " direction to ",
        "userDefined": false
      },
      {
        "text": "straight",
        "meta": "@air-direction",
        "alias": "air-distribution",
        "userDefined": true
      },
      {
        "text": " position",
        "userDefined": false
      }
    ],
    "isTemplate": false,
    "count": 0,
    "lang": "en",
    "updated": 0
  },
  {
    "id": "7cd4c786-34b8-4412-b7c0-7e58550e4fca",
    "data": [
      {
        "text": "direct airflow to ",
        "userDefined": false
      },
      {
        "text": "my face",
        "meta": "@air-direction",
        "alias": "air-distribution",
        "userDefined": true
      },
      {
        "text": " and ",
        "userDefined": false
      },
      {
        "text": "my feet",
        "meta": "@air-direction",
        "alias": "air-distribution",
        "userDefined": true
      }
    ],
    "isTemplate": false,
    "count": 0,
    "lang": "en",
    "updated": 0
  },
  {
    "id": "ac3949e1-17cf-4ca7-b7f9-708c472f7bfc",
    "data": [
      {
        "text": "turn on ",
        "userDefined": false
      },
      {
        "text": "air conditioner",
        "meta": "@car-device",
        "alias": "device",
        "userDefined": false
      },
      {
        "text": " for ",
        "userDefined": false
      },
      {
        "text": "driver",
        "meta": "@car-seat",
        "alias": "car-part",
        "userDefined": false
      }
    ],
    "isTemplate": false,
    "count": 0,
    "lang": "en",
    "updated": 0
  },
  {
    "id": "212edd0e-e2ec-45c0-a28d-b07c9bada445",
    "data": [
      {
        "text": "switch ",
        "userDefined": false
      },
      {
        "text": "on",
        "meta": "@sys.ignore",
        "userDefined": true
      },
      {
        "text": " ",
        "userDefined": false
      },
      {
        "text": "air conditioning",
        "meta": "@car-device",
        "alias": "device",
        "userDefined": true
      },
      {
        "text": " for ",
        "userDefined": false
      },
      {
        "text": "Carol",
        "meta": "@sys.given-name",
        "alias": "passenger",
        "userDefined": true
      }
    ],
    "isTemplate": false,
    "count": 0,
    "lang": "en",
    "updated": 0
  },
  {
    "id": "337ffb8c-5143-426d-bc23-9fbc95315a35",
    "data": [
      {
        "text": "turn ",
        "userDefined": false
      },
      {
        "text": "on",
        "meta": "@sys.ignore",
        "userDefined": true
      },
      {
        "text": " ",
        "userDefined": false
      },
      {
        "text": "air conditioning",
        "meta": "@car-device",
        "alias": "device",
        "userDefined": true
      },
      {
        "text": " for my ",
        "userDefined": false
      },
      {
        "text": "car",
        "meta": "@sys.ignore",
        "userDefined": true
      }
    ],
    "isTemplate": false,
    "count": 0,
    "lang": "en",
    "updated": 0
  },
  {
    "id": "944e5ddf-0c60-4ce4-984a-238949cc4f0f",
    "data": [
      {
        "text": "give",
        "meta": "@sys.ignore",
        "userDefined": false
      },
      {
        "text": " ",
        "userDefined": false
      },
      {
        "text": "me",
        "meta": "@sys.ignore",
        "userDefined": false
      },
      {
        "text": " some ",
        "userDefined": false
      },
      {
        "text": "cool",
        "meta": "@sys.ignore",
        "userDefined": false
      },
      {
        "text": " air ",
        "userDefined": false
      },
      {
        "text": "in",
        "meta": "@sys.ignore",
        "userDefined": false
      },
      {
        "text": " ",
        "userDefined": false
      },
      {
        "text": "the car",
        "meta": "@sys.ignore",
        "userDefined": false
      }
    ],
    "isTemplate": false,
    "count": 0,
    "lang": "en",
    "updated": 0
  },
  {
    "id": "9667779d-1722-48cd-ac3e-93ee039c6bc7",
    "data": [
      {
        "text": "turn ",
        "userDefined": false
      },
      {
        "text": "on",
        "meta": "@sys.ignore",
        "userDefined": true
      },
      {
        "text": " the ",
        "userDefined": false
      },
      {
        "text": "heating",
        "meta": "@car-device",
        "alias": "device",
        "userDefined": true
      },
      {
        "text": " in ",
        "userDefined": false
      },
      {
        "text": "the car",
        "meta": "@sys.ignore",
        "userDefined": true
      }
    ],
    "isTemplate": false,
    "count": 0,
    "lang": "en",
    "updated": 0
  },
  {
    "id": "99a59293-9615-4689-bf4f-7711ffe94842",
    "data": [
      {
        "text": "set ",
        "userDefined": false
      },
      {
        "text": "the car",
        "meta": "@sys.ignore",
        "userDefined": true
      },
      {
        "text": " temperature to ",
        "userDefined": false
      },
      {
        "text": "25",
        "meta": "@sys.number",
        "alias": "final-value",
        "userDefined": true
      }
    ],
    "isTemplate": false,
    "count": 0,
    "lang": "en",
    "updated": 0
  },
  {
    "id": "1dbc64e7-c442-49e7-b7da-089d723f63a9",
    "data": [
      {
        "text": "it\u0027s cold here in the car turn it on",
        "userDefined": false
      }
    ],
    "isTemplate": false,
    "count": 0,
    "lang": "en",
    "updated": 0
  },
  {
    "id": "f8dc55f1-f70e-4df7-b4ab-80f68a385cfd",
    "data": [
      {
        "text": "I want ",
        "userDefined": false
      },
      {
        "text": "to",
        "meta": "@sys.ignore",
        "userDefined": true
      },
      {
        "text": " ",
        "userDefined": false
      },
      {
        "text": "feel",
        "meta": "@sys.ignore",
        "userDefined": true
      },
      {
        "text": " the air ",
        "userDefined": false
      },
      {
        "text": "on",
        "meta": "@sys.ignore",
        "userDefined": true
      },
      {
        "text": " ",
        "userDefined": false
      },
      {
        "text": "my feet",
        "meta": "@air-direction",
        "alias": "air-distribution",
        "userDefined": true
      },
      {
        "text": " and my ",
        "userDefined": false
      },
      {
        "text": "head",
        "meta": "@air-direction",
        "alias": "air-distribution",
        "userDefined": true
      }
    ],
    "isTemplate": false,
    "count": 0,
    "lang": "en",
    "updated": 0
  },
  {
    "id": "5c69595d-f41c-45e6-8f20-731c0f777397",
    "data": [
      {
        "text": "I want to feel the air on ",
        "userDefined": false
      },
      {
        "text": "my feet",
        "meta": "@air-direction",
        "alias": "air-distribution",
        "userDefined": true
      }
    ],
    "isTemplate": false,
    "count": 0,
    "lang": "en",
    "updated": 0
  }
]