[
  {
    "id": "058a9502-6a9a-43c2-8582-1edeedb6096b",
    "data": [
      {
        "text": "make sure that all windows in your room are closed",
        "userDefined": false
      }
    ],
    "isTemplate": false,
    "count": 0,
    "lang": "en",
    "updated": 0
  },
  {
    "id": "877574c9-82ef-4c7a-90ff-ec5b64f94168",
    "data": [
      {
        "text": "can you check the oil price for me please",
        "userDefined": false
      }
    ],
    "isTemplate": false,
    "count": 0,
    "lang": "en",
    "updated": 0
  },
  {
    "id": "347b56b6-238b-4bff-8e17-362976514524",
    "data": [
      {
        "text": "I want to make my car way more cooler",
        "userDefined": false
      }
    ],
    "isTemplate": false,
    "count": 0,
    "lang": "en",
    "updated": 0
  },
  {
    "id": "6464a4f3-ef47-4067-b45a-840639f4ffc5",
    "data": [
      {
        "text": "don\u0027t make my seat cooler when I get in the car",
        "userDefined": false
      }
    ],
    "isTemplate": false,
    "count": 0,
    "lang": "en",
    "updated": 0
  },
  {
    "id": "54723360-a9a3-4b47-8e13-d277e1364200",
    "data": [
      {
        "text": "don\u0027t make every seat lower",
        "userDefined": false
      }
    ],
    "isTemplate": false,
    "count": 0,
    "lang": "en",
    "updated": 0
  },
  {
    "id": "3c3ccada-ea00-47d2-816b-574098c129f5",
    "data": [
      {
        "text": "do it daily after lunch",
        "userDefined": false
      }
    ],
    "isTemplate": false,
    "count": 0,
    "lang": "en",
    "updated": 0
  }
]