[
  {
    "id": "8c9b947a-0fa7-4d6d-a449-1db776cb8179",
    "data": [
      {
        "text": "Tell me ",
        "userDefined": false
      },
      {
        "text": "more",
        "meta": "@sys.ignore",
        "userDefined": true
      },
      {
        "text": " about ",
        "userDefined": false
      },
      {
        "text": "Drupal8",
        "alias": "course_name",
        "meta": "@course_name",
        "userDefined": true
      }
    ],
    "isTemplate": false,
    "count": 0,
    "updated": 1520587538
  },
  {
    "id": "29da5634-9089-4acd-bb7e-100609515366",
    "data": [
      {
        "text": "What about ",
        "userDefined": false
      },
      {
        "text": "drupal?",
        "alias": "course_name",
        "meta": "@course_name",
        "userDefined": true
      }
    ],
    "isTemplate": false,
    "count": 0,
    "updated": 1520587538
  },
  {
    "id": "60b463a1-5727-404d-b928-f5adf4abbc1d",
    "data": [
      {
        "text": "about ",
        "userDefined": false
      },
      {
        "text": "laravel",
        "alias": "course_name",
        "meta": "@course_name",
        "userDefined": true
      }
    ],
    "isTemplate": false,
    "count": 0,
    "updated": 1520587538
  },
  {
    "id": "d04a05af-401c-4f81-8749-a99fbff3377b",
    "data": [
      {
        "text": "Can you tell about  ",
        "userDefined": false
      },
      {
        "text": "course",
        "alias": "course_name",
        "meta": "@course_name",
        "userDefined": true
      },
      {
        "text": "?",
        "userDefined": false
      }
    ],
    "isTemplate": false,
    "count": 0,
    "updated": 1520587538
  }
]