[
  {
    "id": "eabffbcd-69c3-4024-8a6d-b63a92ca28ba",
    "data": [
      {
        "text": "What are ",
        "userDefined": false
      },
      {
        "text": "the",
        "meta": "@sys.ignore",
        "userDefined": true
      },
      {
        "text": " ",
        "userDefined": false
      },
      {
        "text": "courses",
        "meta": "@sys.ignore",
        "userDefined": true
      },
      {
        "text": " available?",
        "userDefined": false
      }
    ],
    "isTemplate": false,
    "count": 0,
    "updated": 1520519297
  },
  {
    "id": "31e8fca8-2ffd-4bc3-ac69-91a986f7e206",
    "data": [
      {
        "text": "What online courses do you offer?",
        "userDefined": false
      }
    ],
    "isTemplate": false,
    "count": 0,
    "updated": 1520519297
  }
]