[
  {
    "id": "a8ff8bc5-e8ba-470f-b31d-91d0efcd7578",
    "data": [
      {
        "text": "Name",
        "meta": "@item",
        "alias": "stat",
        "userDefined": false
      }
    ],
    "isTemplate": false,
    "count": 0,
    "lang": "en",
    "updated": 0
  },
  {
    "id": "34b7a10c-0107-41eb-a312-b2265d114654",
    "data": [
      {
        "text": "Health",
        "meta": "@item",
        "alias": "stat",
        "userDefined": true
      }
    ],
    "isTemplate": false,
    "count": 0,
    "lang": "en",
    "updated": 0
  },
  {
    "id": "e7c8787e-8a61-4b97-a3e6-b709ca497257",
    "data": [
      {
        "text": "HP",
        "meta": "@item",
        "alias": "stat",
        "userDefined": true
      }
    ],
    "isTemplate": false,
    "count": 0,
    "lang": "en",
    "updated": 0
  }
]