[
  {
    "id": "384cddef-3894-4014-b2a9-c193616cceb9",
    "data": [
      {
        "text": "download application ",
        "userDefined": false
      },
      {
        "text": "Kik",
        "meta": "@app-name",
        "alias": "app-name",
        "userDefined": true
      }
    ],
    "isTemplate": false,
    "count": 0,
    "lang": "en",
    "updated": 0
  },
  {
    "id": "e04c898c-faf0-4669-99c1-587cac08bb4f",
    "data": [
      {
        "text": "load app from ",
        "userDefined": false
      },
      {
        "text": "Play Store",
        "meta": "@app-store-name",
        "alias": "store-name",
        "userDefined": true
      }
    ],
    "isTemplate": false,
    "count": 0,
    "lang": "en",
    "updated": 0
  },
  {
    "id": "da1f83bd-7a2a-4007-97dc-908515c2be83",
    "data": [
      {
        "text": "load app from ",
        "userDefined": false
      },
      {
        "text": "the Internet",
        "meta": "@sys.ignore",
        "userDefined": true
      }
    ],
    "isTemplate": false,
    "count": 0,
    "lang": "en",
    "updated": 0
  },
  {
    "id": "fa6490cd-eba7-4a40-a8af-cb4f1dbe942d",
    "data": [
      {
        "text": "can",
        "meta": "@sys.ignore",
        "userDefined": true
      },
      {
        "text": " you download apps",
        "userDefined": false
      }
    ],
    "isTemplate": false,
    "count": 0,
    "lang": "en",
    "updated": 0
  },
  {
    "id": "19c01493-f374-480a-a8c9-12cb75c03c0f",
    "data": [
      {
        "text": "could you download ",
        "userDefined": false
      },
      {
        "text": "WhatsApp",
        "meta": "@app-name",
        "alias": "app-name",
        "userDefined": false
      },
      {
        "text": " from ",
        "userDefined": false
      },
      {
        "text": "Play Store",
        "meta": "@app-store-name",
        "alias": "store-name",
        "userDefined": false
      }
    ],
    "isTemplate": false,
    "count": 0,
    "lang": "en",
    "updated": 0
  },
  {
    "id": "d2f462c7-c915-4b1a-98d4-b69f2b954841",
    "data": [
      {
        "text": "how can I download an app from ",
        "userDefined": false
      },
      {
        "text": "App Store",
        "meta": "@app-store-name",
        "alias": "store-name",
        "userDefined": true
      }
    ],
    "isTemplate": false,
    "count": 0,
    "lang": "en",
    "updated": 0
  },
  {
    "id": "92e0568e-c89f-4c3c-a4d2-e0445d6f434f",
    "data": [
      {
        "text": "can you ",
        "userDefined": false
      },
      {
        "text": "get",
        "meta": "@sys.ignore",
        "userDefined": false
      },
      {
        "text": " an app from ",
        "userDefined": false
      },
      {
        "text": "App Store",
        "meta": "@app-store-name",
        "alias": "store-name",
        "userDefined": false
      }
    ],
    "isTemplate": false,
    "count": 0,
    "lang": "en",
    "updated": 0
  },
  {
    "id": "d3f99e59-4641-4b8a-a8df-b97a273336c5",
    "data": [
      {
        "text": "download ",
        "userDefined": false
      },
      {
        "text": "Play Store",
        "meta": "@app-store-name",
        "alias": "store-name",
        "userDefined": true
      }
    ],
    "isTemplate": false,
    "count": 0,
    "lang": "en",
    "updated": 0
  },
  {
    "id": "bee7645d-d2a1-4ae0-ad38-1a07ca872562",
    "data": [
      {
        "text": "download app ",
        "userDefined": false
      },
      {
        "text": "Soccer",
        "meta": "@app-name",
        "alias": "app-name",
        "userDefined": true
      }
    ],
    "isTemplate": false,
    "count": 0,
    "lang": "en",
    "updated": 0
  },
  {
    "id": "a0adc50a-4738-4684-ac24-45499e41fc4d",
    "data": [
      {
        "text": "can",
        "meta": "@sys.ignore",
        "userDefined": false
      },
      {
        "text": " you download ",
        "userDefined": false
      },
      {
        "text": "Facebook Messenger",
        "meta": "@app-name",
        "alias": "app-name",
        "userDefined": false
      },
      {
        "text": " for me",
        "userDefined": false
      }
    ],
    "isTemplate": false,
    "count": 0,
    "lang": "en",
    "updated": 0
  },
  {
    "id": "2f15afcb-3293-4d97-9fa0-f5a6b6e9886c",
    "data": [
      {
        "text": "download from ",
        "userDefined": false
      },
      {
        "text": "Google Play",
        "meta": "@app-store-name",
        "alias": "store-name",
        "userDefined": false
      }
    ],
    "isTemplate": false,
    "count": 0,
    "lang": "en",
    "updated": 0
  },
  {
    "id": "cc7fecfa-f6e0-477c-bf9b-20898bd58ae8",
    "data": [
      {
        "text": "how do I download an app",
        "userDefined": false
      }
    ],
    "isTemplate": false,
    "count": 0,
    "lang": "en",
    "updated": 0
  },
  {
    "id": "8d9d574f-a4d0-4eca-8f96-6c744d25daf7",
    "data": [
      {
        "text": "download application",
        "userDefined": false
      }
    ],
    "isTemplate": false,
    "count": 0,
    "lang": "en",
    "updated": 0
  },
  {
    "id": "7e09914d-cead-463c-b995-84067cfa56f6",
    "data": [
      {
        "text": "get me ",
        "userDefined": false
      },
      {
        "text": "Viber",
        "meta": "@app-name",
        "alias": "app-name",
        "userDefined": true
      },
      {
        "text": " from ",
        "userDefined": false
      },
      {
        "text": "App Store",
        "meta": "@app-store-name",
        "alias": "store-name",
        "userDefined": true
      }
    ],
    "isTemplate": false,
    "count": 0,
    "lang": "en",
    "updated": 0
  },
  {
    "id": "3f734ad7-4f03-461c-aea6-0f1ef96c3b25",
    "data": [
      {
        "text": "I want to download ",
        "userDefined": false
      },
      {
        "text": "Fruit Ninja",
        "meta": "@app-name",
        "alias": "app-name",
        "userDefined": true
      },
      {
        "text": " from the ",
        "userDefined": false
      },
      {
        "text": "App Store",
        "meta": "@app-store-name",
        "alias": "store-name",
        "userDefined": true
      }
    ],
    "isTemplate": false,
    "count": 0,
    "lang": "en",
    "updated": 0
  },
  {
    "id": "75b6203b-2676-4a43-9a63-c724dc2b3c4f",
    "data": [
      {
        "text": "I need you to download ",
        "userDefined": false
      },
      {
        "text": "Bitmoji",
        "meta": "@app-name",
        "alias": "app-name",
        "userDefined": true
      },
      {
        "text": " app",
        "userDefined": false
      }
    ],
    "isTemplate": false,
    "count": 0,
    "lang": "en",
    "updated": 0
  },
  {
    "id": "3c701cca-d766-4f77-a5b3-b7dacba4cb02",
    "data": [
      {
        "text": "I want to download ",
        "userDefined": false
      },
      {
        "text": "Clash of Clans",
        "meta": "@app-name",
        "alias": "app-name",
        "userDefined": false
      }
    ],
    "isTemplate": false,
    "count": 0,
    "lang": "en",
    "updated": 0
  },
  {
    "id": "77c0f41b-00f7-4844-b7f0-944cacb481df",
    "data": [
      {
        "text": "download ",
        "userDefined": false
      },
      {
        "text": "Viber",
        "meta": "@app-name",
        "alias": "app-name",
        "userDefined": true
      },
      {
        "text": " application",
        "userDefined": false
      }
    ],
    "isTemplate": false,
    "count": 0,
    "lang": "en",
    "updated": 0
  },
  {
    "id": "0b9686ec-98b5-4820-b5c2-4d7e120f7149",
    "data": [
      {
        "text": "can",
        "meta": "@sys.ignore",
        "userDefined": false
      },
      {
        "text": " I download an app",
        "userDefined": false
      }
    ],
    "isTemplate": false,
    "count": 0,
    "lang": "en",
    "updated": 0
  },
  {
    "id": "67df372f-d49e-4db4-8105-66c0f14449d0",
    "data": [
      {
        "text": "download ",
        "userDefined": false
      },
      {
        "text": "Google Chrome",
        "meta": "@app-name",
        "alias": "app-name",
        "userDefined": true
      }
    ],
    "isTemplate": false,
    "count": 0,
    "lang": "en",
    "updated": 0
  },
  {
    "id": "7af41ee8-4204-4b20-ad72-466ddb5c8f69",
    "data": [
      {
        "text": "could you download ",
        "userDefined": false
      },
      {
        "text": "Skype",
        "meta": "@app-name",
        "alias": "app-name",
        "userDefined": true
      },
      {
        "text": " from ",
        "userDefined": false
      },
      {
        "text": "Play Store",
        "meta": "@app-store-name",
        "alias": "store-name",
        "userDefined": true
      }
    ],
    "isTemplate": false,
    "count": 0,
    "lang": "en",
    "updated": 0
  },
  {
    "id": "deb2dc92-1c30-453a-a843-3d72c35f7bd0",
    "data": [
      {
        "text": "I\u0027d like to download an app",
        "userDefined": false
      }
    ],
    "isTemplate": false,
    "count": 0,
    "lang": "en",
    "updated": 0
  },
  {
    "id": "6c4847d5-772b-4751-9b77-892de812da6a",
    "data": [
      {
        "text": "Angry birds",
        "meta": "@app-name",
        "alias": "app-name",
        "userDefined": true
      },
      {
        "text": " download",
        "userDefined": false
      }
    ],
    "isTemplate": false,
    "count": 0,
    "lang": "en",
    "updated": 0
  },
  {
    "id": "d5d4cc02-8b0d-45c1-a0d1-b3ed90e6ccb8",
    "data": [
      {
        "text": "download ",
        "userDefined": false
      },
      {
        "text": "Vine",
        "meta": "@app-name",
        "alias": "app-name",
        "userDefined": true
      },
      {
        "text": " from the ",
        "userDefined": false
      },
      {
        "text": "Play Store",
        "meta": "@app-store-name",
        "alias": "store-name",
        "userDefined": true
      }
    ],
    "isTemplate": false,
    "count": 0,
    "lang": "en",
    "updated": 0
  },
  {
    "id": "29fb96e3-5253-402f-8492-c3b264dc3dde",
    "data": [
      {
        "text": "I want to download ",
        "userDefined": false
      },
      {
        "text": "Vine",
        "meta": "@app-name",
        "alias": "app-name",
        "userDefined": true
      },
      {
        "text": " from the ",
        "userDefined": false
      },
      {
        "text": "Play Store",
        "meta": "@app-store-name",
        "alias": "store-name",
        "userDefined": true
      }
    ],
    "isTemplate": false,
    "count": 0,
    "lang": "en",
    "updated": 0
  },
  {
    "id": "7394c0d5-591c-4b5f-a36b-fa0cfcd1f731",
    "data": [
      {
        "text": "get ",
        "userDefined": false
      },
      {
        "text": "Facebook",
        "meta": "@app-name",
        "alias": "app-name",
        "userDefined": true
      },
      {
        "text": " app",
        "userDefined": false
      }
    ],
    "isTemplate": false,
    "count": 0,
    "lang": "en",
    "updated": 0
  },
  {
    "id": "f642cbfb-32e9-4d8f-8943-906234c11186",
    "data": [
      {
        "text": "could you download ",
        "userDefined": false
      },
      {
        "text": "Instagram",
        "meta": "@app-name",
        "alias": "app-name",
        "userDefined": true
      },
      {
        "text": " application",
        "userDefined": false
      }
    ],
    "isTemplate": false,
    "count": 0,
    "lang": "en",
    "updated": 0
  },
  {
    "id": "82c48fc0-4e85-4da2-91f8-f6c1cf459fd6",
    "data": [
      {
        "text": "I would like to download the ",
        "userDefined": false
      },
      {
        "text": "Task Manager",
        "meta": "@app-name",
        "alias": "app-name",
        "userDefined": true
      },
      {
        "text": " from ",
        "userDefined": false
      },
      {
        "text": "Play Market",
        "meta": "@app-store-name",
        "alias": "store-name",
        "userDefined": true
      }
    ],
    "isTemplate": false,
    "count": 0,
    "lang": "en",
    "updated": 0
  },
  {
    "id": "23a13d74-4f46-4f55-9d66-84c5d89986ef",
    "data": [
      {
        "text": "can",
        "meta": "@sys.ignore",
        "userDefined": false
      },
      {
        "text": " you download an app for me",
        "userDefined": false
      }
    ],
    "isTemplate": false,
    "count": 0,
    "lang": "en",
    "updated": 0
  }
]