[
  {
    "id": "ceb3790a-5f3e-4dbc-803a-067c15d1cb30",
    "data": [
      {
        "text": "I would like to ",
        "userDefined": false
      },
      {
        "text": "open",
        "meta": "@sys.ignore",
        "userDefined": true
      },
      {
        "text": " the ",
        "userDefined": false
      },
      {
        "text": "Task Manager",
        "meta": "@app-name",
        "alias": "app-name",
        "userDefined": true
      }
    ],
    "isTemplate": false,
    "count": 0,
    "lang": "en",
    "updated": 0
  },
  {
    "id": "a05f1225-fe84-45a4-b723-93428eeaa98f",
    "data": [
      {
        "text": "open",
        "meta": "@sys.ignore",
        "userDefined": true
      },
      {
        "text": " ",
        "userDefined": false
      },
      {
        "text": "Play Store",
        "meta": "@app-store-name",
        "alias": "store-name",
        "userDefined": true
      }
    ],
    "isTemplate": false,
    "count": 0,
    "lang": "en",
    "updated": 0
  },
  {
    "id": "7caf6ead-6ab5-42ed-a367-a8bf4288f8fc",
    "data": [
      {
        "text": "access ",
        "userDefined": false
      },
      {
        "text": "Gallery",
        "meta": "@app-name",
        "alias": "app-name",
        "userDefined": true
      }
    ],
    "isTemplate": false,
    "count": 0,
    "lang": "en",
    "updated": 0
  },
  {
    "id": "fd85b85d-3d8c-4e49-b73a-008d9878e328",
    "data": [
      {
        "text": "open",
        "meta": "@sys.ignore",
        "userDefined": true
      },
      {
        "text": " application ",
        "userDefined": false
      },
      {
        "text": "Instagram",
        "meta": "@app-name",
        "alias": "app-name",
        "userDefined": true
      }
    ],
    "isTemplate": false,
    "count": 0,
    "lang": "en",
    "updated": 0
  },
  {
    "id": "bb5eb8b9-c303-4918-a86a-8d9e103bf27c",
    "data": [
      {
        "text": "go to ",
        "userDefined": false
      },
      {
        "text": "my photos",
        "meta": "@app-name",
        "alias": "app-name",
        "userDefined": true
      }
    ],
    "isTemplate": false,
    "count": 0,
    "lang": "en",
    "updated": 0
  },
  {
    "id": "c00ba8d8-94df-4468-a3cb-0bd36cfb25cb",
    "data": [
      {
        "text": "launch application",
        "userDefined": false
      }
    ],
    "isTemplate": false,
    "count": 0,
    "lang": "en",
    "updated": 0
  },
  {
    "id": "c3d58b96-d886-45f7-9137-6fb706dab3ec",
    "data": [
      {
        "text": "can",
        "meta": "@sys.ignore",
        "userDefined": true
      },
      {
        "text": " you launch ",
        "userDefined": false
      },
      {
        "text": "Spotify",
        "meta": "@app-name",
        "alias": "app-name",
        "userDefined": true
      }
    ],
    "isTemplate": false,
    "count": 0,
    "lang": "en",
    "updated": 0
  },
  {
    "id": "de18dedc-6932-4361-95f9-aaa69f75ceff",
    "data": [
      {
        "text": "app ",
        "userDefined": false
      },
      {
        "text": "Viber",
        "meta": "@app-name",
        "alias": "app-name",
        "userDefined": true
      }
    ],
    "isTemplate": false,
    "count": 0,
    "lang": "en",
    "updated": 0
  },
  {
    "id": "0cbab114-b507-482e-8866-dd36ad1fe5c5",
    "data": [
      {
        "text": "can you ",
        "userDefined": false
      },
      {
        "text": "open",
        "meta": "@sys.ignore",
        "userDefined": true
      },
      {
        "text": " app",
        "userDefined": false
      }
    ],
    "isTemplate": false,
    "count": 0,
    "lang": "en",
    "updated": 0
  },
  {
    "id": "94bac39d-4003-4b85-85a4-98f7af431f89",
    "data": [
      {
        "text": "turn ",
        "userDefined": false
      },
      {
        "text": "on",
        "meta": "@sys.ignore",
        "userDefined": true
      },
      {
        "text": " ",
        "userDefined": false
      },
      {
        "text": "Flashlight",
        "meta": "@app-name",
        "alias": "app-name",
        "userDefined": true
      }
    ],
    "isTemplate": false,
    "count": 0,
    "lang": "en",
    "updated": 0
  },
  {
    "id": "5100df41-00a6-4829-80de-05505f19a482",
    "data": [
      {
        "text": "take me to ",
        "userDefined": false
      },
      {
        "text": "Ringtonium",
        "meta": "@app-name",
        "alias": "app-name",
        "userDefined": true
      },
      {
        "text": " app",
        "userDefined": false
      }
    ],
    "isTemplate": false,
    "count": 0,
    "lang": "en",
    "updated": 0
  },
  {
    "id": "01544e91-0c08-4f03-a2e7-69c7a446b8bb",
    "data": [
      {
        "text": "go to app ",
        "userDefined": false
      },
      {
        "text": "Netflix",
        "meta": "@app-name",
        "alias": "app-name",
        "userDefined": true
      }
    ],
    "isTemplate": false,
    "count": 0,
    "lang": "en",
    "updated": 0
  },
  {
    "id": "ca67416b-bc02-40b9-85f4-78e5f0d7bbd6",
    "data": [
      {
        "text": "take me to my ",
        "userDefined": false
      },
      {
        "text": "music",
        "meta": "@app-name",
        "alias": "app-name",
        "userDefined": true
      },
      {
        "text": " app",
        "userDefined": false
      }
    ],
    "isTemplate": false,
    "count": 0,
    "lang": "en",
    "updated": 0
  },
  {
    "id": "7eb0c2fd-f301-4a6f-ada5-2b4727e65f00",
    "data": [
      {
        "text": "take me to ",
        "userDefined": false
      },
      {
        "text": "YouTube",
        "meta": "@app-name",
        "alias": "app-name",
        "userDefined": true
      },
      {
        "text": " app",
        "userDefined": false
      }
    ],
    "isTemplate": false,
    "count": 0,
    "lang": "en",
    "updated": 0
  },
  {
    "id": "1a51a2bb-3391-426f-af01-37d11c0153ff",
    "data": [
      {
        "text": "could you launch ",
        "userDefined": false
      },
      {
        "text": "Twitter",
        "meta": "@app-name",
        "alias": "app-name",
        "userDefined": true
      },
      {
        "text": " please",
        "userDefined": false
      }
    ],
    "isTemplate": false,
    "count": 0,
    "lang": "en",
    "updated": 0
  },
  {
    "id": "ef74e74e-b975-4764-b57f-3dc27cad387f",
    "data": [
      {
        "text": "Viber",
        "meta": "@app-name",
        "alias": "app-name",
        "userDefined": true
      },
      {
        "text": " app",
        "userDefined": false
      }
    ],
    "isTemplate": false,
    "count": 0,
    "lang": "en",
    "updated": 0
  },
  {
    "id": "502ff8ea-70b8-4c60-94cf-b279704fb700",
    "data": [
      {
        "text": "access ",
        "userDefined": false
      },
      {
        "text": "Twitter",
        "meta": "@app-name",
        "alias": "app-name",
        "userDefined": true
      },
      {
        "text": " app",
        "userDefined": false
      }
    ],
    "isTemplate": false,
    "count": 0,
    "lang": "en",
    "updated": 0
  },
  {
    "id": "8bd8dbfd-373b-4f39-a65c-e072613537fe",
    "data": [
      {
        "text": "pull up ",
        "userDefined": false
      },
      {
        "text": "App Store",
        "meta": "@app-store-name",
        "alias": "store-name",
        "userDefined": true
      }
    ],
    "isTemplate": false,
    "count": 0,
    "lang": "en",
    "updated": 0
  },
  {
    "id": "412cddcd-f8e9-4bb6-9bc3-a66ec4b459f3",
    "data": [
      {
        "text": "go to ",
        "userDefined": false
      },
      {
        "text": "App Store",
        "meta": "@app-store-name",
        "alias": "store-name",
        "userDefined": true
      }
    ],
    "isTemplate": false,
    "count": 0,
    "lang": "en",
    "updated": 0
  },
  {
    "id": "f50ccfac-3b77-45c1-82aa-61f0c1df28ef",
    "data": [
      {
        "text": "go to ",
        "userDefined": false
      },
      {
        "text": "my pictures",
        "meta": "@app-name",
        "alias": "app-name",
        "userDefined": true
      },
      {
        "text": " ",
        "userDefined": false
      },
      {
        "text": "on",
        "meta": "@sys.ignore",
        "userDefined": true
      },
      {
        "text": " my phone",
        "userDefined": false
      }
    ],
    "isTemplate": false,
    "count": 0,
    "lang": "en",
    "updated": 0
  },
  {
    "id": "2dea298e-7e08-4914-b997-49839723efa7",
    "data": [
      {
        "text": "open application ",
        "userDefined": false
      },
      {
        "text": "Gmail",
        "meta": "@app-name",
        "alias": "app-name",
        "userDefined": true
      }
    ],
    "isTemplate": false,
    "count": 0,
    "lang": "en",
    "updated": 0
  },
  {
    "id": "73abcf83-291b-4500-8828-caac67188408",
    "data": [
      {
        "text": "open",
        "meta": "@sys.ignore",
        "userDefined": true
      },
      {
        "text": " ",
        "userDefined": false
      },
      {
        "text": "Angry Birds",
        "meta": "@app-name",
        "alias": "app-name",
        "userDefined": true
      },
      {
        "text": " application",
        "userDefined": false
      }
    ],
    "isTemplate": false,
    "count": 0,
    "lang": "en",
    "updated": 0
  },
  {
    "id": "5ffd16a5-a832-463b-80ad-d83d8ec0c5e1",
    "data": [
      {
        "text": "go to ",
        "userDefined": false
      },
      {
        "text": "camera",
        "meta": "@app-name",
        "alias": "app-name",
        "userDefined": true
      }
    ],
    "isTemplate": false,
    "count": 1,
    "lang": "en",
    "updated": 0
  },
  {
    "id": "e16e30ed-7839-4d57-a0bc-42f9f86b4381",
    "data": [
      {
        "text": "may",
        "meta": "@sys.ignore",
        "userDefined": true
      },
      {
        "text": " you ",
        "userDefined": false
      },
      {
        "text": "open",
        "meta": "@sys.ignore",
        "userDefined": true
      },
      {
        "text": " apps",
        "userDefined": false
      }
    ],
    "isTemplate": false,
    "count": 1,
    "lang": "en",
    "updated": 0
  },
  {
    "id": "7c974934-77ee-4859-855d-13c51475f1c9",
    "data": [
      {
        "text": "application",
        "userDefined": false
      }
    ],
    "isTemplate": false,
    "count": 0,
    "lang": "en",
    "updated": 0
  },
  {
    "id": "4a38dc53-14ab-42ff-81f1-81047bbd9a9f",
    "data": [
      {
        "text": "open ",
        "userDefined": false
      },
      {
        "text": "Safari",
        "meta": "@app-name",
        "alias": "app-name",
        "userDefined": true
      }
    ],
    "isTemplate": false,
    "count": 0,
    "lang": "en",
    "updated": 0
  },
  {
    "id": "b46b51fc-7227-4f34-9d5e-82e59640fb8e",
    "data": [
      {
        "text": "go to my ",
        "userDefined": false
      },
      {
        "text": "music",
        "meta": "@app-name",
        "alias": "app-name",
        "userDefined": true
      },
      {
        "text": " app",
        "userDefined": false
      }
    ],
    "isTemplate": false,
    "count": 0,
    "lang": "en",
    "updated": 0
  },
  {
    "id": "b2b22d78-f51e-43b9-9183-ed29a48ad8b6",
    "data": [
      {
        "text": "turn ",
        "userDefined": false
      },
      {
        "text": "on",
        "meta": "@sys.ignore",
        "userDefined": true
      },
      {
        "text": " ",
        "userDefined": false
      },
      {
        "text": "camera",
        "meta": "@app-name",
        "alias": "app-name",
        "userDefined": true
      }
    ],
    "isTemplate": false,
    "count": 0,
    "lang": "en",
    "updated": 0
  },
  {
    "id": "02ea3820-ec3b-4a9f-a0d8-4809d20c96c0",
    "data": [
      {
        "text": "open ",
        "userDefined": false
      },
      {
        "text": "browser",
        "meta": "@app-name",
        "alias": "app-name",
        "userDefined": true
      }
    ],
    "isTemplate": false,
    "count": 0,
    "lang": "en",
    "updated": 0
  },
  {
    "id": "2e84cd42-85b2-43d1-b667-5985f4960beb",
    "data": [
      {
        "text": "can you ",
        "userDefined": false
      },
      {
        "text": "open",
        "meta": "@sys.ignore",
        "userDefined": true
      },
      {
        "text": " ",
        "userDefined": false
      },
      {
        "text": "Subway Surfer",
        "meta": "@app-name",
        "alias": "app-name",
        "userDefined": true
      }
    ],
    "isTemplate": false,
    "count": 0,
    "lang": "en",
    "updated": 0
  },
  {
    "id": "8064c656-0eb9-4a60-ad6a-697bebba6888",
    "data": [
      {
        "text": "launch ",
        "userDefined": false
      },
      {
        "text": "Facebook",
        "meta": "@app-name",
        "alias": "app-name",
        "userDefined": true
      },
      {
        "text": " application",
        "userDefined": false
      }
    ],
    "isTemplate": false,
    "count": 0,
    "lang": "en",
    "updated": 0
  },
  {
    "id": "6d03189f-5439-49a4-bb63-f76775f32dcd",
    "data": [
      {
        "text": "play ",
        "userDefined": false
      },
      {
        "text": "Cut the rope",
        "meta": "@app-name",
        "alias": "app-name",
        "userDefined": true
      }
    ],
    "isTemplate": false,
    "count": 0,
    "lang": "en",
    "updated": 0
  },
  {
    "id": "48e3bc5a-ed5d-4434-9cd3-21efbf1a2d94",
    "data": [
      {
        "text": "can you ",
        "userDefined": false
      },
      {
        "text": "open",
        "meta": "@sys.ignore",
        "userDefined": true
      },
      {
        "text": " my ",
        "userDefined": false
      },
      {
        "text": "Facebook",
        "meta": "@app-name",
        "alias": "app-name",
        "userDefined": true
      },
      {
        "text": " app",
        "userDefined": false
      }
    ],
    "isTemplate": false,
    "count": 0,
    "lang": "en",
    "updated": 0
  }
]