[
  {
    "id": "d10d3efc-07c9-4c3f-b4da-b6b260d027b8",
    "data": [
      {
        "text": "could you open ",
        "userDefined": false
      },
      {
        "text": "Cortana",
        "meta": "@app-name",
        "alias": "app-name",
        "userDefined": true
      },
      {
        "text": " speech settings",
        "userDefined": false
      }
    ],
    "isTemplate": false,
    "count": 0,
    "lang": "en",
    "updated": 0
  },
  {
    "id": "0f7294ac-bfdd-4721-a332-c8ea3c8eb48d",
    "data": [
      {
        "text": "open ",
        "userDefined": false
      },
      {
        "text": "Skype",
        "meta": "@app-name",
        "alias": "app-name",
        "userDefined": true
      },
      {
        "text": " speech settings",
        "userDefined": false
      }
    ],
    "isTemplate": false,
    "count": 0,
    "lang": "en",
    "updated": 0
  },
  {
    "id": "c304c884-98f0-41cc-bd09-1d800449265d",
    "data": [
      {
        "text": "Google Assistant",
        "meta": "@app-name",
        "alias": "app-name",
        "userDefined": true
      },
      {
        "text": " speech settings",
        "userDefined": false
      }
    ],
    "isTemplate": false,
    "count": 0,
    "lang": "en",
    "updated": 0
  },
  {
    "id": "e26e701a-064a-428f-9826-921048b89e68",
    "data": [
      {
        "text": "how can I open the speech settings of the ",
        "userDefined": false
      },
      {
        "text": "Speaktoit Assistant",
        "meta": "@app-name",
        "alias": "app-name",
        "userDefined": true
      },
      {
        "text": " app",
        "userDefined": false
      }
    ],
    "isTemplate": false,
    "count": 0,
    "lang": "en",
    "updated": 0
  },
  {
    "id": "c80d233b-c70d-457b-8807-f89962db41d1",
    "data": [
      {
        "text": "I\u0027d like to adjust ",
        "userDefined": false
      },
      {
        "text": "Sherpa",
        "meta": "@app-name",
        "alias": "app-name",
        "userDefined": true
      },
      {
        "text": " app speech",
        "userDefined": false
      }
    ],
    "isTemplate": false,
    "count": 0,
    "lang": "en",
    "updated": 0
  },
  {
    "id": "d302a874-d741-46a5-af01-c765486363e2",
    "data": [
      {
        "text": "adjust ",
        "userDefined": false
      },
      {
        "text": "Allo",
        "meta": "@app-name",
        "alias": "app-name",
        "userDefined": true
      },
      {
        "text": " speech",
        "userDefined": false
      }
    ],
    "isTemplate": false,
    "count": 0,
    "lang": "en",
    "updated": 0
  },
  {
    "id": "f0a01d9e-3862-4be4-bc59-f06d4ffeca21",
    "data": [
      {
        "text": "go to ",
        "userDefined": false
      },
      {
        "text": "Google Assistant",
        "meta": "@app-name",
        "alias": "app-name",
        "userDefined": true
      },
      {
        "text": " speech settings",
        "userDefined": false
      }
    ],
    "isTemplate": false,
    "count": 0,
    "lang": "en",
    "updated": 0
  }
]