[
  {
    "id": "cc70d0b6-0df9-4030-909b-7c8eb98c7240",
    "data": [
      {
        "text": "could you clear our conversations history",
        "userDefined": false
      }
    ],
    "isTemplate": false,
    "count": 0,
    "lang": "en",
    "updated": 0
  },
  {
    "id": "2a785030-1466-41cc-a493-3f92aa367ff0",
    "data": [
      {
        "text": "clear history",
        "userDefined": false
      }
    ],
    "isTemplate": false,
    "count": 0,
    "lang": "en",
    "updated": 0
  },
  {
    "id": "0d6090f3-0651-4cc8-911c-1de2deaf8c5f",
    "data": [
      {
        "text": "forget our conversations",
        "userDefined": false
      }
    ],
    "isTemplate": false,
    "count": 0,
    "lang": "en",
    "updated": 0
  },
  {
    "id": "49b8eca8-0cbc-4d21-9a2e-39331a9b82bd",
    "data": [
      {
        "text": "forget what I just said",
        "userDefined": false
      }
    ],
    "isTemplate": false,
    "count": 0,
    "lang": "en",
    "updated": 0
  },
  {
    "id": "3700a087-0dd1-489e-9adf-bbb67c8a00a2",
    "data": [
      {
        "text": "erase ",
        "userDefined": false
      },
      {
        "text": "all",
        "meta": "@sys.ignore",
        "userDefined": false
      },
      {
        "text": " our conversations",
        "userDefined": false
      }
    ],
    "isTemplate": false,
    "count": 0,
    "lang": "en",
    "updated": 0
  },
  {
    "id": "13f809e4-246e-4547-9d55-8069ffc3db05",
    "data": [
      {
        "text": "clear the history of our conversations",
        "userDefined": false
      }
    ],
    "isTemplate": false,
    "count": 0,
    "lang": "en",
    "updated": 0
  }
]