[
  {
    "id": "ba52c67b-726a-4216-8c80-46830826f678",
    "data": [
      {
        "text": "can you rate the app ",
        "userDefined": false
      },
      {
        "text": "Clash of clans",
        "meta": "@app-name",
        "alias": "app-name",
        "userDefined": false
      },
      {
        "text": " for me",
        "userDefined": false
      }
    ],
    "isTemplate": false,
    "count": 0,
    "lang": "en",
    "updated": 0
  },
  {
    "id": "0e7ed4c2-dbfc-4b92-b62b-9e6a789b7587",
    "data": [
      {
        "text": "evaluate an app",
        "userDefined": false
      }
    ],
    "isTemplate": false,
    "count": 0,
    "lang": "en",
    "updated": 0
  },
  {
    "id": "13b964de-8b5b-485a-8316-6e981d50c4dc",
    "data": [
      {
        "text": "how do I rate an app ",
        "userDefined": false
      },
      {
        "text": "3",
        "meta": "@sys.number",
        "alias": "star",
        "userDefined": true
      },
      {
        "text": " stars ",
        "userDefined": false
      },
      {
        "text": "on",
        "meta": "@sys.ignore",
        "userDefined": false
      },
      {
        "text": " ",
        "userDefined": false
      },
      {
        "text": "Google Play Store",
        "meta": "@app-store-name",
        "alias": "store-name",
        "userDefined": false
      }
    ],
    "isTemplate": false,
    "count": 0,
    "lang": "en",
    "updated": 0
  },
  {
    "id": "f418afae-5b13-484c-b987-029a9505cd4b",
    "data": [
      {
        "text": "rate ",
        "userDefined": false
      },
      {
        "text": "Angry Birds",
        "meta": "@app-name",
        "alias": "app-name",
        "userDefined": true
      }
    ],
    "isTemplate": false,
    "count": 0,
    "lang": "en",
    "updated": 0
  },
  {
    "id": "e361b022-dac9-456b-9f35-206d52b28499",
    "data": [
      {
        "text": "rate ",
        "userDefined": false
      },
      {
        "text": "Facebook",
        "meta": "@app-name",
        "alias": "app-name",
        "userDefined": true
      },
      {
        "text": " ",
        "userDefined": false
      },
      {
        "text": "5",
        "meta": "@sys.number",
        "alias": "star",
        "userDefined": false
      },
      {
        "text": " stars on ",
        "userDefined": false
      },
      {
        "text": "App Store",
        "meta": "@app-store-name",
        "alias": "store-name",
        "userDefined": true
      }
    ],
    "isTemplate": false,
    "count": 0,
    "lang": "en",
    "updated": 0
  },
  {
    "id": "98ed7bf4-431e-42aa-9b21-a9775e0c3efc",
    "data": [
      {
        "text": "I would like to rate ",
        "userDefined": false
      },
      {
        "text": "Snapchat",
        "meta": "@app-name",
        "alias": "app-name",
        "userDefined": false
      }
    ],
    "isTemplate": false,
    "count": 0,
    "lang": "en",
    "updated": 0
  },
  {
    "id": "0e7b89a7-1286-4898-bed4-70cd92fbbbdc",
    "data": [
      {
        "text": "rate the app ",
        "userDefined": false
      },
      {
        "text": "Google Assistant",
        "meta": "@app-name",
        "alias": "app-name",
        "userDefined": false
      },
      {
        "text": " with ",
        "userDefined": false
      },
      {
        "text": "3",
        "meta": "@sys.number",
        "alias": "star",
        "userDefined": true
      },
      {
        "text": " stars",
        "userDefined": false
      }
    ],
    "isTemplate": false,
    "count": 0,
    "lang": "en",
    "updated": 0
  },
  {
    "id": "45f68055-6167-4408-abbf-850aa5b8729c",
    "data": [
      {
        "text": "I\u0027d like to rate an app in ",
        "userDefined": false
      },
      {
        "text": "App Store",
        "meta": "@app-store-name",
        "alias": "store-name",
        "userDefined": false
      }
    ],
    "isTemplate": false,
    "count": 0,
    "lang": "en",
    "updated": 0
  },
  {
    "id": "574a3077-edaf-4216-9d4c-780791685b58",
    "data": [
      {
        "text": "give ",
        "userDefined": false
      },
      {
        "text": "Skype",
        "meta": "@app-name",
        "alias": "app-name",
        "userDefined": true
      },
      {
        "text": " ",
        "userDefined": false
      },
      {
        "text": "4",
        "meta": "@sys.number",
        "alias": "star",
        "userDefined": true
      },
      {
        "text": " stars rating",
        "userDefined": false
      }
    ],
    "isTemplate": false,
    "count": 0,
    "lang": "en",
    "updated": 0
  },
  {
    "id": "169e5649-241c-420d-b048-c9ebb0204ed6",
    "data": [
      {
        "text": "let\u0027s give ",
        "userDefined": false
      },
      {
        "text": "Viber",
        "meta": "@app-name",
        "alias": "app-name",
        "userDefined": true
      },
      {
        "text": " ",
        "userDefined": false
      },
      {
        "text": "3",
        "meta": "@sys.number",
        "alias": "star",
        "userDefined": true
      },
      {
        "text": " stars rating",
        "userDefined": false
      }
    ],
    "isTemplate": false,
    "count": 0,
    "lang": "en",
    "updated": 0
  },
  {
    "id": "0a6ebf1c-f3b5-444f-96f8-6885eea9ef36",
    "data": [
      {
        "text": "rate application",
        "userDefined": false
      }
    ],
    "isTemplate": false,
    "count": 0,
    "lang": "en",
    "updated": 0
  },
  {
    "id": "42089d79-24cb-4b77-b80a-aa8abf3de52e",
    "data": [
      {
        "text": "rating on ",
        "userDefined": false
      },
      {
        "text": "Play Store",
        "meta": "@app-store-name",
        "alias": "store-name",
        "userDefined": true
      }
    ],
    "isTemplate": false,
    "count": 0,
    "lang": "en",
    "updated": 0
  },
  {
    "id": "7f47dbe8-616e-4d35-876b-ea00447eeb0a",
    "data": [
      {
        "text": "rate ",
        "userDefined": false
      },
      {
        "text": "Chrome",
        "meta": "@app-name",
        "alias": "app-name",
        "userDefined": true
      },
      {
        "text": " application",
        "userDefined": false
      }
    ],
    "isTemplate": false,
    "count": 0,
    "lang": "en",
    "updated": 0
  },
  {
    "id": "063cd55b-1bc0-48a0-8187-c86e422bd6ad",
    "data": [
      {
        "text": "rate an app",
        "userDefined": false
      }
    ],
    "isTemplate": false,
    "count": 0,
    "lang": "en",
    "updated": 0
  },
  {
    "id": "bf38cd5a-47a4-47be-973d-1286cfac1599",
    "data": [
      {
        "text": "let\u0027s give ",
        "userDefined": false
      },
      {
        "text": "5",
        "meta": "@sys.number",
        "alias": "star",
        "userDefined": true
      },
      {
        "text": " stars to ",
        "userDefined": false
      },
      {
        "text": "Google Keep",
        "meta": "@app-name",
        "alias": "app-name",
        "userDefined": true
      },
      {
        "text": " in ",
        "userDefined": false
      },
      {
        "text": "Play Store",
        "meta": "@app-store-name",
        "alias": "store-name",
        "userDefined": true
      }
    ],
    "isTemplate": false,
    "count": 0,
    "lang": "en",
    "updated": 0
  },
  {
    "id": "853b731e-6267-4fd1-8b66-a720ad8d54b7",
    "data": [
      {
        "text": "rate ",
        "userDefined": false
      },
      {
        "text": "3",
        "meta": "@sys.number",
        "alias": "star",
        "userDefined": true
      },
      {
        "text": " stars",
        "userDefined": false
      }
    ],
    "isTemplate": false,
    "count": 0,
    "lang": "en",
    "updated": 0
  },
  {
    "id": "b3fb8209-6cf4-4fb6-8a78-04cf9ec16756",
    "data": [
      {
        "text": "could you rate the app ",
        "userDefined": false
      },
      {
        "text": "5",
        "meta": "@sys.number",
        "alias": "star",
        "userDefined": false
      },
      {
        "text": " stars",
        "userDefined": false
      }
    ],
    "isTemplate": false,
    "count": 0,
    "lang": "en",
    "updated": 0
  },
  {
    "id": "e4d7938f-2636-464c-858c-e560a2b4ad8d",
    "data": [
      {
        "text": "rate the application ",
        "userDefined": false
      },
      {
        "text": "5",
        "meta": "@sys.number",
        "alias": "star",
        "userDefined": false
      },
      {
        "text": " stars",
        "userDefined": false
      }
    ],
    "isTemplate": false,
    "count": 0,
    "lang": "en",
    "updated": 0
  },
  {
    "id": "f212ab99-9353-499a-ae18-ce6be32cf858",
    "data": [
      {
        "text": "rate the application with ",
        "userDefined": false
      },
      {
        "text": "3",
        "meta": "@sys.number",
        "alias": "star",
        "userDefined": true
      },
      {
        "text": " stars",
        "userDefined": false
      }
    ],
    "isTemplate": false,
    "count": 0,
    "lang": "en",
    "updated": 0
  },
  {
    "id": "5a98e085-46dc-45d9-90b5-c289d8db0a46",
    "data": [
      {
        "text": "how can I rate apps",
        "userDefined": false
      }
    ],
    "isTemplate": false,
    "count": 0,
    "lang": "en",
    "updated": 0
  },
  {
    "id": "6625c4e4-683f-48a2-ad16-068e6251e5fa",
    "data": [
      {
        "text": "rate app ",
        "userDefined": false
      },
      {
        "text": "5",
        "meta": "@sys.number",
        "alias": "star",
        "userDefined": false
      },
      {
        "text": " stars",
        "userDefined": false
      }
    ],
    "isTemplate": false,
    "count": 0,
    "lang": "en",
    "updated": 0
  },
  {
    "id": "d613e1c3-0e9a-4510-9422-a7b91568d9bc",
    "data": [
      {
        "text": "can I rate ",
        "userDefined": false
      },
      {
        "text": "Facebook",
        "meta": "@app-name",
        "alias": "app-name",
        "userDefined": true
      },
      {
        "text": " app ",
        "userDefined": false
      },
      {
        "text": "5",
        "meta": "@sys.number",
        "alias": "star",
        "userDefined": false
      },
      {
        "text": " stars in ",
        "userDefined": false
      },
      {
        "text": "Google Play Store",
        "meta": "@app-store-name",
        "alias": "store-name",
        "userDefined": true
      }
    ],
    "isTemplate": false,
    "count": 0,
    "lang": "en",
    "updated": 0
  }
]