[
  {
    "id": "18fce7c8-4986-4f5f-830d-9a479543e034",
    "data": [
      {
        "text": "can I find you in ",
        "userDefined": false
      },
      {
        "text": "Play Market",
        "meta": "@app-store-name",
        "alias": "store-name",
        "userDefined": false
      }
    ],
    "isTemplate": false,
    "count": 0,
    "lang": "en",
    "updated": 0
  },
  {
    "id": "17e67d42-522a-4fb5-aedb-4d2e8694c892",
    "data": [
      {
        "text": "can I search for your app",
        "userDefined": false
      }
    ],
    "isTemplate": false,
    "count": 0,
    "lang": "en",
    "updated": 0
  },
  {
    "id": "21cc479b-97cc-49d8-94e8-bc8bcaca8bb6",
    "data": [
      {
        "text": "search for your application",
        "userDefined": false
      }
    ],
    "isTemplate": false,
    "count": 0,
    "lang": "en",
    "updated": 0
  },
  {
    "id": "c0ec89b0-ca85-4ebd-8703-9941eadf4741",
    "data": [
      {
        "text": "where I find your application",
        "userDefined": false
      }
    ],
    "isTemplate": false,
    "count": 0,
    "lang": "en",
    "updated": 0
  },
  {
    "id": "94abfddf-de0e-4d63-925d-fa8f65f7c298",
    "data": [
      {
        "text": "search yourself in ",
        "userDefined": false
      },
      {
        "text": "App Store",
        "meta": "@app-store-name",
        "alias": "store-name",
        "userDefined": false
      }
    ],
    "isTemplate": false,
    "count": 0,
    "lang": "en",
    "updated": 0
  },
  {
    "id": "7df843e5-4c41-47a9-b8c0-1d3012e778cf",
    "data": [
      {
        "text": "search your app ",
        "userDefined": false
      },
      {
        "text": "on",
        "meta": "@sys.ignore",
        "userDefined": false
      },
      {
        "text": " ",
        "userDefined": false
      },
      {
        "text": "Play Store",
        "meta": "@app-store-name",
        "alias": "store-name",
        "userDefined": false
      }
    ],
    "isTemplate": false,
    "count": 0,
    "lang": "en",
    "updated": 0
  },
  {
    "id": "69fefce0-15fe-4f18-9361-925361d90efc",
    "data": [
      {
        "text": "tell me where can I find you",
        "userDefined": false
      }
    ],
    "isTemplate": false,
    "count": 0,
    "lang": "en",
    "updated": 0
  },
  {
    "id": "c7386b22-2fd4-44f3-88ee-c2dc87faae2e",
    "data": [
      {
        "text": "are you on ",
        "userDefined": false
      },
      {
        "text": "App Store",
        "meta": "@app-store-name",
        "alias": "store-name",
        "userDefined": true
      }
    ],
    "isTemplate": false,
    "count": 0,
    "lang": "en",
    "updated": 0
  },
  {
    "id": "1bbf606e-c0e3-4642-a90e-d436dd6fd870",
    "data": [
      {
        "text": "find your app",
        "userDefined": false
      }
    ],
    "isTemplate": false,
    "count": 0,
    "lang": "en",
    "updated": 0
  },
  {
    "id": "2b8a2d92-e710-432f-b75f-a5e486f7a09c",
    "data": [
      {
        "text": "search for your app in ",
        "userDefined": false
      },
      {
        "text": "Play Store",
        "meta": "@app-store-name",
        "alias": "store-name",
        "userDefined": false
      }
    ],
    "isTemplate": false,
    "count": 0,
    "lang": "en",
    "updated": 0
  }
]