[
  {
    "id": "a7e12856-44a4-4007-8b88-59bb2aab83d9",
    "data": [
      {
        "text": "what\u0027s new in the current version",
        "userDefined": false
      }
    ],
    "isTemplate": false,
    "count": 0,
    "lang": "en",
    "updated": 0
  },
  {
    "id": "a6292ba4-efba-4704-9343-e6e29f14d467",
    "data": [
      {
        "text": "current",
        "meta": "@sys.ignore",
        "userDefined": false
      },
      {
        "text": " version summary",
        "userDefined": false
      }
    ],
    "isTemplate": false,
    "count": 0,
    "lang": "en",
    "updated": 0
  },
  {
    "id": "c0a17dfc-8b92-4caf-8c51-5ec0edeb051a",
    "data": [
      {
        "text": "what\u0027s new in this version",
        "userDefined": false
      }
    ],
    "isTemplate": false,
    "count": 0,
    "lang": "en",
    "updated": 0
  },
  {
    "id": "cc4806ec-9b4c-4c66-b346-14426b29f8f5",
    "data": [
      {
        "text": "what\u0027s new in current version",
        "userDefined": false
      }
    ],
    "isTemplate": false,
    "count": 0,
    "lang": "en",
    "updated": 0
  },
  {
    "id": "1bd01378-4d7f-4551-b672-7584ae7f5ae1",
    "data": [
      {
        "text": "show me the summary of the ",
        "userDefined": false
      },
      {
        "text": "current",
        "meta": "@sys.ignore",
        "userDefined": false
      },
      {
        "text": " version",
        "userDefined": false
      }
    ],
    "isTemplate": false,
    "count": 0,
    "lang": "en",
    "updated": 0
  },
  {
    "id": "fbccce32-3074-4c24-92c9-7d23a13203da",
    "data": [
      {
        "text": "give me a summary of your ",
        "userDefined": false
      },
      {
        "text": "current",
        "meta": "@sys.ignore",
        "userDefined": false
      },
      {
        "text": " version",
        "userDefined": false
      }
    ],
    "isTemplate": false,
    "count": 0,
    "lang": "en",
    "updated": 0
  }
]