[
  {
    "id": "e9622e38-ad12-4858-91ca-95fb43dcd44b",
    "data": [
      {
        "text": "any notifications from ",
        "userDefined": false
      },
      {
        "text": "Angry birds",
        "meta": "@app-name",
        "alias": "app-name",
        "userDefined": true
      }
    ],
    "isTemplate": false,
    "count": 0,
    "lang": "en",
    "updated": 0
  },
  {
    "id": "ef881f58-61d7-42b4-b356-11a76b255df3",
    "data": [
      {
        "text": "show notifications from ",
        "userDefined": false
      },
      {
        "text": "my",
        "meta": "@sys.ignore",
        "userDefined": true
      },
      {
        "text": " ",
        "userDefined": false
      },
      {
        "text": "Facebook",
        "meta": "@app-name",
        "alias": "app-name",
        "userDefined": true
      }
    ],
    "isTemplate": false,
    "count": 0,
    "lang": "en",
    "updated": 0
  },
  {
    "id": "54547a7a-2c93-4164-92c2-845a6e30f143",
    "data": [
      {
        "text": "could you read",
        "meta": "@sys.ignore",
        "userDefined": true
      },
      {
        "text": " notifications from my ",
        "userDefined": false
      },
      {
        "text": "Twitter",
        "meta": "@app-name",
        "alias": "app-name",
        "userDefined": true
      }
    ],
    "isTemplate": false,
    "count": 0,
    "lang": "en",
    "updated": 0
  },
  {
    "id": "395d1ccc-1db0-47da-bd0b-d3f48cf94af8",
    "data": [
      {
        "text": "access ",
        "userDefined": false
      },
      {
        "text": "Google Assistant",
        "meta": "@app-name",
        "alias": "app-name",
        "userDefined": true
      },
      {
        "text": " notifications menu",
        "userDefined": false
      }
    ],
    "isTemplate": false,
    "count": 0,
    "lang": "en",
    "updated": 0
  },
  {
    "id": "d79f4959-3df1-41aa-9bb9-07bd257cc973",
    "data": [
      {
        "text": "open ",
        "userDefined": false
      },
      {
        "text": "Allo",
        "meta": "@app-name",
        "alias": "app-name",
        "userDefined": true
      },
      {
        "text": " notifications settings",
        "userDefined": false
      }
    ],
    "isTemplate": false,
    "count": 0,
    "lang": "en",
    "updated": 0
  },
  {
    "id": "2f6febcb-d481-4db1-88c8-ba722e3f8b9c",
    "data": [
      {
        "text": "read notifications from ",
        "userDefined": false
      },
      {
        "text": "Skype",
        "meta": "@app-name",
        "alias": "app-name",
        "userDefined": true
      }
    ],
    "isTemplate": false,
    "count": 0,
    "lang": "en",
    "updated": 0
  },
  {
    "id": "13dca2e1-7802-41e7-9b79-53f152581bb9",
    "data": [
      {
        "text": "open ",
        "userDefined": false
      },
      {
        "text": "Slack",
        "meta": "@app-name",
        "alias": "app-name",
        "userDefined": true
      },
      {
        "text": " notifications",
        "userDefined": false
      }
    ],
    "isTemplate": false,
    "count": 0,
    "lang": "en",
    "updated": 0
  }
]