[
  {
    "id": "b9bdaff5-79dd-416b-9d65-b76868205e10",
    "data": [
      {
        "text": "which version of ",
        "userDefined": false
      },
      {
        "text": "Angry Birds",
        "meta": "@app-name",
        "alias": "app-name",
        "userDefined": true
      },
      {
        "text": " do I use",
        "userDefined": false
      }
    ],
    "isTemplate": false,
    "count": 0,
    "lang": "en",
    "updated": 0
  },
  {
    "id": "4fd1f815-83f0-44d8-95ad-44d348004d80",
    "data": [
      {
        "text": "which version of the ",
        "userDefined": false
      },
      {
        "text": "Skype",
        "meta": "@app-name",
        "alias": "app-name",
        "userDefined": true
      },
      {
        "text": " am I using ",
        "userDefined": false
      },
      {
        "text": "now",
        "meta": "@sys.ignore",
        "userDefined": false
      }
    ],
    "isTemplate": false,
    "count": 0,
    "lang": "en",
    "updated": 0
  },
  {
    "id": "cb329c31-c4fb-435d-8677-a445c6cd93b9",
    "data": [
      {
        "text": "what\u0027s the number of the ",
        "userDefined": false
      },
      {
        "text": "Skype",
        "meta": "@app-name",
        "alias": "app-name",
        "userDefined": true
      },
      {
        "text": " version that I\u0027m using",
        "userDefined": false
      }
    ],
    "isTemplate": false,
    "count": 0,
    "lang": "en",
    "updated": 0
  },
  {
    "id": "b050cff4-5dcf-417d-8aeb-0720107258d8",
    "data": [
      {
        "text": "what version of ",
        "userDefined": false
      },
      {
        "text": "Angry Birds",
        "meta": "@app-name",
        "alias": "app-name",
        "userDefined": true
      },
      {
        "text": " is installed in my device",
        "userDefined": false
      }
    ],
    "isTemplate": false,
    "count": 0,
    "lang": "en",
    "updated": 0
  },
  {
    "id": "aca85cb9-4b4b-408a-ac7b-ef956bf853d7",
    "data": [
      {
        "text": "show me the current version of my ",
        "userDefined": false
      },
      {
        "text": "VK",
        "meta": "@app-name",
        "alias": "app-name",
        "userDefined": true
      },
      {
        "text": " app",
        "userDefined": false
      }
    ],
    "isTemplate": false,
    "count": 0,
    "lang": "en",
    "updated": 0
  },
  {
    "id": "1547efac-9940-4336-a803-7dfd1d0323d0",
    "data": [
      {
        "text": "tell me the version of ",
        "userDefined": false
      },
      {
        "text": "Kik messenger",
        "meta": "@app-name",
        "alias": "app-name",
        "userDefined": true
      },
      {
        "text": " that I use",
        "userDefined": false
      }
    ],
    "isTemplate": false,
    "count": 0,
    "lang": "en",
    "updated": 0
  },
  {
    "id": "a72b3b13-a996-4993-ac2e-776567c302d8",
    "data": [
      {
        "text": "WhatsApp",
        "meta": "@app-name",
        "alias": "app-name",
        "userDefined": true
      },
      {
        "text": " version",
        "userDefined": false
      }
    ],
    "isTemplate": false,
    "count": 0,
    "lang": "en",
    "updated": 0
  },
  {
    "id": "fb32f1bd-4762-41d0-8026-88f72fca270b",
    "data": [
      {
        "text": "show me the version number of the ",
        "userDefined": false
      },
      {
        "text": "Slack",
        "meta": "@app-name",
        "alias": "app-name",
        "userDefined": true
      },
      {
        "text": " app",
        "userDefined": false
      }
    ],
    "isTemplate": false,
    "count": 0,
    "lang": "en",
    "updated": 0
  },
  {
    "id": "7a36c295-a4a2-4735-a282-0e4f7f47201f",
    "data": [
      {
        "text": "find out which version of ",
        "userDefined": false
      },
      {
        "text": "Gmail",
        "meta": "@app-name",
        "alias": "app-name",
        "userDefined": true
      },
      {
        "text": " is installed on this device",
        "userDefined": false
      }
    ],
    "isTemplate": false,
    "count": 0,
    "lang": "en",
    "updated": 0
  },
  {
    "id": "455146b6-cd4a-4335-a1d3-3d4f183120c5",
    "data": [
      {
        "text": "I need to know the version number of the ",
        "userDefined": false
      },
      {
        "text": "Twitter",
        "meta": "@app-name",
        "alias": "app-name",
        "userDefined": true
      },
      {
        "text": " app",
        "userDefined": false
      }
    ],
    "isTemplate": false,
    "count": 0,
    "lang": "en",
    "updated": 0
  },
  {
    "id": "d6f4acdf-57c7-46c8-aaa5-5d1f1f570944",
    "data": [
      {
        "text": "what ",
        "userDefined": false
      },
      {
        "text": "Skype",
        "meta": "@app-name",
        "alias": "app-name",
        "userDefined": true
      },
      {
        "text": " version ",
        "userDefined": false
      },
      {
        "text": "do",
        "meta": "@sys.ignore",
        "userDefined": true
      },
      {
        "text": " ",
        "userDefined": false
      },
      {
        "text": "I",
        "meta": "@sys.ignore",
        "userDefined": true
      },
      {
        "text": " use",
        "userDefined": false
      }
    ],
    "isTemplate": false,
    "count": 0,
    "lang": "en",
    "updated": 0
  }
]