[
  {
    "id": "c3adb486-15ab-430d-a53a-63e5192c3da1",
    "data": [
      {
        "text": "I need to install you",
        "userDefined": false
      }
    ],
    "isTemplate": false,
    "count": 0,
    "lang": "en",
    "updated": 0
  },
  {
    "id": "f72030bf-6732-4590-9446-cd6dac2b37de",
    "data": [
      {
        "text": "how can I install your app",
        "userDefined": false
      }
    ],
    "isTemplate": false,
    "count": 0,
    "lang": "en",
    "updated": 0
  },
  {
    "id": "23c7c8ae-6d58-4a71-86cc-f1fd490973c0",
    "data": [
      {
        "text": "how do I install you",
        "userDefined": false
      }
    ],
    "isTemplate": false,
    "count": 0,
    "lang": "en",
    "updated": 0
  },
  {
    "id": "95bb62b0-12b9-4961-ace1-b8905e6574f9",
    "data": [
      {
        "text": "install yourself",
        "userDefined": false
      }
    ],
    "isTemplate": false,
    "count": 0,
    "lang": "en",
    "updated": 0
  },
  {
    "id": "73bb8265-229b-4555-8499-6a04278d5fb6",
    "data": [
      {
        "text": "install ",
        "userDefined": false
      },
      {
        "text": "your",
        "meta": "@sys.ignore",
        "userDefined": false
      },
      {
        "text": " application",
        "userDefined": false
      }
    ],
    "isTemplate": false,
    "count": 0,
    "lang": "en",
    "updated": 0
  },
  {
    "id": "f8f670ed-da13-40a1-9ead-68ad768c0686",
    "data": [
      {
        "text": "can",
        "meta": "@sys.ignore",
        "userDefined": false
      },
      {
        "text": " you install yourself",
        "userDefined": false
      }
    ],
    "isTemplate": false,
    "count": 0,
    "lang": "en",
    "updated": 0
  },
  {
    "id": "18a64085-0821-442e-bb60-3a5b726ba225",
    "data": [
      {
        "text": "how to install ",
        "userDefined": false
      },
      {
        "text": "your",
        "meta": "@sys.ignore",
        "userDefined": false
      },
      {
        "text": " app",
        "userDefined": false
      }
    ],
    "isTemplate": false,
    "count": 0,
    "lang": "en",
    "updated": 0
  },
  {
    "id": "9121ac35-91da-4b9b-9ea6-8b966256e606",
    "data": [
      {
        "text": "install your app",
        "userDefined": false
      }
    ],
    "isTemplate": false,
    "count": 0,
    "lang": "en",
    "updated": 0
  }
]