[
  {
    "id": "f4298218-e418-4f73-b0c1-0b63061cb51f",
    "data": [
      {
        "text": "find ",
        "userDefined": false
      },
      {
        "text": "Instagram",
        "meta": "@app-name",
        "alias": "app-name",
        "userDefined": true
      },
      {
        "text": " on ",
        "userDefined": false
      },
      {
        "text": "App Store",
        "meta": "@app-store-name",
        "alias": "store-name",
        "userDefined": true
      }
    ],
    "isTemplate": false,
    "count": 0,
    "lang": "en",
    "updated": 0
  },
  {
    "id": "c52adb1d-1605-4a9f-81b9-24fb752764ff",
    "data": [
      {
        "text": "I\u0027d like to find ",
        "userDefined": false
      },
      {
        "text": "Kik",
        "meta": "@app-name",
        "alias": "app-name",
        "userDefined": true
      },
      {
        "text": " app on ",
        "userDefined": false
      },
      {
        "text": "Play Store",
        "meta": "@app-store-name",
        "alias": "store-name",
        "userDefined": true
      }
    ],
    "isTemplate": false,
    "count": 0,
    "lang": "en",
    "updated": 0
  },
  {
    "id": "b6aa87f9-bfbe-49d9-9c99-2c4cddb174da",
    "data": [
      {
        "text": "I need to find ",
        "userDefined": false
      },
      {
        "text": "Chrome",
        "meta": "@app-name",
        "alias": "app-name",
        "userDefined": true
      },
      {
        "text": " app",
        "userDefined": false
      }
    ],
    "isTemplate": false,
    "count": 0,
    "lang": "en",
    "updated": 0
  },
  {
    "id": "c59d18e2-2c7a-4ffe-a9a4-ccfb7237ad99",
    "data": [
      {
        "text": "I need the app ",
        "userDefined": false
      },
      {
        "text": "Twitter",
        "meta": "@app-name",
        "alias": "app-name",
        "userDefined": true
      },
      {
        "text": " can you find it",
        "userDefined": false
      }
    ],
    "isTemplate": false,
    "count": 0,
    "lang": "en",
    "updated": 0
  },
  {
    "id": "6567105e-96b0-41f0-8a6e-480cb43e8f45",
    "data": [
      {
        "text": "I need ",
        "userDefined": false
      },
      {
        "text": "Slack",
        "meta": "@app-name",
        "alias": "app-name",
        "userDefined": true
      },
      {
        "text": " app",
        "userDefined": false
      }
    ],
    "isTemplate": false,
    "count": 0,
    "lang": "en",
    "updated": 0
  },
  {
    "id": "d20e482b-943a-4457-b84e-ff076df86224",
    "data": [
      {
        "text": "search for ",
        "userDefined": false
      },
      {
        "text": "Angry Birds",
        "meta": "@app-name",
        "alias": "app-name",
        "userDefined": true
      },
      {
        "text": " on ",
        "userDefined": false
      },
      {
        "text": "Play Market",
        "meta": "@app-store-name",
        "alias": "store-name",
        "userDefined": true
      }
    ],
    "isTemplate": false,
    "count": 0,
    "lang": "en",
    "updated": 0
  },
  {
    "id": "e100a3b9-6ae8-4dee-ae9c-79ac98957bf8",
    "data": [
      {
        "text": "search for a new ",
        "userDefined": false
      },
      {
        "text": "music player",
        "meta": "@app-name",
        "alias": "app-name",
        "userDefined": true
      },
      {
        "text": " app",
        "userDefined": false
      }
    ],
    "isTemplate": false,
    "count": 0,
    "lang": "en",
    "updated": 0
  },
  {
    "id": "e9074c10-07ab-4f7f-bcc5-38359d9e44b8",
    "data": [
      {
        "text": "find an app",
        "userDefined": false
      }
    ],
    "isTemplate": false,
    "count": 0,
    "lang": "en",
    "updated": 0
  },
  {
    "id": "8b3c4cb9-e3fe-49fb-a5c3-96799ce2653f",
    "data": [
      {
        "text": "can you search for apps",
        "userDefined": false
      }
    ],
    "isTemplate": false,
    "count": 0,
    "lang": "en",
    "updated": 0
  },
  {
    "id": "1a362eba-94a5-4bd1-98fa-901047e096e1",
    "data": [
      {
        "text": "Play Market",
        "meta": "@app-store-name",
        "alias": "store-name",
        "userDefined": true
      },
      {
        "text": " search for ",
        "userDefined": false
      },
      {
        "text": "Facebook messenger",
        "meta": "@app-name",
        "alias": "app-name",
        "userDefined": true
      }
    ],
    "isTemplate": false,
    "count": 0,
    "lang": "en",
    "updated": 0
  },
  {
    "id": "54d354e8-e725-4af8-9cef-36d9aabe70c7",
    "data": [
      {
        "text": "could you search for ",
        "userDefined": false
      },
      {
        "text": "Skype",
        "meta": "@app-name",
        "alias": "app-name",
        "userDefined": true
      },
      {
        "text": " on ",
        "userDefined": false
      },
      {
        "text": "App Store",
        "meta": "@app-store-name",
        "alias": "store-name",
        "userDefined": true
      }
    ],
    "isTemplate": false,
    "count": 0,
    "lang": "en",
    "updated": 0
  }
]