[
  {
    "id": "4241e120-00b9-466b-9278-7e22dbca1f99",
    "data": [
      {
        "text": "I want ",
        "userDefined": false
      },
      {
        "text": "the",
        "meta": "@sys.ignore",
        "userDefined": false
      },
      {
        "text": " ",
        "userDefined": false
      },
      {
        "text": "latest",
        "meta": "@sys.ignore",
        "userDefined": false
      },
      {
        "text": " version ",
        "userDefined": false
      },
      {
        "text": "of",
        "meta": "@sys.ignore",
        "userDefined": false
      },
      {
        "text": " your app",
        "userDefined": false
      }
    ],
    "isTemplate": false,
    "count": 0,
    "lang": "en",
    "updated": 0
  },
  {
    "id": "ebf7b140-1587-4508-bb97-7e75970ed888",
    "data": [
      {
        "text": "get",
        "meta": "@sys.ignore",
        "userDefined": false
      },
      {
        "text": " ",
        "userDefined": false
      },
      {
        "text": "the",
        "meta": "@sys.ignore",
        "userDefined": false
      },
      {
        "text": " ",
        "userDefined": false
      },
      {
        "text": "latest",
        "meta": "@sys.ignore",
        "userDefined": false
      },
      {
        "text": " version ",
        "userDefined": false
      },
      {
        "text": "of",
        "meta": "@sys.ignore",
        "userDefined": false
      },
      {
        "text": " your app",
        "userDefined": false
      }
    ],
    "isTemplate": false,
    "count": 0,
    "lang": "en",
    "updated": 0
  },
  {
    "id": "abff013a-bde2-4b1a-8d00-4face07edde1",
    "data": [
      {
        "text": "I\u0027d like to update this app",
        "userDefined": false
      }
    ],
    "isTemplate": false,
    "count": 0,
    "lang": "en",
    "updated": 0
  },
  {
    "id": "e9ded518-39ae-4724-90a5-d9c68e6c1fbc",
    "data": [
      {
        "text": "update your app",
        "userDefined": false
      }
    ],
    "isTemplate": false,
    "count": 0,
    "lang": "en",
    "updated": 0
  },
  {
    "id": "f9c74a6a-00f9-4e89-bda1-47e5d22d7d06",
    "data": [
      {
        "text": "get",
        "meta": "@sys.ignore",
        "userDefined": false
      },
      {
        "text": " updates for your app",
        "userDefined": false
      }
    ],
    "isTemplate": false,
    "count": 0,
    "lang": "en",
    "updated": 0
  },
  {
    "id": "70dd9d3f-4665-4949-b9c5-5a95b1f80c4c",
    "data": [
      {
        "text": "update your software",
        "userDefined": false
      }
    ],
    "isTemplate": false,
    "count": 0,
    "lang": "en",
    "updated": 0
  },
  {
    "id": "7e98cc13-4c78-4ca5-a784-0aa2093cef03",
    "data": [
      {
        "text": "how to update you",
        "userDefined": false
      }
    ],
    "isTemplate": false,
    "count": 0,
    "lang": "en",
    "updated": 0
  },
  {
    "id": "8339f026-6478-4646-bd31-af27ce7f1e08",
    "data": [
      {
        "text": "update yourself",
        "userDefined": false
      }
    ],
    "isTemplate": false,
    "count": 0,
    "lang": "en",
    "updated": 0
  },
  {
    "id": "838812ac-d8e3-4af4-8828-29e9dfedb656",
    "data": [
      {
        "text": "search for updates for your program",
        "userDefined": false
      }
    ],
    "isTemplate": false,
    "count": 0,
    "lang": "en",
    "updated": 0
  }
]