[
  {
    "id": "fa900d0d-d534-4366-a843-f56638555120",
    "data": [
      {
        "text": "where can I download your app",
        "userDefined": false
      }
    ],
    "isTemplate": false,
    "count": 0,
    "lang": "en",
    "updated": 0
  },
  {
    "id": "9e3cdbd5-7f0f-40f7-938c-eb06b315b8cd",
    "data": [
      {
        "text": "download you",
        "userDefined": false
      }
    ],
    "isTemplate": false,
    "count": 0,
    "lang": "en",
    "updated": 0
  },
  {
    "id": "9abecac6-ee33-4acb-ad41-a62a7757dfb4",
    "data": [
      {
        "text": "are you available in ",
        "userDefined": false
      },
      {
        "text": "Google Play Store",
        "meta": "@app-store-name",
        "alias": "store-name",
        "userDefined": true
      }
    ],
    "isTemplate": false,
    "count": 0,
    "lang": "en",
    "updated": 0
  },
  {
    "id": "30dd4896-af56-410b-ab66-4d40fb8a0de3",
    "data": [
      {
        "text": "can I download your app in ",
        "userDefined": false
      },
      {
        "text": "App Store",
        "meta": "@app-store-name",
        "alias": "store-name",
        "userDefined": true
      }
    ],
    "isTemplate": false,
    "count": 0,
    "lang": "en",
    "updated": 0
  },
  {
    "id": "3ec3b451-edd3-42be-876d-36cdaa546b5c",
    "data": [
      {
        "text": "I want to download your app",
        "userDefined": false
      }
    ],
    "isTemplate": false,
    "count": 0,
    "lang": "en",
    "updated": 0
  },
  {
    "id": "58a19553-73bc-42a2-89a3-689609e62f50",
    "data": [
      {
        "text": "load ",
        "userDefined": false
      },
      {
        "text": "your",
        "meta": "@sys.ignore",
        "userDefined": false
      },
      {
        "text": " application from ",
        "userDefined": false
      },
      {
        "text": "App Store",
        "meta": "@app-store-name",
        "alias": "store-name",
        "userDefined": false
      }
    ],
    "isTemplate": false,
    "count": 0,
    "lang": "en",
    "updated": 0
  },
  {
    "id": "ac4b4351-fb99-4227-9c14-a823213b7372",
    "data": [
      {
        "text": "download yourself from ",
        "userDefined": false
      },
      {
        "text": "Play Store",
        "meta": "@app-store-name",
        "alias": "store-name",
        "userDefined": false
      }
    ],
    "isTemplate": false,
    "count": 0,
    "lang": "en",
    "updated": 0
  },
  {
    "id": "e7a2e9cc-dcbf-4ad0-8f8c-a20ce52fe9e9",
    "data": [
      {
        "text": "download your app from ",
        "userDefined": false
      },
      {
        "text": "Play Store",
        "meta": "@app-store-name",
        "alias": "store-name",
        "userDefined": false
      }
    ],
    "isTemplate": false,
    "count": 0,
    "lang": "en",
    "updated": 0
  },
  {
    "id": "93ece402-bf31-44a0-a94c-20e942545b7b",
    "data": [
      {
        "text": "from where can I download your app",
        "userDefined": false
      }
    ],
    "isTemplate": false,
    "count": 0,
    "lang": "en",
    "updated": 0
  },
  {
    "id": "0976e411-6cd3-4518-904b-c34db2707c14",
    "data": [
      {
        "text": "download ",
        "userDefined": false
      },
      {
        "text": "your",
        "meta": "@sys.ignore",
        "userDefined": false
      },
      {
        "text": " ",
        "userDefined": false
      },
      {
        "text": "app",
        "meta": "@sys.ignore",
        "userDefined": false
      }
    ],
    "isTemplate": false,
    "count": 0,
    "lang": "en",
    "updated": 0
  }
]