[
  {
    "id": "0836e071-146c-4f40-a3ad-3dd5874c70a8",
    "data": [
      {
        "text": "what can ",
        "userDefined": false
      },
      {
        "text": "Google Assistant",
        "meta": "@app-name",
        "alias": "app-name",
        "userDefined": true
      },
      {
        "text": " do",
        "userDefined": false
      }
    ],
    "isTemplate": false,
    "count": 0,
    "lang": "en",
    "updated": 0
  },
  {
    "id": "a5b32845-af61-4109-ad62-6936a4146e18",
    "data": [
      {
        "text": "could you open ",
        "userDefined": false
      },
      {
        "text": "Facebook",
        "meta": "@app-name",
        "alias": "app-name",
        "userDefined": false
      },
      {
        "text": " skills",
        "userDefined": false
      }
    ],
    "isTemplate": false,
    "count": 0,
    "lang": "en",
    "updated": 0
  },
  {
    "id": "956b122b-67f5-4c8a-90f4-38d68abaa96c",
    "data": [
      {
        "text": "what can I do in ",
        "userDefined": false
      },
      {
        "text": "Google Keep",
        "meta": "@app-name",
        "alias": "app-name",
        "userDefined": true
      }
    ],
    "isTemplate": false,
    "count": 0,
    "lang": "en",
    "updated": 0
  },
  {
    "id": "1ce50546-a7be-4b9f-a7aa-b72976b3cdc5",
    "data": [
      {
        "text": "I\u0027d like to see ",
        "userDefined": false
      },
      {
        "text": "Slack",
        "meta": "@app-name",
        "alias": "app-name",
        "userDefined": false
      },
      {
        "text": " skills",
        "userDefined": false
      }
    ],
    "isTemplate": false,
    "count": 0,
    "lang": "en",
    "updated": 0
  },
  {
    "id": "df58d732-b008-426b-80a8-757a93aae3bb",
    "data": [
      {
        "text": "show me ",
        "userDefined": false
      },
      {
        "text": "Skype",
        "meta": "@app-name",
        "alias": "app-name",
        "userDefined": true
      },
      {
        "text": " skills",
        "userDefined": false
      }
    ],
    "isTemplate": false,
    "count": 0,
    "lang": "en",
    "updated": 0
  },
  {
    "id": "3a307cc9-272c-49df-b4ee-95ed27af5e05",
    "data": [
      {
        "text": "pull up ",
        "userDefined": false
      },
      {
        "text": "Allo",
        "meta": "@app-name",
        "alias": "app-name",
        "userDefined": true
      },
      {
        "text": " skills",
        "userDefined": false
      }
    ],
    "isTemplate": false,
    "count": 0,
    "lang": "en",
    "updated": 0
  }
]