[
  {
    "id": "861a48ae-5050-4d35-a108-beec723285f8",
    "data": [
      {
        "text": "I want to adjust your speech",
        "userDefined": false
      }
    ],
    "isTemplate": false,
    "count": 0,
    "lang": "en",
    "updated": 0
  },
  {
    "id": "e7719881-cdd3-4a05-9ab7-97d24f69f2c0",
    "data": [
      {
        "text": "show me your speech settings",
        "userDefined": false
      }
    ],
    "isTemplate": false,
    "count": 0,
    "lang": "en",
    "updated": 0
  },
  {
    "id": "2eefd5b0-7d79-4785-83e8-550dc246e4a5",
    "data": [
      {
        "text": "where can I adjust your speech",
        "userDefined": false
      }
    ],
    "isTemplate": false,
    "count": 0,
    "lang": "en",
    "updated": 0
  },
  {
    "id": "41f284f2-84e2-42ce-a905-5ae657f8a2ec",
    "data": [
      {
        "text": "open speech settings of your app",
        "userDefined": false
      }
    ],
    "isTemplate": false,
    "count": 0,
    "lang": "en",
    "updated": 0
  },
  {
    "id": "63f12e26-3ffa-42eb-8c4e-bf63b159783e",
    "data": [
      {
        "text": "I\u0027d like to open your speech settings",
        "userDefined": false
      }
    ],
    "isTemplate": false,
    "count": 0,
    "lang": "en",
    "updated": 0
  },
  {
    "id": "80420e99-c733-4952-9720-d9ee09415683",
    "data": [
      {
        "text": "pull up speech settings",
        "userDefined": false
      }
    ],
    "isTemplate": false,
    "count": 0,
    "lang": "en",
    "updated": 0
  },
  {
    "id": "10614515-dc90-4c2d-ad1b-14b424222bd8",
    "data": [
      {
        "text": "change your speech settings",
        "userDefined": false
      }
    ],
    "isTemplate": false,
    "count": 0,
    "lang": "en",
    "updated": 0
  }
]