[
  {
    "id": "7cc38d9b-d66f-48cf-acba-e7023e43ecee",
    "data": [
      {
        "text": "reset your app",
        "userDefined": false
      }
    ],
    "isTemplate": false,
    "count": 0,
    "lang": "en",
    "updated": 0
  },
  {
    "id": "f57f469b-8604-48e8-992f-5b3f715808bd",
    "data": [
      {
        "text": "reset yourself",
        "userDefined": false
      }
    ],
    "isTemplate": false,
    "count": 0,
    "lang": "en",
    "updated": 0
  },
  {
    "id": "699b5689-9273-48e1-b4f6-15683c274efd",
    "data": [
      {
        "text": "how can I reset ",
        "userDefined": false
      },
      {
        "text": "this",
        "meta": "@sys.ignore",
        "userDefined": false
      },
      {
        "text": " application",
        "userDefined": false
      }
    ],
    "isTemplate": false,
    "count": 0,
    "lang": "en",
    "updated": 0
  },
  {
    "id": "51554c24-f6a8-4683-a067-c3fdc8e9ec8d",
    "data": [
      {
        "text": "I want to reset ",
        "userDefined": false
      },
      {
        "text": "this",
        "meta": "@sys.ignore",
        "userDefined": false
      },
      {
        "text": " app",
        "userDefined": false
      }
    ],
    "isTemplate": false,
    "count": 0,
    "lang": "en",
    "updated": 0
  },
  {
    "id": "130f91ea-70d5-451b-961b-bbc0d94fea7b",
    "data": [
      {
        "text": "I\u0027d like to reset ",
        "userDefined": false
      },
      {
        "text": "this",
        "meta": "@sys.ignore",
        "userDefined": false
      },
      {
        "text": " app",
        "userDefined": false
      }
    ],
    "isTemplate": false,
    "count": 0,
    "lang": "en",
    "updated": 0
  },
  {
    "id": "8724bdda-7cec-4aa8-b301-813f0dfd5b6c",
    "data": [
      {
        "text": "reset you",
        "userDefined": false
      }
    ],
    "isTemplate": false,
    "count": 0,
    "lang": "en",
    "updated": 0
  }
]