[
  {
    "id": "d33ee6f3-f717-4e23-ab78-97b591e4f3a6",
    "data": [
      {
        "text": "close settings",
        "userDefined": false
      }
    ],
    "isTemplate": false,
    "count": 0,
    "lang": "en",
    "updated": 0
  },
  {
    "id": "d27cc12b-2533-40ec-95c8-582f81d88438",
    "data": [
      {
        "text": "could you close your settings",
        "userDefined": false
      }
    ],
    "isTemplate": false,
    "count": 0,
    "lang": "en",
    "updated": 0
  },
  {
    "id": "284946af-dd5d-4ddd-be50-5b818e6af4f8",
    "data": [
      {
        "text": "I\u0027d like to close your settings",
        "userDefined": false
      }
    ],
    "isTemplate": false,
    "count": 0,
    "lang": "en",
    "updated": 0
  },
  {
    "id": "f3368f02-d703-4684-962b-ac7234481f8d",
    "data": [
      {
        "text": "how do I close the settings of this app",
        "userDefined": false
      }
    ],
    "isTemplate": false,
    "count": 0,
    "lang": "en",
    "updated": 0
  },
  {
    "id": "75950cf3-a752-457c-919f-1883c262e947",
    "data": [
      {
        "text": "exit settings",
        "userDefined": false
      }
    ],
    "isTemplate": false,
    "count": 0,
    "lang": "en",
    "updated": 0
  },
  {
    "id": "142648b8-a493-4688-a020-18684e18b7fa",
    "data": [
      {
        "text": "leave the settings",
        "userDefined": false
      }
    ],
    "isTemplate": false,
    "count": 0,
    "lang": "en",
    "updated": 0
  },
  {
    "id": "87817b51-bc41-4ab8-9235-c7973300f96c",
    "data": [
      {
        "text": "get out of your settings",
        "userDefined": false
      }
    ],
    "isTemplate": false,
    "count": 1,
    "lang": "en",
    "updated": 0
  },
  {
    "id": "a641188f-0234-46b4-ae1b-94e8b820a7dd",
    "data": [
      {
        "text": "close your settings",
        "userDefined": false
      }
    ],
    "isTemplate": false,
    "count": 0,
    "lang": "en",
    "updated": 0
  },
  {
    "id": "e3d56ab7-f552-404d-9da9-f6fc3887c2b1",
    "data": [
      {
        "text": "exit this app\u0027s settings",
        "userDefined": false
      }
    ],
    "isTemplate": false,
    "count": 0,
    "lang": "en",
    "updated": 0
  }
]