[
  {
    "id": "6c542fef-d845-48f5-947f-53d5977268c1",
    "data": [
      {
        "text": "can you close ",
        "userDefined": false
      },
      {
        "text": "TuneIn Radio Pro",
        "meta": "@app-name",
        "alias": "app-name",
        "userDefined": true
      }
    ],
    "isTemplate": false,
    "count": 0,
    "lang": "en",
    "updated": 0
  },
  {
    "id": "175319fe-5f6f-4cd6-b31d-1ebb9c12aa45",
    "data": [
      {
        "text": "close ",
        "userDefined": false
      },
      {
        "text": "Angry Birds",
        "meta": "@app-name",
        "alias": "app-name",
        "userDefined": true
      }
    ],
    "isTemplate": false,
    "count": 0,
    "lang": "en",
    "updated": 0
  },
  {
    "id": "285ce8d9-d87f-44d4-ae7c-8497885a130f",
    "data": [
      {
        "text": "I\u0027d like to close the ",
        "userDefined": false
      },
      {
        "text": "Task Manager",
        "meta": "@app-name",
        "alias": "app-name",
        "userDefined": true
      }
    ],
    "isTemplate": false,
    "count": 0,
    "lang": "en",
    "updated": 0
  },
  {
    "id": "77865cc7-3401-4f3b-b00e-f53d29e6cebf",
    "data": [
      {
        "text": "close ",
        "userDefined": false
      },
      {
        "text": "Play Store",
        "meta": "@app-store-name",
        "alias": "store-name",
        "userDefined": true
      }
    ],
    "isTemplate": false,
    "count": 0,
    "lang": "en",
    "updated": 0
  },
  {
    "id": "842b0864-5ea7-49c2-88fb-6bc1d976df8b",
    "data": [
      {
        "text": "close ",
        "userDefined": false
      },
      {
        "text": "Accu Weather",
        "meta": "@app-name",
        "alias": "app-name",
        "userDefined": true
      },
      {
        "text": " app",
        "userDefined": false
      }
    ],
    "isTemplate": false,
    "count": 0,
    "lang": "en",
    "updated": 0
  },
  {
    "id": "e8c17236-d45b-4e98-adea-ebca07b9fd33",
    "data": [
      {
        "text": "quit ",
        "userDefined": false
      },
      {
        "text": "Skype",
        "meta": "@app-name",
        "alias": "app-name",
        "userDefined": true
      },
      {
        "text": " app",
        "userDefined": false
      }
    ],
    "isTemplate": false,
    "count": 1,
    "lang": "en",
    "updated": 0
  },
  {
    "id": "bff7c54e-f76f-4b51-a66e-b7fa03b0ebbc",
    "data": [
      {
        "text": "exit ",
        "userDefined": false
      },
      {
        "text": "all",
        "meta": "@all",
        "alias": "all",
        "userDefined": true
      },
      {
        "text": " applications",
        "userDefined": false
      }
    ],
    "isTemplate": false,
    "count": 0,
    "lang": "en",
    "updated": 0
  },
  {
    "id": "c14a0fce-e5f1-49fa-a05c-42388cda203f",
    "data": [
      {
        "text": "close ",
        "userDefined": false
      },
      {
        "text": "all of",
        "meta": "@all",
        "alias": "all",
        "userDefined": true
      },
      {
        "text": " my applications",
        "userDefined": false
      }
    ],
    "isTemplate": false,
    "count": 0,
    "lang": "en",
    "updated": 0
  },
  {
    "id": "35e8db66-2a83-4517-9058-e9f85e8c5444",
    "data": [
      {
        "text": "close the ",
        "userDefined": false
      },
      {
        "text": "Google Play Store",
        "meta": "@app-store-name",
        "alias": "store-name",
        "userDefined": true
      }
    ],
    "isTemplate": false,
    "count": 0,
    "lang": "en",
    "updated": 0
  },
  {
    "id": "68fa1635-3990-468a-b4c2-b90d51f18ae6",
    "data": [
      {
        "text": "could you switch off the app which is called ",
        "userDefined": false
      },
      {
        "text": "Viber",
        "meta": "@app-name",
        "alias": "app-name",
        "userDefined": true
      }
    ],
    "isTemplate": false,
    "count": 0,
    "lang": "en",
    "updated": 0
  },
  {
    "id": "9ff8e580-10ee-4378-9640-d23a266d0884",
    "data": [
      {
        "text": "close",
        "meta": "@sys.ignore",
        "userDefined": true
      },
      {
        "text": " ",
        "userDefined": false
      },
      {
        "text": "every",
        "meta": "@all",
        "alias": "all",
        "userDefined": true
      },
      {
        "text": " apps",
        "userDefined": false
      }
    ],
    "isTemplate": false,
    "count": 0,
    "lang": "en",
    "updated": 0
  },
  {
    "id": "f315a616-f67c-4ab6-8946-82a9064a276b",
    "data": [
      {
        "text": "can you close apps",
        "userDefined": false
      }
    ],
    "isTemplate": false,
    "count": 0,
    "lang": "en",
    "updated": 0
  },
  {
    "id": "a3fe5732-1271-4057-9c6c-af2a36a6809c",
    "data": [
      {
        "text": "switch off the app ",
        "userDefined": false
      },
      {
        "text": "Viber",
        "meta": "@app-name",
        "alias": "app-name",
        "userDefined": true
      }
    ],
    "isTemplate": false,
    "count": 0,
    "lang": "en",
    "updated": 0
  },
  {
    "id": "b6108a95-a8e6-40f2-94a6-765f5f9dba20",
    "data": [
      {
        "text": "shut down ",
        "userDefined": false
      },
      {
        "text": "Line",
        "meta": "@app-name",
        "alias": "app-name",
        "userDefined": true
      },
      {
        "text": " application",
        "userDefined": false
      }
    ],
    "isTemplate": false,
    "count": 0,
    "lang": "en",
    "updated": 0
  },
  {
    "id": "51d4f0a3-760f-4a32-9eb6-fb55b76d7d33",
    "data": [
      {
        "text": "take me out of the ",
        "userDefined": false
      },
      {
        "text": "Poweramp",
        "meta": "@app-name",
        "alias": "app-name",
        "userDefined": true
      }
    ],
    "isTemplate": false,
    "count": 0,
    "lang": "en",
    "updated": 0
  },
  {
    "id": "e4aaa342-970d-403b-93d2-88b6d6387961",
    "data": [
      {
        "text": "close applications",
        "userDefined": false
      }
    ],
    "isTemplate": false,
    "count": 0,
    "lang": "en",
    "updated": 0
  },
  {
    "id": "2ca164d4-ab76-4b44-8cf3-b613935e6b4d",
    "data": [
      {
        "text": "can you close ",
        "userDefined": false
      },
      {
        "text": "all",
        "meta": "@all",
        "alias": "all",
        "userDefined": true
      },
      {
        "text": " of the open apps",
        "userDefined": false
      }
    ],
    "isTemplate": false,
    "count": 0,
    "lang": "en",
    "updated": 0
  },
  {
    "id": "f7628138-801e-4ec5-902f-bcae682f2bd4",
    "data": [
      {
        "text": "exit app ",
        "userDefined": false
      },
      {
        "text": "Instagram",
        "meta": "@app-name",
        "alias": "app-name",
        "userDefined": true
      }
    ],
    "isTemplate": false,
    "count": 0,
    "lang": "en",
    "updated": 0
  },
  {
    "id": "54d922e5-1011-4f54-813f-88eb74c9a765",
    "data": [
      {
        "text": "close",
        "meta": "@sys.ignore",
        "userDefined": true
      },
      {
        "text": " application ",
        "userDefined": false
      },
      {
        "text": "Facebook",
        "meta": "@app-name",
        "alias": "app-name",
        "userDefined": true
      }
    ],
    "isTemplate": false,
    "count": 0,
    "lang": "en",
    "updated": 0
  },
  {
    "id": "77f2ff8b-9cf1-434b-9366-4de9cac3f83e",
    "data": [
      {
        "text": "shut down ",
        "userDefined": false
      },
      {
        "text": "Plants vs Zombies",
        "meta": "@app-name",
        "alias": "app-name",
        "userDefined": true
      }
    ],
    "isTemplate": false,
    "count": 0,
    "lang": "en",
    "updated": 0
  },
  {
    "id": "abaa70e9-987f-4b8b-913d-ba77bedefd15",
    "data": [
      {
        "text": "close",
        "meta": "@sys.ignore",
        "userDefined": true
      },
      {
        "text": " ",
        "userDefined": false
      },
      {
        "text": "Angry Birds",
        "meta": "@app-name",
        "alias": "app-name",
        "userDefined": true
      },
      {
        "text": " application",
        "userDefined": false
      }
    ],
    "isTemplate": false,
    "count": 0,
    "lang": "en",
    "updated": 0
  },
  {
    "id": "6ada2168-79fd-421f-9467-4600865c84c3",
    "data": [
      {
        "text": "close app",
        "userDefined": false
      }
    ],
    "isTemplate": false,
    "count": 0,
    "lang": "en",
    "updated": 0
  },
  {
    "id": "1954ec3b-cc6d-4498-bbe5-e140107f2831",
    "data": [
      {
        "text": "quit ",
        "userDefined": false
      },
      {
        "text": "Google Play Store",
        "meta": "@app-store-name",
        "alias": "store-name",
        "userDefined": true
      }
    ],
    "isTemplate": false,
    "count": 0,
    "lang": "en",
    "updated": 0
  },
  {
    "id": "3a8c0f85-5f65-4127-bc1f-1460955b1a57",
    "data": [
      {
        "text": "I need you to close the ",
        "userDefined": false
      },
      {
        "text": "Google Keep",
        "meta": "@app-name",
        "alias": "app-name",
        "userDefined": true
      },
      {
        "text": " app",
        "userDefined": false
      }
    ],
    "isTemplate": false,
    "count": 0,
    "lang": "en",
    "updated": 0
  },
  {
    "id": "97117142-bb76-4d1e-8f09-6f6290acde73",
    "data": [
      {
        "text": "can you close the ",
        "userDefined": false
      },
      {
        "text": "YouTube",
        "meta": "@app-name",
        "alias": "app-name",
        "userDefined": false
      }
    ],
    "isTemplate": false,
    "count": 0,
    "lang": "en",
    "updated": 0
  },
  {
    "id": "39e17b08-a19d-4191-b3b7-83854a179811",
    "data": [
      {
        "text": "close ",
        "userDefined": false
      },
      {
        "text": "Dropbox",
        "meta": "@app-name",
        "alias": "app-name",
        "userDefined": true
      }
    ],
    "isTemplate": false,
    "count": 0,
    "lang": "en",
    "updated": 0
  },
  {
    "id": "de6716e9-cfd0-4d5f-bbc9-365e4cb22dcc",
    "data": [
      {
        "text": "I\u0027d like to close ",
        "userDefined": false
      },
      {
        "text": "App Store",
        "meta": "@app-store-name",
        "alias": "store-name",
        "userDefined": true
      }
    ],
    "isTemplate": false,
    "count": 0,
    "lang": "en",
    "updated": 0
  },
  {
    "id": "0eeee394-05f9-4475-80b0-1fe305ee0535",
    "data": [
      {
        "text": "can you close my ",
        "userDefined": false
      },
      {
        "text": "Twitter",
        "meta": "@app-name",
        "alias": "app-name",
        "userDefined": true
      },
      {
        "text": " app",
        "userDefined": false
      }
    ],
    "isTemplate": false,
    "count": 0,
    "lang": "en",
    "updated": 0
  },
  {
    "id": "0782fc8e-9e13-4f87-826a-e9ebbc6640f5",
    "data": [
      {
        "text": "close app ",
        "userDefined": false
      },
      {
        "text": "Beautiful Widgets Pro",
        "meta": "@app-name",
        "alias": "app-name",
        "userDefined": true
      }
    ],
    "isTemplate": false,
    "count": 0,
    "lang": "en",
    "updated": 0
  },
  {
    "id": "b58ed9b5-ce46-4828-b420-de0e45e83fc4",
    "data": [
      {
        "text": "close my ",
        "userDefined": false
      },
      {
        "text": "Camera",
        "meta": "@app-name",
        "alias": "app-name",
        "userDefined": true
      },
      {
        "text": " application please",
        "userDefined": false
      }
    ],
    "isTemplate": false,
    "count": 0,
    "lang": "en",
    "updated": 0
  },
  {
    "id": "c55b7269-8e10-436d-b575-0a5a3eaa691b",
    "data": [
      {
        "text": "turn off ",
        "userDefined": false
      },
      {
        "text": "Paper Camera",
        "meta": "@app-name",
        "alias": "app-name",
        "userDefined": true
      }
    ],
    "isTemplate": false,
    "count": 0,
    "lang": "en",
    "updated": 0
  }
]