[
  {
    "id": "174d0429-d254-43de-9a76-8ddb8a32960b",
    "data": [
      {
        "text": "uninstall app",
        "userDefined": false
      }
    ],
    "isTemplate": false,
    "count": 0,
    "lang": "en",
    "updated": 0
  },
  {
    "id": "1ff49a0b-2dcc-4646-af18-a74b42243d7a",
    "data": [
      {
        "text": "can you uninstall app",
        "userDefined": false
      }
    ],
    "isTemplate": false,
    "count": 0,
    "lang": "en",
    "updated": 0
  },
  {
    "id": "d365dcd2-6501-40a7-8b80-23668a078fab",
    "data": [
      {
        "text": "get",
        "meta": "@sys.ignore",
        "userDefined": true
      },
      {
        "text": " rid of ",
        "userDefined": false
      },
      {
        "text": "WhatsApp",
        "meta": "@app-name",
        "alias": "app-name",
        "userDefined": true
      }
    ],
    "isTemplate": false,
    "count": 0,
    "lang": "en",
    "updated": 0
  },
  {
    "id": "3c3089a9-8785-4f4a-abc1-c5a493ce3f11",
    "data": [
      {
        "text": "remove ",
        "userDefined": false
      },
      {
        "text": "all",
        "meta": "@all",
        "alias": "all",
        "userDefined": true
      },
      {
        "text": " apps",
        "userDefined": false
      }
    ],
    "isTemplate": false,
    "count": 1,
    "lang": "en",
    "updated": 0
  },
  {
    "id": "9063dbdf-383a-4a19-9c2f-1016a07ef4d9",
    "data": [
      {
        "text": "remove application",
        "userDefined": false
      }
    ],
    "isTemplate": false,
    "count": 0,
    "lang": "en",
    "updated": 0
  },
  {
    "id": "a9b6299b-b1e2-42c8-8c3d-ea79b25518c8",
    "data": [
      {
        "text": "delete app",
        "userDefined": false
      }
    ],
    "isTemplate": false,
    "count": 0,
    "lang": "en",
    "updated": 0
  },
  {
    "id": "6a74a511-8f6d-406e-b441-324f429553eb",
    "data": [
      {
        "text": "delete ",
        "userDefined": false
      },
      {
        "text": "every",
        "meta": "@all",
        "alias": "all",
        "userDefined": true
      },
      {
        "text": " apps",
        "userDefined": false
      }
    ],
    "isTemplate": false,
    "count": 0,
    "lang": "en",
    "updated": 0
  },
  {
    "id": "6e625160-9947-4943-ab28-1f469eb79925",
    "data": [
      {
        "text": "can you uninstall my apps",
        "userDefined": false
      }
    ],
    "isTemplate": false,
    "count": 0,
    "lang": "en",
    "updated": 0
  },
  {
    "id": "24a9be3e-887c-4331-904e-68d4e3a94111",
    "data": [
      {
        "text": "uninstall some app",
        "userDefined": false
      }
    ],
    "isTemplate": false,
    "count": 0,
    "lang": "en",
    "updated": 0
  },
  {
    "id": "b1fbb131-2802-45a4-b47a-25dfe8232079",
    "data": [
      {
        "text": "uninstall ",
        "userDefined": false
      },
      {
        "text": "Viber",
        "meta": "@app-name",
        "alias": "app-name",
        "userDefined": true
      }
    ],
    "isTemplate": false,
    "count": 1,
    "lang": "en",
    "updated": 0
  },
  {
    "id": "3d370f9f-9b88-4380-9a71-5a0ead53abaf",
    "data": [
      {
        "text": "I want to delete app ",
        "userDefined": false
      },
      {
        "text": "Skeevy",
        "meta": "@app-name",
        "alias": "app-name",
        "userDefined": true
      }
    ],
    "isTemplate": false,
    "count": 0,
    "lang": "en",
    "updated": 0
  },
  {
    "id": "e0f7881d-6e04-42c4-b095-150e5523484c",
    "data": [
      {
        "text": "delete ",
        "userDefined": false
      },
      {
        "text": "YouTube",
        "meta": "@app-name",
        "alias": "app-name",
        "userDefined": false
      }
    ],
    "isTemplate": false,
    "count": 0,
    "lang": "en",
    "updated": 0
  },
  {
    "id": "317d85ef-6b72-4a6c-ae02-93b991f78366",
    "data": [
      {
        "text": "can you uninstall an app for me",
        "userDefined": false
      }
    ],
    "isTemplate": false,
    "count": 0,
    "lang": "en",
    "updated": 0
  },
  {
    "id": "b5f3973e-6881-4056-b8ba-6d9200a19282",
    "data": [
      {
        "text": "can you delete an app",
        "userDefined": false
      }
    ],
    "isTemplate": false,
    "count": 0,
    "lang": "en",
    "updated": 0
  },
  {
    "id": "4bc0ea48-c964-45a3-a94f-e982ce999296",
    "data": [
      {
        "text": "uninstall ",
        "userDefined": false
      },
      {
        "text": "all of",
        "meta": "@all",
        "alias": "all",
        "userDefined": true
      },
      {
        "text": " my apps",
        "userDefined": false
      }
    ],
    "isTemplate": false,
    "count": 0,
    "lang": "en",
    "updated": 0
  },
  {
    "id": "9fe2db3a-e909-4bd1-a19f-bc24f5ef02fc",
    "data": [
      {
        "text": "can you uninstall an app",
        "userDefined": false
      }
    ],
    "isTemplate": false,
    "count": 0,
    "lang": "en",
    "updated": 0
  },
  {
    "id": "e7b5ad25-d225-43ce-9799-a198eaa6fa2d",
    "data": [
      {
        "text": "remove application ",
        "userDefined": false
      },
      {
        "text": "WhatsApp",
        "meta": "@app-name",
        "alias": "app-name",
        "userDefined": true
      }
    ],
    "isTemplate": false,
    "count": 0,
    "lang": "en",
    "updated": 0
  },
  {
    "id": "4ebd5bb3-76a8-4db9-965a-d5ac73762707",
    "data": [
      {
        "text": "please uninstall ",
        "userDefined": false
      },
      {
        "text": "Facebook Messenger",
        "meta": "@app-name",
        "alias": "app-name",
        "userDefined": true
      }
    ],
    "isTemplate": false,
    "count": 0,
    "lang": "en",
    "updated": 0
  },
  {
    "id": "25689157-539d-4646-b107-23423adafbd2",
    "data": [
      {
        "text": "uninstall ",
        "userDefined": false
      },
      {
        "text": "App Store",
        "meta": "@app-store-name",
        "alias": "store-name",
        "userDefined": true
      }
    ],
    "isTemplate": false,
    "count": 0,
    "lang": "en",
    "updated": 0
  },
  {
    "id": "d8de7098-da83-47fb-ab33-2074cc2eceda",
    "data": [
      {
        "text": "remove my ",
        "userDefined": false
      },
      {
        "text": "Twitter",
        "meta": "@app-name",
        "alias": "app-name",
        "userDefined": true
      },
      {
        "text": " application",
        "userDefined": false
      }
    ],
    "isTemplate": false,
    "count": 0,
    "lang": "en",
    "updated": 0
  },
  {
    "id": "f6703920-3872-4add-9869-76cb8bdc2ab9",
    "data": [
      {
        "text": "can you delete apps",
        "userDefined": false
      }
    ],
    "isTemplate": false,
    "count": 0,
    "lang": "en",
    "updated": 0
  },
  {
    "id": "c10e296c-01d1-4036-84f3-2ba1a2176c92",
    "data": [
      {
        "text": "uninstall application",
        "userDefined": false
      }
    ],
    "isTemplate": false,
    "count": 0,
    "lang": "en",
    "updated": 0
  },
  {
    "id": "cbab863f-6d01-4f18-b319-ae2bee624513",
    "data": [
      {
        "text": "can you delete an app for me",
        "userDefined": false
      }
    ],
    "isTemplate": false,
    "count": 0,
    "lang": "en",
    "updated": 0
  },
  {
    "id": "0710f10b-4fc0-4328-a80b-6340d50ed60a",
    "data": [
      {
        "text": "I\u0027d like to remove an app",
        "userDefined": false
      }
    ],
    "isTemplate": false,
    "count": 0,
    "lang": "en",
    "updated": 0
  },
  {
    "id": "17069bd9-0880-478d-aca2-5d5d65c48764",
    "data": [
      {
        "text": "can you delete apps for me",
        "userDefined": false
      }
    ],
    "isTemplate": false,
    "count": 0,
    "lang": "en",
    "updated": 0
  },
  {
    "id": "44aee044-c531-4a62-974d-a6d2ed65418e",
    "data": [
      {
        "text": "delete my apps",
        "userDefined": false
      }
    ],
    "isTemplate": false,
    "count": 0,
    "lang": "en",
    "updated": 0
  },
  {
    "id": "377d875e-cb74-4617-acd9-7119df719b1a",
    "data": [
      {
        "text": "how do I delete apps",
        "userDefined": false
      }
    ],
    "isTemplate": false,
    "count": 0,
    "lang": "en",
    "updated": 0
  },
  {
    "id": "b861bc8d-d0bb-43be-ae8f-0acbb8a07472",
    "data": [
      {
        "text": "uninstall ",
        "userDefined": false
      },
      {
        "text": "all",
        "meta": "@all",
        "alias": "all",
        "userDefined": true
      },
      {
        "text": " apps",
        "userDefined": false
      }
    ],
    "isTemplate": false,
    "count": 0,
    "lang": "en",
    "updated": 0
  },
  {
    "id": "470d04a2-10f8-4293-ab02-8c5463fb99f4",
    "data": [
      {
        "text": "get",
        "meta": "@sys.ignore",
        "userDefined": false
      },
      {
        "text": " rid ",
        "userDefined": false
      },
      {
        "text": "of",
        "meta": "@sys.ignore",
        "userDefined": false
      },
      {
        "text": " ",
        "userDefined": false
      },
      {
        "text": "Chrome",
        "meta": "@app-name",
        "alias": "app-name",
        "userDefined": false
      },
      {
        "text": " app",
        "userDefined": false
      }
    ],
    "isTemplate": false,
    "count": 0,
    "lang": "en",
    "updated": 0
  },
  {
    "id": "2a427361-40fb-48af-b100-d4d74b35a837",
    "data": [
      {
        "text": "uninstall ",
        "userDefined": false
      },
      {
        "text": "WhatsApp",
        "meta": "@app-name",
        "alias": "app-name",
        "userDefined": false
      }
    ],
    "isTemplate": false,
    "count": 0,
    "lang": "en",
    "updated": 0
  },
  {
    "id": "8fe14c32-4dda-4fbd-8dde-8d2c9dd64525",
    "data": [
      {
        "text": "delete ",
        "userDefined": false
      },
      {
        "text": "Angry Birds",
        "meta": "@app-name",
        "alias": "app-name",
        "userDefined": true
      },
      {
        "text": " from my phone",
        "userDefined": false
      }
    ],
    "isTemplate": false,
    "count": 0,
    "lang": "en",
    "updated": 0
  },
  {
    "id": "7329efa3-97e6-4d97-802e-9830f36b58eb",
    "data": [
      {
        "text": "can",
        "meta": "@sys.ignore",
        "userDefined": false
      },
      {
        "text": " you uninstall ",
        "userDefined": false
      },
      {
        "text": "an",
        "meta": "@sys.ignore",
        "userDefined": false
      },
      {
        "text": " application",
        "userDefined": false
      }
    ],
    "isTemplate": false,
    "count": 0,
    "lang": "en",
    "updated": 0
  },
  {
    "id": "d65f0a68-02ca-4741-8f3f-ebcadf39b928",
    "data": [
      {
        "text": "delete ",
        "userDefined": false
      },
      {
        "text": "all",
        "meta": "@all",
        "alias": "all",
        "userDefined": true
      },
      {
        "text": " my apps",
        "userDefined": false
      }
    ],
    "isTemplate": false,
    "count": 0,
    "lang": "en",
    "updated": 0
  },
  {
    "id": "a04dceb1-489c-4d13-81d0-1e3bb48b2434",
    "data": [
      {
        "text": "can you delete ",
        "userDefined": false
      },
      {
        "text": "all",
        "meta": "@all",
        "alias": "all",
        "userDefined": true
      },
      {
        "text": " my apps",
        "userDefined": false
      }
    ],
    "isTemplate": false,
    "count": 0,
    "lang": "en",
    "updated": 0
  },
  {
    "id": "14392151-e663-4cf3-a5c6-621eb1474037",
    "data": [
      {
        "text": "remove ",
        "userDefined": false
      },
      {
        "text": "Play Store",
        "meta": "@app-store-name",
        "alias": "store-name",
        "userDefined": false
      }
    ],
    "isTemplate": false,
    "count": 0,
    "lang": "en",
    "updated": 0
  },
  {
    "id": "0f23b90b-fa96-4d67-b29a-2c060fc03170",
    "data": [
      {
        "text": "I want to uninstall an app",
        "userDefined": false
      }
    ],
    "isTemplate": false,
    "count": 0,
    "lang": "en",
    "updated": 0
  },
  {
    "id": "b972e0a6-9c06-439f-b355-09c56ea12ba2",
    "data": [
      {
        "text": "delete ",
        "userDefined": false
      },
      {
        "text": "every",
        "meta": "@all",
        "alias": "all",
        "userDefined": true
      },
      {
        "text": " application from my device",
        "userDefined": false
      }
    ],
    "isTemplate": false,
    "count": 0,
    "lang": "en",
    "updated": 0
  },
  {
    "id": "d3697563-9c73-4cf7-a40c-6e3ed53c8509",
    "data": [
      {
        "text": "uninstall program",
        "userDefined": false
      }
    ],
    "isTemplate": false,
    "count": 0,
    "lang": "en",
    "updated": 0
  },
  {
    "id": "102a8b37-518e-47e7-b304-bd1dc96fb7e1",
    "data": [
      {
        "text": "I want to uninstall ",
        "userDefined": false
      },
      {
        "text": "App Store",
        "meta": "@app-store-name",
        "alias": "store-name",
        "userDefined": true
      }
    ],
    "isTemplate": false,
    "count": 0,
    "lang": "en",
    "updated": 0
  },
  {
    "id": "4702ec69-fc5d-4a87-9a6f-26820633ba32",
    "data": [
      {
        "text": "can you remove ",
        "userDefined": false
      },
      {
        "text": "TuneIn Radio Pro",
        "meta": "@app-name",
        "alias": "app-name",
        "userDefined": true
      }
    ],
    "isTemplate": false,
    "count": 0,
    "lang": "en",
    "updated": 0
  },
  {
    "id": "bebec77a-5ec7-4269-9b80-75eef68a45c2",
    "data": [
      {
        "text": "could you remove the app ",
        "userDefined": false
      },
      {
        "text": "Soccer",
        "meta": "@app-name",
        "alias": "app-name",
        "userDefined": true
      }
    ],
    "isTemplate": false,
    "count": 0,
    "lang": "en",
    "updated": 0
  },
  {
    "id": "54ccb317-13ba-4e89-9eb6-2889689c070c",
    "data": [
      {
        "text": "how do I delete an app",
        "userDefined": false
      }
    ],
    "isTemplate": false,
    "count": 0,
    "lang": "en",
    "updated": 0
  },
  {
    "id": "0795581d-c2a2-43e6-97ee-2ccdc428ac22",
    "data": [
      {
        "text": "how to delete the app ",
        "userDefined": false
      },
      {
        "text": "Viber",
        "meta": "@app-name",
        "alias": "app-name",
        "userDefined": true
      }
    ],
    "isTemplate": false,
    "count": 0,
    "lang": "en",
    "updated": 0
  },
  {
    "id": "81695056-fe08-4138-ae79-dfb4f160e9dd",
    "data": [
      {
        "text": "can",
        "meta": "@sys.ignore",
        "userDefined": false
      },
      {
        "text": " you uninstall apps for me",
        "userDefined": false
      }
    ],
    "isTemplate": false,
    "count": 0,
    "lang": "en",
    "updated": 0
  },
  {
    "id": "dd75e259-3ac2-4715-8d18-cf325b530701",
    "data": [
      {
        "text": "how can I get rid of ",
        "userDefined": false
      },
      {
        "text": "Viber",
        "meta": "@app-name",
        "alias": "app-name",
        "userDefined": true
      },
      {
        "text": " application",
        "userDefined": false
      }
    ],
    "isTemplate": false,
    "count": 0,
    "lang": "en",
    "updated": 0
  },
  {
    "id": "c3f74b10-d197-42fc-a29b-41b483b170ef",
    "data": [
      {
        "text": "remove ",
        "userDefined": false
      },
      {
        "text": "Fruit Ninja",
        "meta": "@app-name",
        "alias": "app-name",
        "userDefined": true
      }
    ],
    "isTemplate": false,
    "count": 0,
    "lang": "en",
    "updated": 0
  },
  {
    "id": "ce145200-1731-420c-a1f4-8e222bad14e2",
    "data": [
      {
        "text": "remove ",
        "userDefined": false
      },
      {
        "text": "Twitter",
        "meta": "@app-name",
        "alias": "app-name",
        "userDefined": true
      },
      {
        "text": " app",
        "userDefined": false
      }
    ],
    "isTemplate": false,
    "count": 0,
    "lang": "en",
    "updated": 0
  },
  {
    "id": "cb6029ed-4929-4c29-a103-babee406e431",
    "data": [
      {
        "text": "delete apps",
        "userDefined": false
      }
    ],
    "isTemplate": false,
    "count": 0,
    "lang": "en",
    "updated": 0
  },
  {
    "id": "2e2463c0-aab2-4fc3-a5e1-2eed2d437d47",
    "data": [
      {
        "text": "I\u0027m",
        "meta": "@sys.ignore",
        "userDefined": false
      },
      {
        "text": " going to delete the app",
        "userDefined": false
      }
    ],
    "isTemplate": false,
    "count": 0,
    "lang": "en",
    "updated": 0
  },
  {
    "id": "39f17199-b8ca-43be-bcaa-423dace927fd",
    "data": [
      {
        "text": "can you delete applications",
        "userDefined": false
      }
    ],
    "isTemplate": false,
    "count": 0,
    "lang": "en",
    "updated": 0
  }
]