[
  {
    "id": "0b065fd9-6a07-4e04-a67e-23abe9856a3a",
    "data": [
      {
        "text": "open your voice settings",
        "userDefined": false
      }
    ],
    "isTemplate": false,
    "count": 0,
    "lang": "en",
    "updated": 0
  },
  {
    "id": "39e25034-3a65-405c-a7de-2d2ab38169f4",
    "data": [
      {
        "text": "voice settings",
        "userDefined": false
      }
    ],
    "isTemplate": false,
    "count": 0,
    "lang": "en",
    "updated": 0
  },
  {
    "id": "aa59766d-5d89-4750-a7f8-2df24bc48ea7",
    "data": [
      {
        "text": "I\u0027d like to change your voice",
        "userDefined": false
      }
    ],
    "isTemplate": false,
    "count": 0,
    "lang": "en",
    "updated": 0
  },
  {
    "id": "64bbedf1-0d37-431a-ab66-a248d16ddac5",
    "data": [
      {
        "text": "where can I adjust your voice",
        "userDefined": false
      }
    ],
    "isTemplate": false,
    "count": 0,
    "lang": "en",
    "updated": 0
  },
  {
    "id": "c76bfbde-4171-40d4-aa2e-2544b34b0c24",
    "data": [
      {
        "text": "how can I access your voice settings",
        "userDefined": false
      }
    ],
    "isTemplate": false,
    "count": 0,
    "lang": "en",
    "updated": 0
  },
  {
    "id": "f23b3f0b-d06a-4237-af2a-0935d8dc56d8",
    "data": [
      {
        "text": "pull up voice settings of this app",
        "userDefined": false
      }
    ],
    "isTemplate": false,
    "count": 0,
    "lang": "en",
    "updated": 0
  }
]