[
  {
    "id": "9f991bd8-c44d-4445-8e8d-e214c5efe8ae",
    "data": [
      {
        "text": "do I have the latest version of your application",
        "userDefined": false
      }
    ],
    "isTemplate": false,
    "count": 0,
    "lang": "en",
    "updated": 0
  },
  {
    "id": "5fcb2a76-7757-4610-8018-68cf3d1e81d4",
    "data": [
      {
        "text": "what version am I using",
        "userDefined": false
      }
    ],
    "isTemplate": false,
    "count": 0,
    "lang": "en",
    "updated": 0
  },
  {
    "id": "afb04d79-96c0-4379-aefd-d50eb2eb6cb8",
    "data": [
      {
        "text": "version",
        "userDefined": false
      }
    ],
    "isTemplate": false,
    "count": 0,
    "lang": "en",
    "updated": 0
  },
  {
    "id": "083a1485-a4fd-4e25-b095-4ee826127538",
    "data": [
      {
        "text": "is it the latest version",
        "userDefined": false
      }
    ],
    "isTemplate": false,
    "count": 0,
    "lang": "en",
    "updated": 0
  },
  {
    "id": "0ea5f90b-08db-41c8-b4ed-5ba8ecdb4348",
    "data": [
      {
        "text": "what version do I use",
        "userDefined": false
      }
    ],
    "isTemplate": false,
    "count": 0,
    "lang": "en",
    "updated": 0
  },
  {
    "id": "d1411263-e3c3-4198-9ec3-f084667e67bb",
    "data": [
      {
        "text": "show me the version of this app",
        "userDefined": false
      }
    ],
    "isTemplate": false,
    "count": 0,
    "lang": "en",
    "updated": 0
  },
  {
    "id": "705f759a-51af-49cf-acc5-3580f2e1beb8",
    "data": [
      {
        "text": "what\u0027s the ",
        "userDefined": false
      },
      {
        "text": "current",
        "meta": "@sys.ignore",
        "userDefined": false
      },
      {
        "text": " version of your app",
        "userDefined": false
      }
    ],
    "isTemplate": false,
    "count": 0,
    "lang": "en",
    "updated": 0
  },
  {
    "id": "71350f15-d3e8-4e6c-9e1c-68c2ad5ba705",
    "data": [
      {
        "text": "what\u0027s the ",
        "userDefined": false
      },
      {
        "text": "current",
        "meta": "@sys.ignore",
        "userDefined": false
      },
      {
        "text": " version of this app",
        "userDefined": false
      }
    ],
    "isTemplate": false,
    "count": 0,
    "lang": "en",
    "updated": 0
  },
  {
    "id": "8a09f235-fd4b-4a88-adb5-8899e36df314",
    "data": [
      {
        "text": "current",
        "meta": "@sys.ignore",
        "userDefined": false
      },
      {
        "text": " version",
        "userDefined": false
      }
    ],
    "isTemplate": false,
    "count": 0,
    "lang": "en",
    "updated": 0
  }
]