[
  {
    "id": "ef360254-6448-4875-8f4f-bcaf0a063e18",
    "data": [
      {
        "text": "remove yourself",
        "userDefined": false
      }
    ],
    "isTemplate": false,
    "count": 0,
    "lang": "en",
    "updated": 0
  },
  {
    "id": "d6c8cd9b-81e0-46d3-83ea-c6202b2a2030",
    "data": [
      {
        "text": "delete ",
        "userDefined": false
      },
      {
        "text": "your",
        "meta": "@sys.ignore",
        "userDefined": false
      },
      {
        "text": " app ",
        "userDefined": false
      },
      {
        "text": "right now",
        "meta": "@sys.ignore",
        "userDefined": false
      }
    ],
    "isTemplate": false,
    "count": 0,
    "lang": "en",
    "updated": 0
  },
  {
    "id": "70c41141-2792-4277-8a67-d4113d0d7a79",
    "data": [
      {
        "text": "I\u0027d like to uninstall your app",
        "userDefined": false
      }
    ],
    "isTemplate": false,
    "count": 0,
    "lang": "en",
    "updated": 0
  },
  {
    "id": "38b1f36d-7345-4631-b752-5811d9852c81",
    "data": [
      {
        "text": "I",
        "meta": "@sys.ignore",
        "userDefined": false
      },
      {
        "text": " uninstall you",
        "userDefined": false
      }
    ],
    "isTemplate": false,
    "count": 0,
    "lang": "en",
    "updated": 0
  },
  {
    "id": "ce4f41f9-b4c1-4cb3-ad6e-11919cebb589",
    "data": [
      {
        "text": "I",
        "meta": "@sys.ignore",
        "userDefined": false
      },
      {
        "text": " ",
        "userDefined": false
      },
      {
        "text": "am",
        "meta": "@sys.ignore",
        "userDefined": false
      },
      {
        "text": " going ",
        "userDefined": false
      },
      {
        "text": "to",
        "meta": "@sys.ignore",
        "userDefined": false
      },
      {
        "text": " uninstall you",
        "userDefined": false
      }
    ],
    "isTemplate": false,
    "count": 0,
    "lang": "en",
    "updated": 0
  },
  {
    "id": "a798bec7-4ee9-4569-b9e8-dbc1132a2d37",
    "data": [
      {
        "text": "delete ",
        "userDefined": false
      },
      {
        "text": "your",
        "meta": "@sys.ignore",
        "userDefined": false
      },
      {
        "text": " app",
        "userDefined": false
      }
    ],
    "isTemplate": false,
    "count": 0,
    "lang": "en",
    "updated": 0
  },
  {
    "id": "da94c590-296b-4309-8c38-57fcfd16382b",
    "data": [
      {
        "text": "uninstall you",
        "userDefined": false
      }
    ],
    "isTemplate": false,
    "count": 0,
    "lang": "en",
    "updated": 0
  },
  {
    "id": "fad073f1-772d-4c8f-9a4e-1fe3bc98032c",
    "data": [
      {
        "text": "delete ",
        "userDefined": false
      },
      {
        "text": "this",
        "meta": "@sys.ignore",
        "userDefined": false
      },
      {
        "text": " program",
        "userDefined": false
      }
    ],
    "isTemplate": false,
    "count": 0,
    "lang": "en",
    "updated": 0
  },
  {
    "id": "680e78da-ef0f-46dc-8814-6812e5f6894c",
    "data": [
      {
        "text": "remove ",
        "userDefined": false
      },
      {
        "text": "your",
        "meta": "@sys.ignore",
        "userDefined": false
      },
      {
        "text": " app",
        "userDefined": false
      }
    ],
    "isTemplate": false,
    "count": 0,
    "lang": "en",
    "updated": 0
  },
  {
    "id": "2c4f7beb-361b-4729-8bc0-90b5d206fe68",
    "data": [
      {
        "text": "uninstall this application",
        "userDefined": false
      }
    ],
    "isTemplate": false,
    "count": 0,
    "lang": "en",
    "updated": 0
  },
  {
    "id": "ae0de1f8-6d42-459e-adde-3909e7427c3c",
    "data": [
      {
        "text": "I want ",
        "userDefined": false
      },
      {
        "text": "to",
        "meta": "@sys.ignore",
        "userDefined": false
      },
      {
        "text": " remove you",
        "userDefined": false
      }
    ],
    "isTemplate": false,
    "count": 0,
    "lang": "en",
    "updated": 0
  },
  {
    "id": "84b77b59-cb00-47d8-b5b3-c669e5f372bd",
    "data": [
      {
        "text": "how can I uninstall this app",
        "userDefined": false
      }
    ],
    "isTemplate": false,
    "count": 1,
    "lang": "en",
    "updated": 0
  },
  {
    "id": "407c2bba-633a-494d-b91e-83e9417e5412",
    "data": [
      {
        "text": "remove yourself from my ",
        "userDefined": false
      },
      {
        "text": "phone",
        "meta": "@sys.ignore",
        "userDefined": false
      }
    ],
    "isTemplate": false,
    "count": 0,
    "lang": "en",
    "updated": 0
  },
  {
    "id": "d86ef8b1-28b8-42ac-b4e9-c78191cb67b0",
    "data": [
      {
        "text": "delete yourself",
        "userDefined": false
      }
    ],
    "isTemplate": false,
    "count": 0,
    "lang": "en",
    "updated": 0
  },
  {
    "id": "24702b80-8b84-40eb-8f2c-cc69566bccad",
    "data": [
      {
        "text": "uninstall ",
        "userDefined": false
      },
      {
        "text": "your",
        "meta": "@sys.ignore",
        "userDefined": false
      },
      {
        "text": " application now",
        "userDefined": false
      }
    ],
    "isTemplate": false,
    "count": 0,
    "lang": "en",
    "updated": 0
  }
]