[
  {
    "id": "76f7cf9a-3d41-412f-9062-9228b966675e",
    "data": [
      {
        "text": "Skype",
        "meta": "@app-name",
        "alias": "app-name",
        "userDefined": true
      },
      {
        "text": " voice settings",
        "userDefined": false
      }
    ],
    "isTemplate": false,
    "count": 0,
    "lang": "en",
    "updated": 0
  },
  {
    "id": "12822f48-294c-4073-8346-26be147eac3e",
    "data": [
      {
        "text": "open ",
        "userDefined": false
      },
      {
        "text": "Skype",
        "meta": "@app-name",
        "alias": "app-name",
        "userDefined": true
      },
      {
        "text": " voice settings",
        "userDefined": false
      }
    ],
    "isTemplate": false,
    "count": 0,
    "lang": "en",
    "updated": 0
  },
  {
    "id": "cc9ae922-0462-4219-9fcb-65ecf9659c82",
    "data": [
      {
        "text": "open ",
        "userDefined": false
      },
      {
        "text": "Sherpa",
        "meta": "@app-name",
        "alias": "app-name",
        "userDefined": true
      },
      {
        "text": " voice settings",
        "userDefined": false
      }
    ],
    "isTemplate": false,
    "count": 0,
    "lang": "en",
    "updated": 0
  },
  {
    "id": "b8350ffb-994c-4cad-a4e1-05af78c1c827",
    "data": [
      {
        "text": "can you open ",
        "userDefined": false
      },
      {
        "text": "Facebook",
        "meta": "@app-name",
        "alias": "app-name",
        "userDefined": true
      },
      {
        "text": " voice settings",
        "userDefined": false
      }
    ],
    "isTemplate": false,
    "count": 0,
    "lang": "en",
    "updated": 0
  },
  {
    "id": "049fa220-ba23-4358-ae84-014e55de31bb",
    "data": [
      {
        "text": "open up ",
        "userDefined": false
      },
      {
        "text": "Slack",
        "meta": "@app-name",
        "alias": "app-name",
        "userDefined": true
      },
      {
        "text": " voice settings menu",
        "userDefined": false
      }
    ],
    "isTemplate": false,
    "count": 0,
    "lang": "en",
    "updated": 0
  },
  {
    "id": "0c2a2d72-3096-4e80-89eb-930e8b8fad96",
    "data": [
      {
        "text": "how can I adjust ",
        "userDefined": false
      },
      {
        "text": "Google Allo",
        "meta": "@app-name",
        "alias": "app-name",
        "userDefined": true
      },
      {
        "text": " voice settings",
        "userDefined": false
      }
    ],
    "isTemplate": false,
    "count": 0,
    "lang": "en",
    "updated": 0
  },
  {
    "id": "8107d49d-c896-4e0a-9b57-e25e0d323a03",
    "data": [
      {
        "text": "could you open ",
        "userDefined": false
      },
      {
        "text": "Cortana",
        "meta": "@app-name",
        "alias": "app-name",
        "userDefined": true
      },
      {
        "text": " voice settings",
        "userDefined": false
      }
    ],
    "isTemplate": false,
    "count": 0,
    "lang": "en",
    "updated": 0
  },
  {
    "id": "0b9265ba-f43d-44fc-a7a7-82de6ef1ca84",
    "data": [
      {
        "text": "go to ",
        "userDefined": false
      },
      {
        "text": "Google Assistant",
        "meta": "@app-name",
        "alias": "app-name",
        "userDefined": true
      },
      {
        "text": " voice settings",
        "userDefined": false
      }
    ],
    "isTemplate": false,
    "count": 1,
    "lang": "en",
    "updated": 0
  },
  {
    "id": "c9c6e281-64d5-4d8a-92a9-5ab4d126ea70",
    "data": [
      {
        "text": "I\u0027d like to open ",
        "userDefined": false
      },
      {
        "text": "Sherpa",
        "meta": "@app-name",
        "alias": "app-name",
        "userDefined": true
      },
      {
        "text": " app voice settings",
        "userDefined": false
      }
    ],
    "isTemplate": false,
    "count": 0,
    "lang": "en",
    "updated": 0
  },
  {
    "id": "41890747-0283-4b7e-bfab-0b79c2a5e55e",
    "data": [
      {
        "text": "adjust ",
        "userDefined": false
      },
      {
        "text": "Allo",
        "meta": "@app-name",
        "alias": "app-name",
        "userDefined": true
      },
      {
        "text": " voice",
        "userDefined": false
      }
    ],
    "isTemplate": false,
    "count": 0,
    "lang": "en",
    "updated": 0
  },
  {
    "id": "c42b9b0d-16a4-442a-a4fd-506fc4cda569",
    "data": [
      {
        "text": "how can I open the voice settings of the  ",
        "userDefined": false
      },
      {
        "text": "Google Assistant",
        "meta": "@app-name",
        "alias": "app-name",
        "userDefined": true
      },
      {
        "text": " app",
        "userDefined": false
      }
    ],
    "isTemplate": false,
    "count": 0,
    "lang": "en",
    "updated": 0
  }
]