[
  {
    "id": "9890efe2-1d1c-43fd-a05d-e790a50c6bb3",
    "data": [
      {
        "text": "I\u0027d like to open your settings",
        "userDefined": false
      }
    ],
    "isTemplate": false,
    "count": 0,
    "lang": "en",
    "updated": 0
  },
  {
    "id": "9979f403-9ec9-48e4-99c1-7a6f89e3396b",
    "data": [
      {
        "text": "go to your settings",
        "userDefined": false
      }
    ],
    "isTemplate": false,
    "count": 0,
    "lang": "en",
    "updated": 0
  },
  {
    "id": "e74197be-1bd0-48d9-9f34-4b562336f669",
    "data": [
      {
        "text": "open settings",
        "userDefined": false
      }
    ],
    "isTemplate": false,
    "count": 0,
    "lang": "en",
    "updated": 0
  },
  {
    "id": "95e94740-e716-4d60-a74b-4ebe47b5fe0e",
    "data": [
      {
        "text": "could you open your settings",
        "userDefined": false
      }
    ],
    "isTemplate": false,
    "count": 0,
    "lang": "en",
    "updated": 0
  },
  {
    "id": "f29134b2-d894-4742-83b0-6797fe996f19",
    "data": [
      {
        "text": "settings",
        "userDefined": false
      }
    ],
    "isTemplate": false,
    "count": 0,
    "lang": "en",
    "updated": 0
  },
  {
    "id": "3f2c4d5e-9d03-4ea9-9c97-0afe85dc8e6f",
    "data": [
      {
        "text": "show me your settings",
        "userDefined": false
      }
    ],
    "isTemplate": false,
    "count": 0,
    "lang": "en",
    "updated": 0
  },
  {
    "id": "db14bd36-fcee-4bc9-a8f9-9cf2cb4600ec",
    "data": [
      {
        "text": "open settings of this app",
        "userDefined": false
      }
    ],
    "isTemplate": false,
    "count": 0,
    "lang": "en",
    "updated": 0
  },
  {
    "id": "372c434b-547e-4285-bfc8-ded51cbff131",
    "data": [
      {
        "text": "where can I set up your app",
        "userDefined": false
      }
    ],
    "isTemplate": false,
    "count": 0,
    "lang": "en",
    "updated": 0
  },
  {
    "id": "bfffd93b-3a4f-4a4c-b2b1-1af7664bf70c",
    "data": [
      {
        "text": "where are your settings",
        "userDefined": false
      }
    ],
    "isTemplate": false,
    "count": 0,
    "lang": "en",
    "updated": 0
  }
]