[
  {
    "id": "cb8d800d-a703-4366-b8e5-d13c380a3771",
    "data": [
      {
        "text": "clear history in ",
        "userDefined": false
      },
      {
        "text": "Slack",
        "meta": "@app-name",
        "alias": "app-name",
        "userDefined": false
      }
    ],
    "isTemplate": false,
    "count": 0,
    "lang": "en",
    "updated": 0
  },
  {
    "id": "320fbafb-6cc5-4177-a450-47b1a23b14c0",
    "data": [
      {
        "text": "delete ",
        "userDefined": false
      },
      {
        "text": "Skype",
        "meta": "@app-name",
        "alias": "app-name",
        "userDefined": false
      },
      {
        "text": " history",
        "userDefined": false
      }
    ],
    "isTemplate": false,
    "count": 0,
    "lang": "en",
    "updated": 0
  },
  {
    "id": "47a5a8d8-7d3d-419e-af6c-bf8adff5661b",
    "data": [
      {
        "text": "clear history of the app ",
        "userDefined": false
      },
      {
        "text": "Viber",
        "meta": "@app-name",
        "alias": "app-name",
        "userDefined": false
      }
    ],
    "isTemplate": false,
    "count": 0,
    "lang": "en",
    "updated": 0
  },
  {
    "id": "f0b73826-e688-4ccb-9745-31e13e4cd66f",
    "data": [
      {
        "text": "clear ",
        "userDefined": false
      },
      {
        "text": "browser",
        "meta": "@app-name",
        "alias": "app-name",
        "userDefined": false
      },
      {
        "text": " history",
        "userDefined": false
      }
    ],
    "isTemplate": false,
    "count": 0,
    "lang": "en",
    "updated": 0
  },
  {
    "id": "94eca3a5-7f3c-4b78-88b8-48251bc37ecf",
    "data": [
      {
        "text": "clear history in ",
        "userDefined": false
      },
      {
        "text": "Facebook",
        "meta": "@app-name",
        "alias": "app-name",
        "userDefined": false
      },
      {
        "text": " app",
        "userDefined": false
      }
    ],
    "isTemplate": false,
    "count": 0,
    "lang": "en",
    "updated": 0
  }
]