[
  {
    "id": "a2da9a02-1e9d-4256-bea7-c4a4d872d954",
    "data": [
      {
        "text": "show me the summary of the new version of the ",
        "userDefined": false
      },
      {
        "text": "Kik",
        "meta": "@app-name",
        "alias": "app-name",
        "userDefined": true
      },
      {
        "text": " app",
        "userDefined": false
      }
    ],
    "isTemplate": false,
    "count": 0,
    "lang": "en",
    "updated": 0
  },
  {
    "id": "c90454fd-3d3b-42e7-ab39-c9efc39ef574",
    "data": [
      {
        "text": "read the version summary of the ",
        "userDefined": false
      },
      {
        "text": "VK",
        "meta": "@app-name",
        "alias": "app-name",
        "userDefined": true
      },
      {
        "text": " application",
        "userDefined": false
      }
    ],
    "isTemplate": false,
    "count": 0,
    "lang": "en",
    "updated": 0
  },
  {
    "id": "ac68e4b3-6965-4b78-bf73-ae12bf1783b8",
    "data": [
      {
        "text": "what\u0027s new in ",
        "userDefined": false
      },
      {
        "text": "WhatsApp",
        "meta": "@app-name",
        "alias": "app-name",
        "userDefined": false
      },
      {
        "text": " ",
        "userDefined": false
      },
      {
        "text": "latest",
        "meta": "@sys.ignore",
        "userDefined": true
      },
      {
        "text": " version",
        "userDefined": false
      }
    ],
    "isTemplate": false,
    "count": 0,
    "lang": "en",
    "updated": 0
  },
  {
    "id": "ef7ef484-4dcb-4e56-ab62-19d10d1badf9",
    "data": [
      {
        "text": "Slack",
        "meta": "@app-name",
        "alias": "app-name",
        "userDefined": true
      },
      {
        "text": " version summary",
        "userDefined": false
      }
    ],
    "isTemplate": false,
    "count": 0,
    "lang": "en",
    "updated": 0
  },
  {
    "id": "b5489bb3-942f-46d9-bc86-762a112a22dc",
    "data": [
      {
        "text": "what\u0027s new in the latest version of ",
        "userDefined": false
      },
      {
        "text": "Twitter",
        "meta": "@app-name",
        "alias": "app-name",
        "userDefined": true
      },
      {
        "text": " app",
        "userDefined": false
      }
    ],
    "isTemplate": false,
    "count": 0,
    "lang": "en",
    "updated": 0
  },
  {
    "id": "80c7f75c-11bc-49cd-b8bb-7e2038617b62",
    "data": [
      {
        "text": "show me what\u0027s new in the latest version of ",
        "userDefined": false
      },
      {
        "text": "Skype",
        "meta": "@app-name",
        "alias": "app-name",
        "userDefined": true
      }
    ],
    "isTemplate": false,
    "count": 0,
    "lang": "en",
    "updated": 0
  }
]