[
  {
    "id": "2846116d-29c6-4cc2-b69e-8579ca4e82ff",
    "data": [
      {
        "text": "show me how to reset an application",
        "userDefined": false
      }
    ],
    "isTemplate": false,
    "count": 0,
    "lang": "en",
    "updated": 0
  },
  {
    "id": "7319e559-a205-406e-9f68-545dcee59204",
    "data": [
      {
        "text": "I want to reset an app",
        "userDefined": false
      }
    ],
    "isTemplate": false,
    "count": 0,
    "lang": "en",
    "updated": 0
  },
  {
    "id": "a43d9500-c91e-4cba-a57f-b5ef89df6d41",
    "data": [
      {
        "text": "reset ",
        "userDefined": false
      },
      {
        "text": "Angry Birds",
        "meta": "@app-name",
        "alias": "app-name",
        "userDefined": true
      }
    ],
    "isTemplate": false,
    "count": 0,
    "lang": "en",
    "updated": 0
  },
  {
    "id": "50ee2e53-fbdb-4457-b628-0d28b39d1fcf",
    "data": [
      {
        "text": "could you reset ",
        "userDefined": false
      },
      {
        "text": "Gmail",
        "meta": "@app-name",
        "alias": "app-name",
        "userDefined": true
      },
      {
        "text": " app",
        "userDefined": false
      }
    ],
    "isTemplate": false,
    "count": 0,
    "lang": "en",
    "updated": 0
  },
  {
    "id": "82f83af1-0ca8-4f2d-bf1d-059a2debeb59",
    "data": [
      {
        "text": "reset ",
        "userDefined": false
      },
      {
        "text": "each",
        "meta": "@all",
        "alias": "all",
        "userDefined": true
      },
      {
        "text": " apps on my device",
        "userDefined": false
      }
    ],
    "isTemplate": false,
    "count": 0,
    "lang": "en",
    "updated": 0
  },
  {
    "id": "39d8f8c6-c76b-4bda-9c98-0cab8f8770f7",
    "data": [
      {
        "text": "reset app called ",
        "userDefined": false
      },
      {
        "text": "Viber",
        "meta": "@app-name",
        "alias": "app-name",
        "userDefined": true
      }
    ],
    "isTemplate": false,
    "count": 0,
    "lang": "en",
    "updated": 0
  },
  {
    "id": "bed398cb-7475-453e-a6b1-1ef8f7d319ec",
    "data": [
      {
        "text": "I need to reset ",
        "userDefined": false
      },
      {
        "text": "WhatsApp",
        "meta": "@app-name",
        "alias": "app-name",
        "userDefined": true
      },
      {
        "text": " app",
        "userDefined": false
      }
    ],
    "isTemplate": false,
    "count": 0,
    "lang": "en",
    "updated": 0
  },
  {
    "id": "7cecee97-c16c-44ab-b947-fafc824a523c",
    "data": [
      {
        "text": "how can I reset an app",
        "userDefined": false
      }
    ],
    "isTemplate": false,
    "count": 0,
    "lang": "en",
    "updated": 0
  },
  {
    "id": "bb2f0958-16e5-4378-84aa-44b144c54ca4",
    "data": [
      {
        "text": "how can I reset the application ",
        "userDefined": false
      },
      {
        "text": "Facebook",
        "meta": "@app-name",
        "alias": "app-name",
        "userDefined": true
      }
    ],
    "isTemplate": false,
    "count": 0,
    "lang": "en",
    "updated": 0
  },
  {
    "id": "0625041e-41a9-410e-bb87-7168d6086393",
    "data": [
      {
        "text": "reset ",
        "userDefined": false
      },
      {
        "text": "Twitter",
        "meta": "@app-name",
        "alias": "app-name",
        "userDefined": false
      },
      {
        "text": " application",
        "userDefined": false
      }
    ],
    "isTemplate": false,
    "count": 0,
    "lang": "en",
    "updated": 0
  },
  {
    "id": "daf846c4-5b2b-4e01-9a41-0a256b84cdb9",
    "data": [
      {
        "text": "reset an app",
        "userDefined": false
      }
    ],
    "isTemplate": false,
    "count": 0,
    "lang": "en",
    "updated": 0
  },
  {
    "id": "0f1552cd-05e6-443e-8f8c-ba18e658e8ab",
    "data": [
      {
        "text": "tell me how to reset ",
        "userDefined": false
      },
      {
        "text": "Kik messenger",
        "meta": "@app-name",
        "alias": "app-name",
        "userDefined": true
      }
    ],
    "isTemplate": false,
    "count": 0,
    "lang": "en",
    "updated": 0
  },
  {
    "id": "7b935d03-38d5-4188-b6b2-8ec4fbca0d23",
    "data": [
      {
        "text": "reset ",
        "userDefined": false
      },
      {
        "text": "Google Calendar",
        "meta": "@app-name",
        "alias": "app-name",
        "userDefined": false
      },
      {
        "text": " for me",
        "userDefined": false
      }
    ],
    "isTemplate": false,
    "count": 0,
    "lang": "en",
    "updated": 0
  },
  {
    "id": "6979e1dd-ba92-4ca1-9b02-ca5e5a10883b",
    "data": [
      {
        "text": "reset ",
        "userDefined": false
      },
      {
        "text": "every",
        "meta": "@all",
        "alias": "all",
        "userDefined": true
      },
      {
        "text": " apps",
        "userDefined": false
      }
    ],
    "isTemplate": false,
    "count": 0,
    "lang": "en",
    "updated": 0
  },
  {
    "id": "0adf2deb-a16e-4b81-a518-0b37793fa9cd",
    "data": [
      {
        "text": "how do I reset the ",
        "userDefined": false
      },
      {
        "text": "Skype",
        "meta": "@app-name",
        "alias": "app-name",
        "userDefined": true
      },
      {
        "text": " app",
        "userDefined": false
      }
    ],
    "isTemplate": false,
    "count": 0,
    "lang": "en",
    "updated": 0
  },
  {
    "id": "1ba995a7-d50f-42af-bc69-1b9eb32e7ec2",
    "data": [
      {
        "text": "reset app",
        "userDefined": false
      }
    ],
    "isTemplate": false,
    "count": 0,
    "lang": "en",
    "updated": 0
  }
]