[
  {
    "id": "5d84ee9f-c8d7-4f5d-bf1a-b2a0361fedc5",
    "data": [
      {
        "text": "access ",
        "userDefined": false
      },
      {
        "text": "Chrome",
        "meta": "@app-name",
        "alias": "app-name",
        "userDefined": true
      },
      {
        "text": " settings",
        "userDefined": false
      }
    ],
    "isTemplate": false,
    "count": 0,
    "lang": "en",
    "updated": 0
  },
  {
    "id": "e8f08cda-fdc9-4faa-92c9-48b31071821e",
    "data": [
      {
        "text": "open ",
        "userDefined": false
      },
      {
        "text": "Skype",
        "meta": "@app-name",
        "alias": "app-name",
        "userDefined": true
      },
      {
        "text": " settings",
        "userDefined": false
      }
    ],
    "isTemplate": false,
    "count": 0,
    "lang": "en",
    "updated": 0
  },
  {
    "id": "b1c21591-a896-4bd6-91ca-3c7dfcf173f0",
    "data": [
      {
        "text": "I\u0027d like to open ",
        "userDefined": false
      },
      {
        "text": "Twitter",
        "meta": "@app-name",
        "alias": "app-name",
        "userDefined": true
      },
      {
        "text": " app settings",
        "userDefined": false
      }
    ],
    "isTemplate": false,
    "count": 0,
    "lang": "en",
    "updated": 0
  },
  {
    "id": "78bef713-4fb8-49cf-ae24-7f59b7fd1758",
    "data": [
      {
        "text": "how can I open the settings of the ",
        "userDefined": false
      },
      {
        "text": "Angry Birds",
        "meta": "@app-name",
        "alias": "app-name",
        "userDefined": true
      },
      {
        "text": " app",
        "userDefined": false
      }
    ],
    "isTemplate": false,
    "count": 0,
    "lang": "en",
    "updated": 0
  },
  {
    "id": "1e2dc581-1c57-41b8-b446-ab4130cc3fd8",
    "data": [
      {
        "text": "go to ",
        "userDefined": false
      },
      {
        "text": "Shazam",
        "meta": "@app-name",
        "alias": "app-name",
        "userDefined": true
      },
      {
        "text": " settings",
        "userDefined": false
      }
    ],
    "isTemplate": false,
    "count": 0,
    "lang": "en",
    "updated": 0
  },
  {
    "id": "371adcd5-1ff3-4856-bac7-8facbac901ca",
    "data": [
      {
        "text": "could you open ",
        "userDefined": false
      },
      {
        "text": "Facebook",
        "meta": "@app-name",
        "alias": "app-name",
        "userDefined": true
      },
      {
        "text": " settings",
        "userDefined": false
      }
    ],
    "isTemplate": false,
    "count": 0,
    "lang": "en",
    "updated": 0
  },
  {
    "id": "29ef734c-5971-4eef-b64b-832c180db38c",
    "data": [
      {
        "text": "open up ",
        "userDefined": false
      },
      {
        "text": "Slack",
        "meta": "@app-name",
        "alias": "app-name",
        "userDefined": true
      },
      {
        "text": " settings menu",
        "userDefined": false
      }
    ],
    "isTemplate": false,
    "count": 0,
    "lang": "en",
    "updated": 0
  }
]