[
  {
    "id": "a8c33f11-347c-4fb8-807f-6af75be778a6",
    "data": [
      {
        "text": "Russian history",
        "userDefined": false
      }
    ],
    "isTemplate": false,
    "count": 0,
    "lang": "en",
    "updated": 0
  },
  {
    "id": "f2cb6016-ac01-4bcf-a104-694d9e267b86",
    "data": [
      {
        "text": "find me most rated cafe nearby",
        "userDefined": false
      }
    ],
    "isTemplate": false,
    "count": 0,
    "lang": "en",
    "updated": 0
  },
  {
    "id": "fdff2b3e-62be-4e81-8250-0d1bf1061f8a",
    "data": [
      {
        "text": "most rated restaurant",
        "userDefined": false
      }
    ],
    "isTemplate": false,
    "count": 0,
    "lang": "en",
    "updated": 0
  },
  {
    "id": "0881dbf9-83d7-4027-98dc-d6c771d7c2e2",
    "data": [
      {
        "text": "I don\u0027t like my voice",
        "userDefined": false
      }
    ],
    "isTemplate": false,
    "count": 0,
    "lang": "en",
    "updated": 0
  },
  {
    "id": "de8d7b6e-f642-4e19-9897-ef35cdd897fc",
    "data": [
      {
        "text": "I like your voice",
        "userDefined": false
      }
    ],
    "isTemplate": false,
    "count": 0,
    "lang": "en",
    "updated": 0
  },
  {
    "id": "2237c70c-0ed6-4101-879f-7c906302194d",
    "data": [
      {
        "text": "American history",
        "userDefined": false
      }
    ],
    "isTemplate": false,
    "count": 0,
    "lang": "en",
    "updated": 0
  },
  {
    "id": "5f325a44-f952-4a6a-9703-91ccbd858964",
    "data": [
      {
        "text": "what is my phone number",
        "userDefined": false
      }
    ],
    "isTemplate": false,
    "count": 0,
    "lang": "en",
    "updated": 0
  },
  {
    "id": "911955fe-5613-43a3-b8a2-f22eecffb6cc",
    "data": [
      {
        "text": "what is your phone number",
        "userDefined": false
      }
    ],
    "isTemplate": false,
    "count": 0,
    "lang": "en",
    "updated": 0
  },
  {
    "id": "09a25502-d9c4-427a-8a3f-a5b952492080",
    "data": [
      {
        "text": "where am I",
        "userDefined": false
      }
    ],
    "isTemplate": false,
    "count": 0,
    "lang": "en",
    "updated": 0
  },
  {
    "id": "6c302934-938e-4416-a34c-14420791dc9e",
    "data": [
      {
        "text": "find me",
        "userDefined": false
      }
    ],
    "isTemplate": false,
    "count": 0,
    "lang": "en",
    "updated": 0
  }
]