[
  {
    "id": "cd6bbb36-5ca9-4547-a3c8-463bde6218be",
    "data": [
      {
        "text": "what\u0027s the exchange rate for ",
        "userDefined": false
      },
      {
        "text": "Canadian dollars",
        "meta": "@sys.currency-name",
        "alias": "currency-from",
        "userDefined": true
      },
      {
        "text": " to ",
        "userDefined": false
      },
      {
        "text": "US dollars",
        "meta": "@sys.currency-name",
        "alias": "currency-to",
        "userDefined": true
      }
    ],
    "isTemplate": false,
    "count": 0,
    "lang": "en",
    "updated": 0
  },
  {
    "id": "082b9bc5-8f9b-4776-b0b1-479956a99afc",
    "data": [
      {
        "text": "currency conversion",
        "userDefined": false
      }
    ],
    "isTemplate": false,
    "count": 0,
    "lang": "en",
    "updated": 0
  },
  {
    "id": "e26fa1d8-3ef9-4939-be42-466f60ed7640",
    "data": [
      {
        "text": "how many ",
        "userDefined": false
      },
      {
        "text": "US Dollars",
        "meta": "@sys.currency-name",
        "alias": "currency-to",
        "userDefined": true
      },
      {
        "text": " will ",
        "userDefined": false
      },
      {
        "text": "300",
        "meta": "@sys.number",
        "alias": "amount",
        "userDefined": true
      },
      {
        "text": " ",
        "userDefined": false
      },
      {
        "text": "Euro",
        "meta": "@sys.currency-name",
        "alias": "currency-from",
        "userDefined": true
      },
      {
        "text": " get me",
        "userDefined": false
      }
    ],
    "isTemplate": false,
    "count": 0,
    "lang": "en",
    "updated": 0
  },
  {
    "id": "a59dafa3-0dd6-465b-9092-0586d1d32f7f",
    "data": [
      {
        "text": "the price for ",
        "userDefined": false
      },
      {
        "text": "Mexican Peso",
        "meta": "@sys.currency-name",
        "alias": "currency-from",
        "userDefined": true
      }
    ],
    "isTemplate": false,
    "count": 0,
    "lang": "en",
    "updated": 0
  },
  {
    "id": "857b0ac2-bf70-4202-8c3f-b247ec7b7193",
    "data": [
      {
        "text": "what\u0027s the currency exchange ",
        "userDefined": false
      },
      {
        "text": "right now",
        "meta": "@sys.ignore",
        "userDefined": false
      }
    ],
    "isTemplate": false,
    "count": 0,
    "lang": "en",
    "updated": 0
  },
  {
    "id": "00cea2ba-e070-47f5-8e67-0832c4c628ae",
    "data": [
      {
        "text": "how much will I get for ",
        "userDefined": false
      },
      {
        "text": "1000",
        "meta": "@sys.number",
        "alias": "amount",
        "userDefined": true
      },
      {
        "text": " ",
        "userDefined": false
      },
      {
        "text": "Euro",
        "meta": "@sys.currency-name",
        "alias": "currency-from",
        "userDefined": true
      }
    ],
    "isTemplate": false,
    "count": 0,
    "lang": "en",
    "updated": 0
  },
  {
    "id": "f3775f82-b8b9-4f61-bb36-6db779d30178",
    "data": [
      {
        "text": "how much is ",
        "userDefined": false
      },
      {
        "text": "30",
        "meta": "@sys.number",
        "alias": "amount",
        "userDefined": true
      },
      {
        "text": " ",
        "userDefined": false
      },
      {
        "text": "English Pounds",
        "meta": "@sys.currency-name",
        "alias": "currency-from",
        "userDefined": true
      },
      {
        "text": " in Ethiopian ",
        "userDefined": false
      },
      {
        "text": "Birrs",
        "meta": "@sys.currency-name",
        "alias": "currency-to",
        "userDefined": true
      }
    ],
    "isTemplate": false,
    "count": 0,
    "lang": "en",
    "updated": 0
  },
  {
    "id": "ec32134c-525e-45f6-92d0-8744b3adfbb3",
    "data": [
      {
        "text": "convert ",
        "userDefined": false
      },
      {
        "text": "Jamaican Dollars",
        "meta": "@sys.currency-name",
        "alias": "currency-from",
        "userDefined": true
      },
      {
        "text": " into ",
        "userDefined": false
      },
      {
        "text": "Euros",
        "meta": "@sys.currency-name",
        "alias": "currency-to",
        "userDefined": true
      }
    ],
    "isTemplate": false,
    "count": 0,
    "lang": "en",
    "updated": 0
  },
  {
    "id": "808e447c-ce53-489a-851d-8cbe0a7ef4d1",
    "data": [
      {
        "text": "convert ",
        "userDefined": false
      },
      {
        "text": "$",
        "meta": "@sys.currency-name",
        "alias": "currency-from",
        "userDefined": true
      },
      {
        "text": "200",
        "meta": "@sys.number",
        "alias": "amount",
        "userDefined": true
      }
    ],
    "isTemplate": false,
    "count": 1,
    "lang": "en",
    "updated": 0
  },
  {
    "id": "d1c6ae4c-b4b0-462a-8e15-323b9cecfe2b",
    "data": [
      {
        "text": "currency conversion from ",
        "userDefined": false
      },
      {
        "text": "Yens",
        "meta": "@sys.currency-name",
        "alias": "currency-from",
        "userDefined": true
      },
      {
        "text": " to ",
        "userDefined": false
      },
      {
        "text": "New Taiwan Dollars",
        "meta": "@sys.currency-name",
        "alias": "currency-to",
        "userDefined": true
      }
    ],
    "isTemplate": false,
    "count": 0,
    "lang": "en",
    "updated": 0
  },
  {
    "id": "6166c954-63d8-4dc2-ac96-0396098e2af8",
    "data": [
      {
        "text": "25",
        "meta": "@sys.number",
        "alias": "amount",
        "userDefined": true
      },
      {
        "text": " ",
        "userDefined": false
      },
      {
        "text": "Tenge",
        "meta": "@sys.currency-name",
        "alias": "currency-from",
        "userDefined": true
      },
      {
        "text": " converted into ",
        "userDefined": false
      },
      {
        "text": "Dinar",
        "meta": "@sys.currency-name",
        "alias": "currency-to",
        "userDefined": true
      }
    ],
    "isTemplate": false,
    "count": 0,
    "lang": "en",
    "updated": 0
  },
  {
    "id": "a9e5a1f4-1daf-4c69-a30a-a590fe7fbc49",
    "data": [
      {
        "text": "what\u0027s the ",
        "userDefined": false
      },
      {
        "text": "Euro",
        "meta": "@sys.currency-name",
        "alias": "currency-from",
        "userDefined": true
      },
      {
        "text": " exchange rate",
        "userDefined": false
      }
    ],
    "isTemplate": false,
    "count": 0,
    "lang": "en",
    "updated": 0
  },
  {
    "id": "be6efe66-5cbe-4a29-8f5b-12ccb9bced1a",
    "data": [
      {
        "text": "100",
        "meta": "@sys.number",
        "alias": "amount",
        "userDefined": true
      },
      {
        "text": " ",
        "userDefined": false
      },
      {
        "text": "Euro",
        "meta": "@sys.currency-name",
        "alias": "currency-from",
        "userDefined": true
      },
      {
        "text": " into ",
        "userDefined": false
      },
      {
        "text": "US Dollars",
        "meta": "@sys.currency-name",
        "alias": "currency-to",
        "userDefined": true
      }
    ],
    "isTemplate": false,
    "count": 0,
    "lang": "en",
    "updated": 0
  },
  {
    "id": "8969969a-15aa-4371-923c-b0f763ec80e2",
    "data": [
      {
        "text": "convert ",
        "userDefined": false
      },
      {
        "text": "100",
        "meta": "@sys.number",
        "alias": "amount",
        "userDefined": true
      },
      {
        "text": " ",
        "userDefined": false
      },
      {
        "text": "Pounds",
        "meta": "@sys.currency-name",
        "alias": "currency-from",
        "userDefined": true
      },
      {
        "text": " to ",
        "userDefined": false
      },
      {
        "text": "Dollars",
        "meta": "@sys.currency-name",
        "alias": "currency-to",
        "userDefined": true
      }
    ],
    "isTemplate": false,
    "count": 0,
    "lang": "en",
    "updated": 0
  },
  {
    "id": "933f2d95-9cbd-4d85-bb45-c215f9b23867",
    "data": [
      {
        "text": "exchange rate",
        "userDefined": false
      }
    ],
    "isTemplate": false,
    "count": 0,
    "lang": "en",
    "updated": 0
  },
  {
    "id": "55f193ba-c285-48dc-98f0-4a8867f83f02",
    "data": [
      {
        "text": "USD",
        "meta": "@sys.currency-name",
        "alias": "currency-from",
        "userDefined": true
      },
      {
        "text": " into ",
        "userDefined": false
      },
      {
        "text": "JPY",
        "meta": "@sys.currency-name",
        "alias": "currency-to",
        "userDefined": true
      }
    ],
    "isTemplate": false,
    "count": 0,
    "lang": "en",
    "updated": 0
  },
  {
    "id": "de4ee39b-b6ff-472b-94d1-f3811259ab59",
    "data": [
      {
        "text": "can you convert currencies",
        "userDefined": false
      }
    ],
    "isTemplate": false,
    "count": 0,
    "lang": "en",
    "updated": 0
  },
  {
    "id": "161d8abe-6273-4946-b425-36dd0a7f2eb9",
    "data": [
      {
        "text": "what\u0027s ",
        "userDefined": false
      },
      {
        "text": "100",
        "meta": "@sys.number",
        "alias": "amount",
        "userDefined": true
      },
      {
        "text": " ",
        "userDefined": false
      },
      {
        "text": "Levas",
        "meta": "@sys.currency-name",
        "alias": "currency-from",
        "userDefined": true
      },
      {
        "text": " in ",
        "userDefined": false
      },
      {
        "text": "Kunas",
        "meta": "@sys.currency-name",
        "alias": "currency-to",
        "userDefined": true
      }
    ],
    "isTemplate": false,
    "count": 0,
    "lang": "en",
    "updated": 0
  },
  {
    "id": "9e4a7d07-b04a-4754-8198-758dd20325f7",
    "data": [
      {
        "text": "how do currencies perform",
        "userDefined": false
      }
    ],
    "isTemplate": false,
    "count": 0,
    "lang": "en",
    "updated": 0
  },
  {
    "id": "69edca7b-51dc-4454-8ab5-7569f0df4503",
    "data": [
      {
        "text": "convert ",
        "userDefined": false
      },
      {
        "text": "3",
        "meta": "@sys.number",
        "alias": "amount",
        "userDefined": true
      },
      {
        "text": " ",
        "userDefined": false
      },
      {
        "text": "dinars",
        "meta": "@sys.currency-name",
        "alias": "currency-from",
        "userDefined": true
      },
      {
        "text": " in ",
        "userDefined": false
      },
      {
        "text": "dollars",
        "meta": "@sys.currency-name",
        "alias": "currency-to",
        "userDefined": true
      }
    ],
    "isTemplate": false,
    "count": 0,
    "lang": "en",
    "updated": 0
  },
  {
    "id": "d48dd096-86d5-4287-be38-7a0a2d9ba45e",
    "data": [
      {
        "text": "British Pound",
        "meta": "@sys.currency-name",
        "alias": "currency-from",
        "userDefined": true
      },
      {
        "text": " currency rate",
        "userDefined": false
      }
    ],
    "isTemplate": false,
    "count": 0,
    "lang": "en",
    "updated": 0
  },
  {
    "id": "f7b6f7a6-b185-4b79-ac21-c710dd5aff44",
    "data": [
      {
        "text": "convert ",
        "userDefined": false
      },
      {
        "text": "1 000",
        "meta": "@sys.number",
        "alias": "amount",
        "userDefined": true
      },
      {
        "text": " ",
        "userDefined": false
      },
      {
        "text": "Indian Rupee",
        "meta": "@sys.currency-name",
        "alias": "currency-from",
        "userDefined": true
      },
      {
        "text": " into ",
        "userDefined": false
      },
      {
        "text": "Yens",
        "meta": "@sys.currency-name",
        "alias": "currency-to",
        "userDefined": true
      }
    ],
    "isTemplate": false,
    "count": 0,
    "lang": "en",
    "updated": 0
  },
  {
    "id": "7b9995f9-6e82-4695-8271-f9a22047e192",
    "data": [
      {
        "text": "convert ",
        "userDefined": false
      },
      {
        "text": "3",
        "meta": "@sys.number",
        "alias": "amount",
        "userDefined": true
      },
      {
        "text": " ",
        "userDefined": false
      },
      {
        "text": "Rubles",
        "meta": "@sys.currency-name",
        "alias": "currency-from",
        "userDefined": true
      },
      {
        "text": " in ",
        "userDefined": false
      },
      {
        "text": "Dollars",
        "meta": "@sys.currency-name",
        "alias": "currency-to",
        "userDefined": true
      }
    ],
    "isTemplate": false,
    "count": 0,
    "lang": "en",
    "updated": 0
  },
  {
    "id": "c3b6aa64-c267-447b-b723-486da04cbcee",
    "data": [
      {
        "text": "$",
        "meta": "@sys.currency-name",
        "alias": "currency-from",
        "userDefined": true
      },
      {
        "text": "12.34",
        "meta": "@sys.number",
        "alias": "amount",
        "userDefined": true
      },
      {
        "text": " into ",
        "userDefined": false
      },
      {
        "text": "Yen",
        "meta": "@sys.currency-name",
        "alias": "currency-to",
        "userDefined": true
      }
    ],
    "isTemplate": false,
    "count": 0,
    "lang": "en",
    "updated": 0
  },
  {
    "id": "705d2a50-85b0-4008-b55e-0710b3245b86",
    "data": [
      {
        "text": "what\u0027s the exchange rate for ",
        "userDefined": false
      },
      {
        "text": "Canadian Dollars",
        "meta": "@sys.currency-name",
        "alias": "currency-from",
        "userDefined": true
      },
      {
        "text": " to ",
        "userDefined": false
      },
      {
        "text": "US Dollars",
        "meta": "@sys.currency-name",
        "alias": "currency-to",
        "userDefined": true
      }
    ],
    "isTemplate": false,
    "count": 0,
    "lang": "en",
    "updated": 0
  }
]