[
  {
    "id": "b023261d-4762-4328-98e0-8d4db68741b4",
    "data": [
      {
        "text": "buy it",
        "userDefined": false
      }
    ],
    "isTemplate": false,
    "count": 0,
    "lang": "en",
    "updated": 0
  },
  {
    "id": "aff0a64f-4c97-4d8e-95e8-b3c2fbd932b6",
    "data": [
      {
        "text": "book it for me",
        "userDefined": false
      }
    ],
    "isTemplate": false,
    "count": 0,
    "lang": "en",
    "updated": 0
  },
  {
    "id": "9f35dac7-c6fc-45f8-95ae-c306b4514af8",
    "data": [
      {
        "text": "book ",
        "userDefined": false
      },
      {
        "text": "2",
        "meta": "@sys.number",
        "alias": "amount",
        "userDefined": false
      }
    ],
    "isTemplate": false,
    "count": 0,
    "lang": "en",
    "updated": 0
  },
  {
    "id": "3bd2b4aa-75fb-4a2d-b10c-f3fe81880482",
    "data": [
      {
        "text": "I want these tickets",
        "userDefined": false
      }
    ],
    "isTemplate": false,
    "count": 0,
    "lang": "en",
    "updated": 0
  },
  {
    "id": "bc1e50cd-6a54-48da-952b-61cd4d56b5d3",
    "data": [
      {
        "text": "book it",
        "userDefined": false
      }
    ],
    "isTemplate": false,
    "count": 0,
    "lang": "en",
    "updated": 0
  },
  {
    "id": "e0ac817e-f03d-4889-bc9a-be0f96fb5cd0",
    "data": [
      {
        "text": "can you book it for me",
        "userDefined": false
      }
    ],
    "isTemplate": false,
    "count": 0,
    "lang": "en",
    "updated": 0
  }
]