[
  {
    "id": "7fd15faa-6aac-4fa2-bff9-f3d8e37ebe7c",
    "data": [
      {
        "text": "book a ticket at at ",
        "userDefined": false
      },
      {
        "text": "Bolshoi Theatre",
        "meta": "@sys.location",
        "alias": "location",
        "userDefined": true
      },
      {
        "text": " for an ",
        "userDefined": false
      },
      {
        "text": "opera performances",
        "meta": "@event-type",
        "alias": "event-type",
        "userDefined": false
      }
    ],
    "isTemplate": false,
    "count": 0,
    "lang": "en",
    "updated": 0
  },
  {
    "id": "11989fbe-4c96-43d5-a0b4-8f0e7fb5f8bb",
    "data": [
      {
        "text": "tickets to shows that are playing in ",
        "userDefined": false
      },
      {
        "text": "Hamilton",
        "meta": "@sys.location",
        "alias": "location",
        "userDefined": false
      }
    ],
    "isTemplate": false,
    "count": 0,
    "lang": "en",
    "updated": 0
  },
  {
    "id": "be7657d5-abaa-4497-93bc-07773f12e24f",
    "data": [
      {
        "text": "tickets booking",
        "userDefined": false
      }
    ],
    "isTemplate": false,
    "count": 0,
    "lang": "en",
    "updated": 0
  },
  {
    "id": "a329da9f-9cd8-465b-91e8-c1fe5c63fec6",
    "data": [
      {
        "text": "tickets",
        "userDefined": false
      }
    ],
    "isTemplate": false,
    "count": 0,
    "lang": "en",
    "updated": 0
  },
  {
    "id": "2cf7b4b6-bccc-4e06-a7b7-723d575a192e",
    "data": [
      {
        "text": "I need to book tickets for a ",
        "userDefined": false
      },
      {
        "text": "concert",
        "meta": "@event-type",
        "alias": "event-type",
        "userDefined": false
      },
      {
        "text": " ",
        "userDefined": false
      },
      {
        "text": "tomorrow night",
        "meta": "@sys.date-time",
        "alias": "date-time",
        "userDefined": false
      },
      {
        "text": " in ",
        "userDefined": false
      },
      {
        "text": "LA",
        "meta": "@sys.location",
        "alias": "location",
        "userDefined": false
      }
    ],
    "isTemplate": false,
    "count": 0,
    "lang": "en",
    "updated": 0
  },
  {
    "id": "22755d34-3227-4d08-8944-a46323fe2e2c",
    "data": [
      {
        "text": "I need tickets to a ",
        "userDefined": false
      },
      {
        "text": "nice",
        "meta": "@map-sort",
        "alias": "sort",
        "userDefined": false
      },
      {
        "text": " event in ",
        "userDefined": false
      },
      {
        "text": "Beverly Hills",
        "meta": "@sys.location",
        "alias": "location",
        "userDefined": false
      }
    ],
    "isTemplate": false,
    "count": 0,
    "lang": "en",
    "updated": 0
  },
  {
    "id": "6b779e59-9802-40f5-b18b-e1dd80f91aa3",
    "data": [
      {
        "text": "book a ticket to a ",
        "userDefined": false
      },
      {
        "text": "pop",
        "meta": "@sys.music-genre",
        "alias": "genre",
        "userDefined": true
      },
      {
        "text": " ",
        "userDefined": false
      },
      {
        "text": "concert",
        "meta": "@event-type",
        "alias": "event-type",
        "userDefined": false
      },
      {
        "text": " ",
        "userDefined": false
      },
      {
        "text": "next Friday",
        "meta": "@sys.date-time",
        "alias": "date-time",
        "userDefined": false
      }
    ],
    "isTemplate": false,
    "count": 0,
    "lang": "en",
    "updated": 0
  },
  {
    "id": "e1012b8f-0daa-4535-ab69-287d7060911b",
    "data": [
      {
        "text": "I need tickets to ",
        "userDefined": false
      },
      {
        "text": "Frank Ocean",
        "meta": "@sys.music-artist",
        "alias": "artist",
        "userDefined": true
      },
      {
        "text": " ",
        "userDefined": false
      },
      {
        "text": "tonight",
        "meta": "@sys.date-time",
        "alias": "date-time",
        "userDefined": false
      },
      {
        "text": " in ",
        "userDefined": false
      },
      {
        "text": "New York at Madison Square Garden",
        "meta": "@sys.location",
        "alias": "location",
        "userDefined": false
      }
    ],
    "isTemplate": false,
    "count": 0,
    "lang": "en",
    "updated": 0
  },
  {
    "id": "b0f70644-ef1e-4ba2-bb90-4e577152e535",
    "data": [
      {
        "text": "I need tickets",
        "userDefined": false
      }
    ],
    "isTemplate": false,
    "count": 0,
    "lang": "en",
    "updated": 0
  },
  {
    "id": "c2c5a4a0-296b-4a33-84dd-31e4e271f9b7",
    "data": [
      {
        "text": "I need ",
        "userDefined": false
      },
      {
        "text": "2",
        "meta": "@sys.number",
        "alias": "amount",
        "userDefined": true
      },
      {
        "text": " tickets to some ",
        "userDefined": false
      },
      {
        "text": "jazz",
        "meta": "@sys.music-genre",
        "alias": "genre",
        "userDefined": false
      },
      {
        "text": " performances in ",
        "userDefined": false
      },
      {
        "text": "California",
        "meta": "@sys.location",
        "alias": "location",
        "userDefined": false
      },
      {
        "text": " ",
        "userDefined": false
      },
      {
        "text": "next Sunday",
        "meta": "@sys.date-time",
        "alias": "date-time",
        "userDefined": false
      }
    ],
    "isTemplate": false,
    "count": 0,
    "lang": "en",
    "updated": 0
  },
  {
    "id": "cdc6d0f3-6c1b-4f07-968f-748618b4a9f4",
    "data": [
      {
        "text": "movie",
        "meta": "@event-type",
        "alias": "event-type",
        "userDefined": false
      },
      {
        "text": " tickets ",
        "userDefined": false
      },
      {
        "text": "Mountain View",
        "meta": "@sys.location",
        "alias": "location",
        "userDefined": false
      },
      {
        "text": " ",
        "userDefined": false
      },
      {
        "text": "today",
        "meta": "@sys.date-time",
        "alias": "date-time",
        "userDefined": false
      }
    ],
    "isTemplate": false,
    "count": 0,
    "lang": "en",
    "updated": 0
  },
  {
    "id": "2437dc0b-77fc-4835-9ea3-4b258575baa7",
    "data": [
      {
        "text": "book a ticket to a ",
        "userDefined": false
      },
      {
        "text": "nice",
        "meta": "@map-sort",
        "alias": "sort",
        "userDefined": false
      },
      {
        "text": " ",
        "userDefined": false
      },
      {
        "text": "festival",
        "meta": "@event-type",
        "alias": "event-type",
        "userDefined": false
      },
      {
        "text": " in the time ",
        "userDefined": false
      },
      {
        "text": "from 30th of July 22nd of August",
        "meta": "@sys.date-time",
        "alias": "date-time",
        "userDefined": false
      }
    ],
    "isTemplate": false,
    "count": 0,
    "lang": "en",
    "updated": 0
  },
  {
    "id": "5fb2ebf7-7927-491f-a12d-d585b9b1b1a5",
    "data": [
      {
        "text": "tickets for ",
        "userDefined": false
      },
      {
        "text": "Paramore",
        "meta": "@sys.music-artist",
        "alias": "artist",
        "userDefined": true
      },
      {
        "text": " ",
        "userDefined": false
      },
      {
        "text": "next weekend",
        "meta": "@sys.date-time",
        "alias": "date-time",
        "userDefined": true
      },
      {
        "text": " in ",
        "userDefined": false
      },
      {
        "text": "Mountain View, California",
        "meta": "@sys.location",
        "alias": "location",
        "userDefined": false
      }
    ],
    "isTemplate": false,
    "count": 0,
    "lang": "en",
    "updated": 0
  },
  {
    "id": "593d9bd1-9e48-41b2-af92-55706b572922",
    "data": [
      {
        "text": "I need tickets for the next ",
        "userDefined": false
      },
      {
        "text": "One Direction",
        "meta": "@sys.music-artist",
        "alias": "artist",
        "userDefined": false
      },
      {
        "text": " ",
        "userDefined": false
      },
      {
        "text": "concert",
        "meta": "@event-type",
        "alias": "event-type",
        "userDefined": false
      }
    ],
    "isTemplate": false,
    "count": 0,
    "lang": "en",
    "updated": 0
  },
  {
    "id": "1f58633c-d405-4290-bae2-1ba77f29b3cf",
    "data": [
      {
        "text": "new tickets",
        "userDefined": false
      }
    ],
    "isTemplate": false,
    "count": 0,
    "lang": "en",
    "updated": 0
  },
  {
    "id": "2e8e4a17-c57a-4581-a98d-683ca763dee8",
    "data": [
      {
        "text": "book me a ticket to ",
        "userDefined": false
      },
      {
        "text": "Big Sean",
        "meta": "@sys.music-artist",
        "alias": "artist",
        "userDefined": false
      },
      {
        "text": " at ",
        "userDefined": false
      },
      {
        "text": "Bethel Woods Center for the Arts",
        "meta": "@sys.location",
        "alias": "location",
        "userDefined": false
      },
      {
        "text": " ",
        "userDefined": false
      },
      {
        "text": "next week",
        "meta": "@sys.date-time",
        "alias": "date-time",
        "userDefined": false
      }
    ],
    "isTemplate": false,
    "count": 0,
    "lang": "en",
    "updated": 0
  },
  {
    "id": "1d30c3bf-39f4-40fa-82a0-33c055a02cb2",
    "data": [
      {
        "text": "I want you to book a ticket for me to any ",
        "userDefined": false
      },
      {
        "text": "concerts",
        "meta": "@event-type",
        "alias": "event-type",
        "userDefined": false
      },
      {
        "text": " that are coming up at the ",
        "userDefined": false
      },
      {
        "text": "State fair in Indiana",
        "meta": "@sys.location",
        "alias": "location",
        "userDefined": false
      }
    ],
    "isTemplate": false,
    "count": 0,
    "lang": "en",
    "updated": 0
  },
  {
    "id": "f45d6b2f-a526-448e-ba63-a95df2802a40",
    "data": [
      {
        "text": "we need tickets",
        "userDefined": false
      }
    ],
    "isTemplate": false,
    "count": 0,
    "lang": "en",
    "updated": 0
  },
  {
    "id": "9c09dbe7-18d1-45fa-926c-a4d0defa6b6c",
    "data": [
      {
        "text": "book tickets for ",
        "userDefined": false
      },
      {
        "text": "Maddona",
        "meta": "@sys.music-artist",
        "alias": "artist",
        "userDefined": true
      },
      {
        "text": "\u0027s ",
        "userDefined": false
      },
      {
        "text": "concerts",
        "meta": "@event-type",
        "alias": "event-type",
        "userDefined": false
      },
      {
        "text": " ",
        "userDefined": false
      },
      {
        "text": "next week",
        "meta": "@sys.date-time",
        "alias": "date-time",
        "userDefined": false
      },
      {
        "text": " ",
        "userDefined": false
      },
      {
        "text": "Moscow",
        "meta": "@sys.location",
        "alias": "location",
        "userDefined": false
      }
    ],
    "isTemplate": false,
    "count": 0,
    "lang": "en",
    "updated": 0
  },
  {
    "id": "fe11a533-26b4-422c-9b2a-c959ee066224",
    "data": [
      {
        "text": "Atlanta Braves",
        "meta": "@sport-team",
        "alias": "team",
        "userDefined": false
      },
      {
        "text": " are playing in ",
        "userDefined": false
      },
      {
        "text": "LA",
        "meta": "@sys.location",
        "alias": "location",
        "userDefined": true
      },
      {
        "text": " ",
        "userDefined": false
      },
      {
        "text": "this week",
        "meta": "@sys.date-time",
        "alias": "date-time",
        "userDefined": true
      },
      {
        "text": " please book tickets",
        "userDefined": false
      }
    ],
    "isTemplate": false,
    "count": 0,
    "lang": "en",
    "updated": 0
  },
  {
    "id": "8d07ef08-8e80-43b2-93f5-fe6454894b96",
    "data": [
      {
        "text": "book the ",
        "userDefined": false
      },
      {
        "text": "best",
        "meta": "@map-sort",
        "alias": "sort",
        "userDefined": false
      },
      {
        "text": " ",
        "userDefined": false
      },
      {
        "text": "movie",
        "meta": "@event-type",
        "alias": "event-type",
        "userDefined": false
      },
      {
        "text": " tickets ",
        "userDefined": false
      },
      {
        "text": "in town",
        "meta": "@map-sort",
        "alias": "sort",
        "userDefined": false
      }
    ],
    "isTemplate": false,
    "count": 0,
    "lang": "en",
    "updated": 0
  },
  {
    "id": "0b46f403-afcb-4b57-9871-4cfa9b323ae1",
    "data": [
      {
        "text": "please book me a ticket",
        "userDefined": false
      }
    ],
    "isTemplate": false,
    "count": 0,
    "lang": "en",
    "updated": 0
  },
  {
    "id": "e8459c91-58dc-452c-a154-3231673d3836",
    "data": [
      {
        "text": "book ",
        "userDefined": false
      },
      {
        "text": "free",
        "meta": "@map-sort",
        "alias": "sort",
        "userDefined": false
      },
      {
        "text": " tickets",
        "userDefined": false
      }
    ],
    "isTemplate": false,
    "count": 0,
    "lang": "en",
    "updated": 0
  },
  {
    "id": "47cd7622-e5ce-4204-b39a-1c8f03c592e4",
    "data": [
      {
        "text": "book tickets to a ",
        "userDefined": false
      },
      {
        "text": "play",
        "meta": "@event-type",
        "alias": "event-type",
        "userDefined": false
      },
      {
        "text": " ",
        "userDefined": false
      },
      {
        "text": "Chicago Bulls",
        "meta": "@sport-team",
        "alias": "team",
        "userDefined": false
      },
      {
        "text": " ",
        "userDefined": false
      },
      {
        "text": "next week",
        "meta": "@sys.date-time",
        "alias": "date-time",
        "userDefined": false
      },
      {
        "text": " in ",
        "userDefined": false
      },
      {
        "text": "Chicago",
        "meta": "@sys.location",
        "alias": "location",
        "userDefined": false
      }
    ],
    "isTemplate": false,
    "count": 0,
    "lang": "en",
    "updated": 0
  },
  {
    "id": "604ff212-6ed0-4131-a7e6-7be249886e40",
    "data": [
      {
        "text": "book me tickets to ",
        "userDefined": false
      },
      {
        "text": "Adele",
        "meta": "@sys.music-artist",
        "alias": "artist",
        "userDefined": false
      },
      {
        "text": " in ",
        "userDefined": false
      },
      {
        "text": "New York",
        "meta": "@sys.location",
        "alias": "location",
        "userDefined": false
      }
    ],
    "isTemplate": false,
    "count": 0,
    "lang": "en",
    "updated": 0
  },
  {
    "id": "1bd3ea9c-55f9-4a3d-a6fc-5df883b8308c",
    "data": [
      {
        "text": "book evets",
        "userDefined": false
      }
    ],
    "isTemplate": false,
    "count": 0,
    "lang": "en",
    "updated": 0
  },
  {
    "id": "97f36efc-0e8d-4871-9787-2c6d9c9fac8c",
    "data": [
      {
        "text": "can you buy a tickets",
        "userDefined": false
      }
    ],
    "isTemplate": false,
    "count": 0,
    "lang": "en",
    "updated": 0
  },
  {
    "id": "dc0c6ddd-5c6c-4273-bf71-56116ba5a3cb",
    "data": [
      {
        "text": "book the ",
        "userDefined": false
      },
      {
        "text": "best",
        "meta": "@map-sort",
        "alias": "sort",
        "userDefined": false
      },
      {
        "text": " tickets",
        "userDefined": false
      }
    ],
    "isTemplate": false,
    "count": 0,
    "lang": "en",
    "updated": 0
  },
  {
    "id": "8372a6db-5205-4f92-9e56-d64e2f5e83e1",
    "data": [
      {
        "text": "can I book tickets ",
        "userDefined": false
      },
      {
        "text": "here",
        "meta": "@map-sort",
        "alias": "sort",
        "userDefined": false
      }
    ],
    "isTemplate": false,
    "count": 0,
    "lang": "en",
    "updated": 0
  },
  {
    "id": "865926ca-4d37-4bea-8990-e9c6a48b60b6",
    "data": [
      {
        "text": "Adele",
        "meta": "@sys.music-artist",
        "alias": "artist",
        "userDefined": false
      },
      {
        "text": " ",
        "userDefined": false
      },
      {
        "text": "New York",
        "meta": "@sys.location",
        "alias": "location",
        "userDefined": false
      },
      {
        "text": " tickets",
        "userDefined": false
      }
    ],
    "isTemplate": false,
    "count": 0,
    "lang": "en",
    "updated": 0
  },
  {
    "id": "7ee4723a-1cba-4fe6-b915-618b700144c3",
    "data": [
      {
        "text": "I want tickets for me and my friends",
        "userDefined": false
      }
    ],
    "isTemplate": false,
    "count": 1,
    "lang": "en",
    "updated": 0
  },
  {
    "id": "42db6f8c-607c-4ed7-a1a7-fdc3ea4568c0",
    "data": [
      {
        "text": "tickets please",
        "userDefined": false
      }
    ],
    "isTemplate": false,
    "count": 0,
    "lang": "en",
    "updated": 0
  },
  {
    "id": "aa4c4982-ae3f-4ef7-92a8-8a844fbc2ba5",
    "data": [
      {
        "text": "can you book tickets for ",
        "userDefined": false
      },
      {
        "text": "baseball game",
        "meta": "@event-type",
        "alias": "event-type",
        "userDefined": false
      },
      {
        "text": " these ",
        "userDefined": false
      },
      {
        "text": "weekends",
        "meta": "@sys.date-time",
        "alias": "date-time",
        "userDefined": false
      }
    ],
    "isTemplate": false,
    "count": 0,
    "lang": "en",
    "updated": 0
  },
  {
    "id": "35e94d74-63d3-4087-b24e-cf5f5eb94be7",
    "data": [
      {
        "text": "book tickets ",
        "userDefined": false
      },
      {
        "text": "Madonna",
        "meta": "@sys.music-artist",
        "alias": "artist",
        "userDefined": false
      },
      {
        "text": "\u0027s ",
        "userDefined": false
      },
      {
        "text": "concert",
        "meta": "@event-type",
        "alias": "event-type",
        "userDefined": false
      }
    ],
    "isTemplate": false,
    "count": 0,
    "lang": "en",
    "updated": 0
  },
  {
    "id": "ace6e363-a2fe-4525-b4c0-43059a63eaee",
    "data": [
      {
        "text": "let\u0027s book a ticket",
        "userDefined": false
      }
    ],
    "isTemplate": false,
    "count": 0,
    "lang": "en",
    "updated": 0
  },
  {
    "id": "7523fd94-eed1-4303-b6d5-c468b7736adf",
    "data": [
      {
        "text": "jazz",
        "meta": "@sys.music-genre",
        "alias": "genre",
        "userDefined": false
      },
      {
        "text": " in ",
        "userDefined": false
      },
      {
        "text": "New York",
        "meta": "@sys.location",
        "alias": "location",
        "userDefined": false
      },
      {
        "text": " ",
        "userDefined": false
      },
      {
        "text": "tonight",
        "meta": "@sys.date-time",
        "alias": "date-time",
        "userDefined": false
      },
      {
        "text": " book tickets",
        "userDefined": false
      }
    ],
    "isTemplate": false,
    "count": 0,
    "lang": "en",
    "updated": 0
  },
  {
    "id": "96e6ff33-ca1b-4ec9-bedc-80837e06725a",
    "data": [
      {
        "text": "I would like to book ",
        "userDefined": false
      },
      {
        "text": "movie",
        "meta": "@event-type",
        "alias": "event-type",
        "userDefined": false
      },
      {
        "text": " tickets for ",
        "userDefined": false
      },
      {
        "text": "free",
        "meta": "@map-sort",
        "alias": "sort",
        "userDefined": false
      }
    ],
    "isTemplate": false,
    "count": 0,
    "lang": "en",
    "updated": 0
  },
  {
    "id": "63c2a6de-0d5e-405c-91df-3c586c1c95d6",
    "data": [
      {
        "text": "book baseball tickets",
        "userDefined": false
      }
    ],
    "isTemplate": false,
    "count": 0,
    "lang": "en",
    "updated": 0
  },
  {
    "id": "6cd757dd-d94e-4be6-8b66-b0f298d8722a",
    "data": [
      {
        "text": "book seats for ",
        "userDefined": false
      },
      {
        "text": "baseball game",
        "meta": "@event-type",
        "alias": "event-type",
        "userDefined": false
      },
      {
        "text": " ",
        "userDefined": false
      },
      {
        "text": "in town",
        "meta": "@map-sort",
        "alias": "sort",
        "userDefined": false
      },
      {
        "text": " ",
        "userDefined": false
      },
      {
        "text": "tonight",
        "meta": "@sys.date-time",
        "alias": "date-time",
        "userDefined": false
      }
    ],
    "isTemplate": false,
    "count": 0,
    "lang": "en",
    "updated": 0
  },
  {
    "id": "b2118c0a-2297-4987-8b9c-50e00240fa6b",
    "data": [
      {
        "text": "buy ",
        "userDefined": false
      },
      {
        "text": "concert",
        "meta": "@event-type",
        "alias": "event-type",
        "userDefined": false
      },
      {
        "text": " tickets",
        "userDefined": false
      }
    ],
    "isTemplate": false,
    "count": 0,
    "lang": "en",
    "updated": 0
  },
  {
    "id": "2b7e6578-3062-438d-ab6b-59acacc2a9cd",
    "data": [
      {
        "text": "can I book the ",
        "userDefined": false
      },
      {
        "text": "cheapest",
        "meta": "@map-sort",
        "alias": "sort",
        "userDefined": false
      },
      {
        "text": " tickets to the theatre in ",
        "userDefined": false
      },
      {
        "text": "LA",
        "meta": "@sys.location",
        "alias": "location",
        "userDefined": false
      }
    ],
    "isTemplate": false,
    "count": 0,
    "lang": "en",
    "updated": 0
  },
  {
    "id": "7486559f-e9bd-4597-8492-ffb9a77f0aaf",
    "data": [
      {
        "text": "book tickets",
        "userDefined": false
      }
    ],
    "isTemplate": false,
    "count": 1,
    "lang": "en",
    "updated": 0
  }
]