[
  {
    "id": "2288fe49-514f-4da6-90cc-92089f305bbd",
    "data": [
      {
        "text": "what should I do",
        "userDefined": false
      }
    ],
    "isTemplate": false,
    "count": 0,
    "lang": "en",
    "updated": 0
  },
  {
    "id": "c424699e-8c7a-444e-b012-7db0979f9927",
    "data": [
      {
        "text": "I\u0027m bored",
        "userDefined": false
      }
    ],
    "isTemplate": false,
    "count": 0,
    "lang": "en",
    "updated": 0
  },
  {
    "id": "6c90e8e3-506d-4f80-bb5a-0d6156ae9ecd",
    "data": [
      {
        "text": "bored",
        "userDefined": false
      }
    ],
    "isTemplate": false,
    "count": 0,
    "lang": "en",
    "updated": 0
  },
  {
    "id": "529f2e4d-a26b-4ece-9ac8-56b2317c8c6e",
    "data": [
      {
        "text": "need some fun",
        "userDefined": false
      }
    ],
    "isTemplate": false,
    "count": 0,
    "lang": "en",
    "updated": 0
  },
  {
    "id": "43820f74-ad5f-40a8-91f3-681cb13ac261",
    "data": [
      {
        "text": "how can I kill time ",
        "userDefined": false
      },
      {
        "text": "nearby",
        "meta": "@map-sort",
        "alias": "sort",
        "userDefined": false
      }
    ],
    "isTemplate": false,
    "count": 0,
    "lang": "en",
    "updated": 0
  },
  {
    "id": "979846f2-bf22-494d-b722-b6d7f0cad925",
    "data": [
      {
        "text": "how can I entertain myself for ",
        "userDefined": false
      },
      {
        "text": "free",
        "meta": "@map-sort",
        "alias": "sort",
        "userDefined": false
      },
      {
        "text": " ",
        "userDefined": false
      },
      {
        "text": "tonight",
        "meta": "@sys.date-time",
        "alias": "date-time",
        "userDefined": false
      }
    ],
    "isTemplate": false,
    "count": 0,
    "lang": "en",
    "updated": 0
  },
  {
    "id": "409ef479-f603-4244-80d8-c2e9e34b365a",
    "data": [
      {
        "text": "where can I go to have some fun ",
        "userDefined": false
      },
      {
        "text": "tomorrow evening",
        "meta": "@sys.date-time",
        "alias": "date-time",
        "userDefined": false
      }
    ],
    "isTemplate": false,
    "count": 0,
    "lang": "en",
    "updated": 0
  },
  {
    "id": "7f7e0e46-6ed9-4b7f-842d-038050c96994",
    "data": [
      {
        "text": "where to go",
        "userDefined": false
      }
    ],
    "isTemplate": false,
    "count": 0,
    "lang": "en",
    "updated": 0
  },
  {
    "id": "e6290a67-deb6-4d55-855a-a5f7972c6822",
    "data": [
      {
        "text": "where to go for a date",
        "userDefined": false
      }
    ],
    "isTemplate": false,
    "count": 0,
    "lang": "en",
    "updated": 0
  },
  {
    "id": "21ed6045-8d62-4f4b-9f8f-bde775f463a2",
    "data": [
      {
        "text": "what should I do ",
        "userDefined": false
      },
      {
        "text": "tonight",
        "meta": "@sys.date-time",
        "alias": "date-time",
        "userDefined": false
      }
    ],
    "isTemplate": false,
    "count": 0,
    "lang": "en",
    "updated": 0
  },
  {
    "id": "44979542-e83e-4d0c-b3da-2ec28f415f69",
    "data": [
      {
        "text": "boring",
        "userDefined": false
      }
    ],
    "isTemplate": false,
    "count": 0,
    "lang": "en",
    "updated": 0
  },
  {
    "id": "d4d69bc7-f163-408d-bbed-79c136359bf5",
    "data": [
      {
        "text": "I want entertainment",
        "userDefined": false
      }
    ],
    "isTemplate": false,
    "count": 0,
    "lang": "en",
    "updated": 0
  },
  {
    "id": "7c031692-ebd2-4034-8fdd-97e2a7404c8a",
    "data": [
      {
        "text": "where should I have fun ",
        "userDefined": false
      },
      {
        "text": "these weekends",
        "meta": "@sys.date-time",
        "alias": "date-time",
        "userDefined": false
      }
    ],
    "isTemplate": false,
    "count": 0,
    "lang": "en",
    "updated": 0
  },
  {
    "id": "272c2bed-21a1-4e0d-9a66-be0d927034fe",
    "data": [
      {
        "text": "I\u0027m so bored",
        "userDefined": false
      }
    ],
    "isTemplate": false,
    "count": 0,
    "lang": "en",
    "updated": 0
  }
]