[
  {
    "id": "8a890574-f887-4901-bc1f-537a3bda3727",
    "data": [
      {
        "text": "What are the types of masters available in ",
        "userDefined": false
      },
      {
        "text": "Artificial Intelligence",
        "alias": "cs_ai",
        "meta": "@cs_ai",
        "userDefined": true
      },
      {
        "text": "?",
        "userDefined": false
      }
    ],
    "isTemplate": false,
    "count": 0,
    "updated": 0
  },
  {
    "id": "b075725b-6f99-4fa0-afd2-fa692a41103f",
    "data": [
      {
        "text": "Could you help me with types of master\u0027s in ",
        "userDefined": false
      },
      {
        "text": "computer science",
        "meta": "@sys.ignore",
        "userDefined": false
      },
      {
        "text": " with majors in ",
        "userDefined": false
      },
      {
        "text": "AI",
        "alias": "cs_ai",
        "meta": "@cs_ai",
        "userDefined": true
      },
      {
        "text": "?",
        "userDefined": false
      }
    ],
    "isTemplate": false,
    "count": 0,
    "updated": 0
  },
  {
    "id": "a6ecf970-7136-4bda-af7c-ff524d497e11",
    "data": [
      {
        "text": "What graduate programs are available in ",
        "userDefined": false
      },
      {
        "text": "AI",
        "alias": "cs_ai",
        "meta": "@cs_ai",
        "userDefined": true
      },
      {
        "text": "?",
        "userDefined": false
      }
    ],
    "isTemplate": false,
    "count": 0,
    "updated": 0
  },
  {
    "id": "04530156-44bb-4be4-af52-e57773299019",
    "data": [
      {
        "text": "Is the University of Windsor offering thesis-based Masters in ",
        "userDefined": false
      },
      {
        "text": "Artificial Intelligence",
        "alias": "cs_ai",
        "meta": "@cs_ai",
        "userDefined": true
      },
      {
        "text": "?",
        "userDefined": false
      }
    ],
    "isTemplate": false,
    "count": 0,
    "updated": 0
  },
  {
    "id": "55d42a2d-359f-47dd-86b8-604940698e5d",
    "data": [
      {
        "text": "Do we have a master\u0027s in Computer Engineering in ",
        "userDefined": false
      },
      {
        "text": "Artificial Intelligence",
        "alias": "cs_ai",
        "meta": "@cs_ai",
        "userDefined": true
      },
      {
        "text": "?",
        "userDefined": false
      }
    ],
    "isTemplate": false,
    "count": 0,
    "updated": 0
  },
  {
    "id": "8fdeb96c-dedc-4646-9ddf-19baf77baac8",
    "data": [
      {
        "text": "Could you please help me with the types of Masters in ",
        "userDefined": false
      },
      {
        "text": "AI",
        "alias": "cs_ai",
        "meta": "@cs_ai",
        "userDefined": true
      },
      {
        "text": "?",
        "userDefined": false
      }
    ],
    "isTemplate": false,
    "count": 0,
    "updated": 0
  },
  {
    "id": "6d0b26cd-a038-4b8f-90ff-e1b033cb1501",
    "data": [
      {
        "text": "I want details for Masters in ",
        "userDefined": false
      },
      {
        "text": "Artificial Intelligence",
        "alias": "cs_ai",
        "meta": "@cs_ai",
        "userDefined": true
      },
      {
        "text": ".",
        "userDefined": false
      }
    ],
    "isTemplate": false,
    "count": 0,
    "updated": 0
  },
  {
    "id": "f5febe4b-c96e-4057-8103-2488b7aeb5f2",
    "data": [
      {
        "text": "I am looking for a master\u0027s in ",
        "userDefined": false
      },
      {
        "text": "computer engineering",
        "meta": "@sys.ignore",
        "userDefined": false
      },
      {
        "text": " with ",
        "userDefined": false
      },
      {
        "text": "AI",
        "alias": "cs_ai",
        "meta": "@cs_ai",
        "userDefined": true
      },
      {
        "text": ".",
        "userDefined": false
      }
    ],
    "isTemplate": false,
    "count": 0,
    "updated": 0
  }
]