[
  {
    "id": "8d806e09-7f62-4809-95fc-d800e7bac731",
    "data": [
      {
        "text": "Maximum ",
        "userDefined": false
      },
      {
        "text": "time",
        "meta": "@sys.ignore",
        "userDefined": true
      },
      {
        "text": " for the ",
        "userDefined": false
      },
      {
        "text": "completion",
        "meta": "@sys.ignore",
        "userDefined": true
      },
      {
        "text": " of ",
        "userDefined": false
      },
      {
        "text": "course based",
        "alias": "duration_course",
        "meta": "@duration_course",
        "userDefined": true
      },
      {
        "text": " masters.",
        "userDefined": false
      }
    ],
    "isTemplate": false,
    "count": 0,
    "updated": 0
  },
  {
    "id": "85929fa1-7c80-447e-9f4e-3110ff6b281a",
    "data": [
      {
        "text": "How ",
        "userDefined": false
      },
      {
        "text": "long",
        "meta": "@sys.ignore",
        "userDefined": true
      },
      {
        "text": " will it take for me to ",
        "userDefined": false
      },
      {
        "text": "finish",
        "meta": "@sys.ignore",
        "userDefined": true
      },
      {
        "text": " my ",
        "userDefined": false
      },
      {
        "text": "Master of Engineering",
        "alias": "duration_course",
        "meta": "@duration_course",
        "userDefined": true
      },
      {
        "text": " in Mechanical?",
        "userDefined": false
      }
    ],
    "isTemplate": false,
    "count": 0,
    "updated": 0
  },
  {
    "id": "7774120e-1590-448f-8a18-890fa0bcf48e",
    "data": [
      {
        "text": "When can I expect to ",
        "userDefined": false
      },
      {
        "text": "complete",
        "meta": "@sys.ignore",
        "userDefined": false
      },
      {
        "text": " the ",
        "userDefined": false
      },
      {
        "text": "MAC",
        "alias": "duration_course",
        "meta": "@duration_course",
        "userDefined": true
      },
      {
        "text": " Program?",
        "userDefined": false
      }
    ],
    "isTemplate": false,
    "count": 0,
    "updated": 0
  },
  {
    "id": "b53e294c-3136-49d0-8049-05410a32ec5b",
    "data": [
      {
        "text": "What is the ",
        "userDefined": false
      },
      {
        "text": "duration",
        "meta": "@sys.ignore",
        "userDefined": false
      },
      {
        "text": " of completing ",
        "userDefined": false
      },
      {
        "text": "the",
        "meta": "@sys.ignore",
        "userDefined": false
      },
      {
        "text": " ",
        "userDefined": false
      },
      {
        "text": "Master of Applied Computing",
        "alias": "duration_course",
        "meta": "@duration_course",
        "userDefined": true
      },
      {
        "text": "?",
        "userDefined": false
      }
    ],
    "isTemplate": false,
    "count": 0,
    "updated": 0
  },
  {
    "id": "9d3e9e35-524c-44e7-bf33-075049ee1129",
    "data": [
      {
        "text": "How ",
        "userDefined": false
      },
      {
        "text": "long",
        "meta": "@sys.ignore",
        "userDefined": false
      },
      {
        "text": " does it take to ",
        "userDefined": false
      },
      {
        "text": "complete",
        "meta": "@sys.ignore",
        "userDefined": false
      },
      {
        "text": " the ",
        "userDefined": false
      },
      {
        "text": "Meng",
        "alias": "duration_course",
        "meta": "@duration_course",
        "userDefined": true
      },
      {
        "text": " program ",
        "userDefined": false
      },
      {
        "text": "in Mechanical",
        "meta": "@sys.ignore",
        "userDefined": false
      },
      {
        "text": "?",
        "userDefined": false
      }
    ],
    "isTemplate": false,
    "count": 0,
    "updated": 0
  },
  {
    "id": "c2d1afdf-a0a9-40b5-aa8d-71d1e690a308",
    "data": [
      {
        "text": "What is ",
        "userDefined": false
      },
      {
        "text": "the length",
        "meta": "@sys.ignore",
        "userDefined": false
      },
      {
        "text": " of the ",
        "userDefined": false
      },
      {
        "text": "course-based",
        "alias": "duration_course",
        "meta": "@duration_course",
        "userDefined": true
      },
      {
        "text": " ",
        "userDefined": false
      },
      {
        "text": "graduate program",
        "meta": "@sys.ignore",
        "userDefined": false
      },
      {
        "text": "?",
        "userDefined": false
      }
    ],
    "isTemplate": false,
    "count": 0,
    "updated": 0
  }
]