[
  {
    "id": "7b8fb948-5af8-4844-9f76-710447fdc887",
    "data": [
      {
        "text": "What is the ",
        "userDefined": false
      },
      {
        "text": "duration",
        "alias": "duration",
        "meta": "@duration",
        "userDefined": true
      },
      {
        "text": " of the Graduate courses offered in UOW?",
        "userDefined": false
      }
    ],
    "isTemplate": false,
    "count": 0,
    "updated": 0
  },
  {
    "id": "2734282c-59ff-4e1e-8c13-dd6bcac8c492",
    "data": [
      {
        "text": "What is the ",
        "userDefined": false
      },
      {
        "text": "length",
        "alias": "duration",
        "meta": "@duration",
        "userDefined": true
      },
      {
        "text": " of the Master\u0027s program?",
        "userDefined": false
      }
    ],
    "isTemplate": false,
    "count": 0,
    "updated": 0
  },
  {
    "id": "821c6dbc-5280-49de-98cc-82406d8fd0b3",
    "data": [
      {
        "text": "The ",
        "userDefined": false
      },
      {
        "text": "time",
        "alias": "duration",
        "meta": "@duration",
        "userDefined": true
      },
      {
        "text": " required for international students to complete graduation?",
        "userDefined": false
      }
    ],
    "isTemplate": false,
    "count": 0,
    "updated": 0
  },
  {
    "id": "1125d30d-a77f-4d53-b7f6-126eb90f5b04",
    "data": [
      {
        "text": "How ",
        "userDefined": false
      },
      {
        "text": "long",
        "alias": "duration",
        "meta": "@duration",
        "userDefined": true
      },
      {
        "text": " does it take to complete a master\u0027s at the University of Windsor?",
        "userDefined": false
      }
    ],
    "isTemplate": false,
    "count": 0,
    "updated": 0
  },
  {
    "id": "b1db60b4-e53b-4778-a2b8-c1ed49d16711",
    "data": [
      {
        "text": "What is the ",
        "userDefined": false
      },
      {
        "text": "duration",
        "alias": "duration",
        "meta": "@duration",
        "userDefined": true
      },
      {
        "text": " of completing a Masters\u0027s?",
        "userDefined": false
      }
    ],
    "isTemplate": false,
    "count": 0,
    "updated": 0
  },
  {
    "id": "0a60d1a9-95ca-453d-ae9b-c698b6e7fbe9",
    "data": [
      {
        "text": "Could you please help with the ",
        "userDefined": false
      },
      {
        "text": "completion period",
        "alias": "duration",
        "meta": "@duration",
        "userDefined": true
      },
      {
        "text": " of ",
        "userDefined": false
      },
      {
        "text": "the Masters\u0027s",
        "meta": "@sys.ignore",
        "userDefined": true
      },
      {
        "text": "?",
        "userDefined": false
      }
    ],
    "isTemplate": false,
    "count": 0,
    "updated": 0
  }
]