[
  {
    "id": "53aba852-8167-47cf-a349-0432372cbe86",
    "data": [
      {
        "text": "In the ",
        "userDefined": false
      },
      {
        "text": "Applied Computing",
        "alias": "num_sub_mac",
        "meta": "@num_sub_mac",
        "userDefined": true
      },
      {
        "text": " program, how many ",
        "userDefined": false
      },
      {
        "text": "courses",
        "meta": "@sys.ignore",
        "userDefined": false
      },
      {
        "text": " are available?",
        "userDefined": false
      }
    ],
    "isTemplate": false,
    "count": 0,
    "updated": 0
  },
  {
    "id": "458f0a5f-1240-4114-969a-c9287207670a",
    "data": [
      {
        "text": "Course-based",
        "alias": "num_sub_mac",
        "meta": "@num_sub_mac",
        "userDefined": true
      },
      {
        "text": " computer science ",
        "userDefined": false
      },
      {
        "text": "masters",
        "meta": "@sys.ignore",
        "userDefined": false
      },
      {
        "text": " consist of how many ",
        "userDefined": false
      },
      {
        "text": "courses",
        "meta": "@sys.ignore",
        "userDefined": false
      },
      {
        "text": "?",
        "userDefined": false
      }
    ],
    "isTemplate": false,
    "count": 0,
    "updated": 0
  },
  {
    "id": "b629de08-0ee1-45ec-ad91-eeb935f6f10f",
    "data": [
      {
        "text": "How many ",
        "userDefined": false
      },
      {
        "text": "subjects",
        "meta": "@sys.ignore",
        "userDefined": false
      },
      {
        "text": " does ",
        "userDefined": false
      },
      {
        "text": "MAC",
        "alias": "num_sub_mac",
        "meta": "@num_sub_mac",
        "userDefined": true
      },
      {
        "text": " offer?",
        "userDefined": false
      }
    ],
    "isTemplate": false,
    "count": 0,
    "updated": 0
  },
  {
    "id": "b9a3a353-91c2-4f31-a194-ae90cabad1ec",
    "data": [
      {
        "text": "For the ",
        "userDefined": false
      },
      {
        "text": "Masters of Applied Computing",
        "alias": "num_sub_mac",
        "meta": "@num_sub_mac",
        "userDefined": true
      },
      {
        "text": ", can I know the total number of ",
        "userDefined": false
      },
      {
        "text": "courses",
        "meta": "@sys.ignore",
        "userDefined": false
      },
      {
        "text": " I will have to take?",
        "userDefined": false
      }
    ],
    "isTemplate": false,
    "count": 0,
    "updated": 0
  },
  {
    "id": "4da2cee6-69ca-4746-8306-da33913b30cc",
    "data": [
      {
        "text": "What is the total number of ",
        "userDefined": false
      },
      {
        "text": "subjects",
        "meta": "@sys.ignore",
        "userDefined": false
      },
      {
        "text": " I can enroll myself in ",
        "userDefined": false
      },
      {
        "text": "Applied Computing",
        "alias": "num_sub_mac",
        "meta": "@num_sub_mac",
        "userDefined": true
      },
      {
        "text": "?",
        "userDefined": false
      }
    ],
    "isTemplate": false,
    "count": 0,
    "updated": 0
  }
]