[
  {
    "id": "fc64e5bf-2fd0-42fa-b9e6-104a06c28589",
    "data": [
      {
        "text": "what OS version do I have",
        "userDefined": false
      }
    ],
    "isTemplate": false,
    "count": 0,
    "lang": "en",
    "updated": 0
  },
  {
    "id": "42a03a8d-8e3b-4cad-bc95-0812f9bc3931",
    "data": [
      {
        "text": "check my OS",
        "userDefined": false
      }
    ],
    "isTemplate": false,
    "count": 0,
    "lang": "en",
    "updated": 0
  },
  {
    "id": "f2e3d3e1-9e17-4e49-be23-57416158d764",
    "data": [
      {
        "text": "my Android version",
        "userDefined": false
      }
    ],
    "isTemplate": false,
    "count": 0,
    "lang": "en",
    "updated": 0
  },
  {
    "id": "c0a794fd-b2cd-4a39-99a5-a65bb1507498",
    "data": [
      {
        "text": "what OS do I use",
        "userDefined": false
      }
    ],
    "isTemplate": false,
    "count": 0,
    "lang": "en",
    "updated": 0
  },
  {
    "id": "d09526e3-de03-4f14-92a1-c99170be8bd1",
    "data": [
      {
        "text": "check operational system",
        "userDefined": false
      }
    ],
    "isTemplate": false,
    "count": 0,
    "lang": "en",
    "updated": 0
  },
  {
    "id": "93218cd0-5834-4a24-bc5c-51696b2c5423",
    "data": [
      {
        "text": "check my iOS version",
        "userDefined": false
      }
    ],
    "isTemplate": false,
    "count": 0,
    "lang": "en",
    "updated": 0
  },
  {
    "id": "02cb1acc-cd5d-46dd-8e8f-83dbedaa832a",
    "data": [
      {
        "text": "what OS am I running",
        "userDefined": false
      }
    ],
    "isTemplate": false,
    "count": 0,
    "lang": "en",
    "updated": 0
  },
  {
    "id": "f4cf76c4-8e11-44d2-a03f-13cbe9eab74f",
    "data": [
      {
        "text": "what is my operational system",
        "userDefined": false
      }
    ],
    "isTemplate": false,
    "count": 0,
    "lang": "en",
    "updated": 0
  },
  {
    "id": "9398d152-fb73-4619-9e10-0f4f83a5dc4b",
    "data": [
      {
        "text": "check OS version",
        "userDefined": false
      }
    ],
    "isTemplate": false,
    "count": 0,
    "lang": "en",
    "updated": 0
  },
  {
    "id": "0f16bb33-a4e1-4132-a073-c33110e240ef",
    "data": [
      {
        "text": "what Andriod version do I have",
        "userDefined": false
      }
    ],
    "isTemplate": false,
    "count": 0,
    "lang": "en",
    "updated": 0
  },
  {
    "id": "79990b7d-0140-4503-a3ce-0829b26c8479",
    "data": [
      {
        "text": "software version",
        "userDefined": false
      }
    ],
    "isTemplate": false,
    "count": 0,
    "lang": "en",
    "updated": 0
  }
]