[
  {
    "id": "f30d15a6-f4e4-48ee-be2e-4bcf234a7156",
    "data": [
      {
        "text": "unlock the screen",
        "userDefined": false
      }
    ],
    "isTemplate": false,
    "count": 0,
    "lang": "en",
    "updated": 0
  },
  {
    "id": "88317d65-e282-467d-a769-2acf4d927791",
    "data": [
      {
        "text": "screen unlock",
        "userDefined": false
      }
    ],
    "isTemplate": false,
    "count": 0,
    "lang": "en",
    "updated": 0
  },
  {
    "id": "d4f94a37-2410-4e96-b97b-b95b84cc2833",
    "data": [
      {
        "text": "unlock the phone",
        "userDefined": false
      }
    ],
    "isTemplate": false,
    "count": 0,
    "lang": "en",
    "updated": 0
  },
  {
    "id": "ba1147c6-b10d-4a13-9aed-d0dcef2b2677",
    "data": [
      {
        "text": "turn off screen lock",
        "userDefined": false
      }
    ],
    "isTemplate": false,
    "count": 0,
    "lang": "en",
    "updated": 0
  },
  {
    "id": "ea22f500-f6b5-4d50-a067-ab61e67e9dda",
    "data": [
      {
        "text": "disable screen lock",
        "userDefined": false
      }
    ],
    "isTemplate": false,
    "count": 0,
    "lang": "en",
    "updated": 0
  },
  {
    "id": "ef2eaffa-6ea4-4b0c-94ee-8dde992bd31f",
    "data": [
      {
        "text": "unlock lock screen",
        "userDefined": false
      }
    ],
    "isTemplate": false,
    "count": 0,
    "lang": "en",
    "updated": 0
  },
  {
    "id": "eb5bc842-55f7-4415-bbaa-a0f557a0a8e3",
    "data": [
      {
        "text": "disable lock screen",
        "userDefined": false
      }
    ],
    "isTemplate": false,
    "count": 0,
    "lang": "en",
    "updated": 0
  },
  {
    "id": "271f7238-c2a5-4a66-8ccb-a7f7bcaabf15",
    "data": [
      {
        "text": "unlock the home screen",
        "userDefined": false
      }
    ],
    "isTemplate": false,
    "count": 0,
    "lang": "en",
    "updated": 0
  },
  {
    "id": "6460daac-93c6-437b-8181-119ec23688bc",
    "data": [
      {
        "text": "can you unlock the screen",
        "userDefined": false
      }
    ],
    "isTemplate": false,
    "count": 0,
    "lang": "en",
    "updated": 0
  },
  {
    "id": "74ce2c86-0ac4-4b79-a3f7-0e0f26daf6bc",
    "data": [
      {
        "text": "unlock my screen",
        "userDefined": false
      }
    ],
    "isTemplate": false,
    "count": 0,
    "lang": "en",
    "updated": 0
  }
]