[
  {
    "id": "7db6f656-18b9-4381-80be-e71e63c80253",
    "data": [
      {
        "text": "power saving mode",
        "meta": "@device-module",
        "alias": "module",
        "userDefined": false
      },
      {
        "text": " too",
        "userDefined": false
      }
    ],
    "isTemplate": false,
    "count": 0,
    "lang": "en",
    "updated": 0
  },
  {
    "id": "3c212075-27fd-4010-b5ea-d67081913cf9",
    "data": [
      {
        "text": "now",
        "meta": "@sys.ignore",
        "userDefined": false
      },
      {
        "text": " ",
        "userDefined": false
      },
      {
        "text": "silent mode",
        "meta": "@device-module",
        "alias": "module",
        "userDefined": true
      }
    ],
    "isTemplate": false,
    "count": 0,
    "lang": "en",
    "updated": 0
  },
  {
    "id": "8c6f7195-31f1-4c1c-832f-794f3cef1145",
    "data": [
      {
        "text": "Bluetooth",
        "meta": "@device-module",
        "alias": "module",
        "userDefined": false
      },
      {
        "text": " also",
        "userDefined": false
      }
    ],
    "isTemplate": false,
    "count": 0,
    "lang": "en",
    "updated": 0
  },
  {
    "id": "8984747f-22c9-451e-98e1-d83dd8be11ef",
    "data": [
      {
        "text": "also ",
        "userDefined": false
      },
      {
        "text": "WiFi",
        "meta": "@device-module",
        "alias": "module",
        "userDefined": false
      }
    ],
    "isTemplate": false,
    "count": 0,
    "lang": "en",
    "updated": 0
  },
  {
    "id": "8824ec28-b9a3-4982-86cd-3c2ddc99d72e",
    "data": [
      {
        "text": "mobile data",
        "meta": "@device-module",
        "alias": "module",
        "userDefined": true
      },
      {
        "text": " as ",
        "userDefined": false
      },
      {
        "text": "well",
        "meta": "@sys.ignore",
        "userDefined": false
      }
    ],
    "isTemplate": false,
    "count": 0,
    "lang": "en",
    "updated": 0
  },
  {
    "id": "04ef1f2a-5c5c-4875-84ef-6d07ecad8645",
    "data": [
      {
        "text": "GPS",
        "meta": "@device-module",
        "alias": "module",
        "userDefined": true
      },
      {
        "text": " as ",
        "userDefined": false
      },
      {
        "text": "well",
        "meta": "@sys.ignore",
        "userDefined": false
      }
    ],
    "isTemplate": false,
    "count": 0,
    "lang": "en",
    "updated": 0
  },
  {
    "id": "3582d127-61cb-4e78-b3c9-985fbacbe34b",
    "data": [
      {
        "text": "flight mode",
        "meta": "@device-module",
        "alias": "module",
        "userDefined": false
      },
      {
        "text": " ",
        "userDefined": false
      },
      {
        "text": "now",
        "meta": "@sys.ignore",
        "userDefined": false
      }
    ],
    "isTemplate": false,
    "count": 0,
    "lang": "en",
    "updated": 0
  }
]