[
  {
    "id": "aa7f937f-95ec-4997-9e91-5c511135eec3",
    "data": [
      {
        "text": "turn up the ",
        "userDefined": false
      },
      {
        "text": "volume",
        "meta": "@device-module",
        "alias": "module",
        "userDefined": true
      }
    ],
    "isTemplate": false,
    "count": 0,
    "lang": "en",
    "updated": 0
  },
  {
    "id": "6cf0a8dc-7cb1-4f8a-811b-4d154a089514",
    "data": [
      {
        "text": "connect ",
        "userDefined": false
      },
      {
        "text": "Wi-Fi",
        "meta": "@device-module",
        "alias": "module",
        "userDefined": false
      }
    ],
    "isTemplate": false,
    "count": 0,
    "lang": "en",
    "updated": 0
  },
  {
    "id": "193afca9-c20f-4147-9e7b-4b9e8bb45fa6",
    "data": [
      {
        "text": "turn ",
        "userDefined": false
      },
      {
        "text": "GPS",
        "meta": "@device-module",
        "alias": "module",
        "userDefined": true
      },
      {
        "text": " ",
        "userDefined": false
      },
      {
        "text": "on",
        "meta": "@sys.ignore",
        "userDefined": false
      }
    ],
    "isTemplate": false,
    "count": 0,
    "lang": "en",
    "updated": 0
  },
  {
    "id": "072c4826-8558-4fd0-91e1-d121d05218af",
    "data": [
      {
        "text": "activate ",
        "userDefined": false
      },
      {
        "text": "airplane mode",
        "meta": "@device-module",
        "alias": "module",
        "userDefined": false
      }
    ],
    "isTemplate": false,
    "count": 0,
    "lang": "en",
    "updated": 0
  },
  {
    "id": "58cdfcb8-ecd8-4dc9-9ee7-6b446084e786",
    "data": [
      {
        "text": "bring ",
        "userDefined": false
      },
      {
        "text": "on",
        "meta": "@sys.ignore",
        "userDefined": false
      },
      {
        "text": " the ",
        "userDefined": false
      },
      {
        "text": "Bluetooth",
        "meta": "@device-module",
        "alias": "module",
        "userDefined": false
      }
    ],
    "isTemplate": false,
    "count": 0,
    "lang": "en",
    "updated": 0
  },
  {
    "id": "21f4c72c-ad28-405d-8afa-b4a410b81384",
    "data": [
      {
        "text": "GPS",
        "meta": "@device-module",
        "alias": "module",
        "userDefined": true
      },
      {
        "text": " on now",
        "userDefined": false
      }
    ],
    "isTemplate": false,
    "count": 0,
    "lang": "en",
    "updated": 0
  },
  {
    "id": "6909d859-3a44-4c79-a5f7-1f172848fb45",
    "data": [
      {
        "text": "enable",
        "meta": "@sys.ignore",
        "userDefined": false
      },
      {
        "text": " ",
        "userDefined": false
      },
      {
        "text": "mobile data",
        "meta": "@device-module",
        "alias": "module",
        "userDefined": true
      }
    ],
    "isTemplate": false,
    "count": 0,
    "lang": "en",
    "updated": 0
  },
  {
    "id": "f656486e-2024-4268-aa32-5689264629f5",
    "data": [
      {
        "text": "vibration",
        "meta": "@device-module",
        "alias": "module",
        "userDefined": false
      },
      {
        "text": " ",
        "userDefined": false
      },
      {
        "text": "on",
        "meta": "@sys.ignore",
        "userDefined": false
      }
    ],
    "isTemplate": false,
    "count": 0,
    "lang": "en",
    "updated": 0
  },
  {
    "id": "60fdbe0d-ca0a-4379-aebf-b654099c86af",
    "data": [
      {
        "text": "from now on ",
        "userDefined": false
      },
      {
        "text": "GPS",
        "meta": "@device-module",
        "alias": "module",
        "userDefined": true
      },
      {
        "text": " on",
        "userDefined": false
      }
    ],
    "isTemplate": false,
    "count": 0,
    "lang": "en",
    "updated": 0
  },
  {
    "id": "ed281052-f233-49a1-b9e3-8858c463590f",
    "data": [
      {
        "text": "switch ",
        "userDefined": false
      },
      {
        "text": "airplane mode",
        "meta": "@device-module",
        "alias": "module",
        "userDefined": false
      },
      {
        "text": " ",
        "userDefined": false
      },
      {
        "text": "on",
        "meta": "@sys.ignore",
        "userDefined": false
      }
    ],
    "isTemplate": false,
    "count": 0,
    "lang": "en",
    "updated": 0
  },
  {
    "id": "6706b971-45d9-4951-a6f7-c4d8fd1d7aa7",
    "data": [
      {
        "text": "put my phone ",
        "userDefined": false
      },
      {
        "text": "on",
        "meta": "@sys.ignore",
        "userDefined": false
      },
      {
        "text": " ",
        "userDefined": false
      },
      {
        "text": "silent",
        "meta": "@device-module",
        "alias": "module",
        "userDefined": false
      }
    ],
    "isTemplate": false,
    "count": 0,
    "lang": "en",
    "updated": 0
  }
]