[
  {
    "id": "4a5e4f56-0d73-4905-938a-64fe5295e230",
    "data": [
      {
        "text": "what is my battery percentage",
        "userDefined": false
      }
    ],
    "isTemplate": false,
    "count": 0,
    "lang": "en",
    "updated": 0
  },
  {
    "id": "4c2c5638-edcc-4968-89f0-cd8d1219373d",
    "data": [
      {
        "text": "check battery level",
        "userDefined": false
      }
    ],
    "isTemplate": false,
    "count": 0,
    "lang": "en",
    "updated": 0
  },
  {
    "id": "a9e828b4-d4bd-4e48-a116-d8f41f7720f8",
    "data": [
      {
        "text": "do I need to charge my battery",
        "userDefined": false
      }
    ],
    "isTemplate": false,
    "count": 0,
    "lang": "en",
    "updated": 0
  },
  {
    "id": "6b9fd68c-10b5-4cef-a1e6-1215c21f786c",
    "data": [
      {
        "text": "how much battery do I have",
        "userDefined": false
      }
    ],
    "isTemplate": false,
    "count": 0,
    "lang": "en",
    "updated": 0
  },
  {
    "id": "b6291aa6-1127-470f-b846-40598a4baecf",
    "data": [
      {
        "text": "can you check my battery",
        "userDefined": false
      }
    ],
    "isTemplate": false,
    "count": 0,
    "lang": "en",
    "updated": 0
  },
  {
    "id": "e6253904-8943-4600-b789-43415888b141",
    "data": [
      {
        "text": "how low is my battery",
        "userDefined": false
      }
    ],
    "isTemplate": false,
    "count": 0,
    "lang": "en",
    "updated": 0
  },
  {
    "id": "0b84fde5-4734-4e62-9b6a-184dab0dd717",
    "data": [
      {
        "text": "battery monitor",
        "userDefined": false
      }
    ],
    "isTemplate": false,
    "count": 0,
    "lang": "en",
    "updated": 0
  },
  {
    "id": "fa3e2e05-b990-4aec-b766-28623471b3a1",
    "data": [
      {
        "text": "how is my battery",
        "userDefined": false
      }
    ],
    "isTemplate": false,
    "count": 0,
    "lang": "en",
    "updated": 0
  },
  {
    "id": "7a3e8e61-5a23-4346-82e3-ebea18d3c2ef",
    "data": [
      {
        "text": "how much battery I got left",
        "userDefined": false
      }
    ],
    "isTemplate": false,
    "count": 0,
    "lang": "en",
    "updated": 0
  },
  {
    "id": "73b3401d-16b1-4a1a-90a6-1035bc87a706",
    "data": [
      {
        "text": "battery life",
        "userDefined": false
      }
    ],
    "isTemplate": false,
    "count": 0,
    "lang": "en",
    "updated": 0
  },
  {
    "id": "bb6ae82e-65d3-49d4-8a0b-d8a12eaed5d5",
    "data": [
      {
        "text": "how full is my battery",
        "userDefined": false
      }
    ],
    "isTemplate": false,
    "count": 0,
    "lang": "en",
    "updated": 0
  },
  {
    "id": "2b0f7f8c-631e-4152-ba70-b1b5205fc0a3",
    "data": [
      {
        "text": "what\u0027s my battery charge",
        "userDefined": false
      }
    ],
    "isTemplate": false,
    "count": 0,
    "lang": "en",
    "updated": 0
  },
  {
    "id": "ad036f27-5549-4353-914e-4376f8129466",
    "data": [
      {
        "text": "is the battery charged",
        "userDefined": false
      }
    ],
    "isTemplate": false,
    "count": 0,
    "lang": "en",
    "updated": 0
  },
  {
    "id": "633581d9-b0c8-4b94-8b71-3ce68a4ab6cf",
    "data": [
      {
        "text": "show my battery percentage",
        "userDefined": false
      }
    ],
    "isTemplate": false,
    "count": 0,
    "lang": "en",
    "updated": 0
  },
  {
    "id": "677e501f-f6d1-4504-ae1b-17b671581ce6",
    "data": [
      {
        "text": "how much battery power do I have",
        "userDefined": false
      }
    ],
    "isTemplate": false,
    "count": 0,
    "lang": "en",
    "updated": 0
  },
  {
    "id": "4f61c4aa-cab6-4412-888a-e53c5ff14fff",
    "data": [
      {
        "text": "what\u0027s my battery level",
        "userDefined": false
      }
    ],
    "isTemplate": false,
    "count": 0,
    "lang": "en",
    "updated": 0
  },
  {
    "id": "c72bf1fe-f0d9-4dd3-89d7-3a1ad18cc70c",
    "data": [
      {
        "text": "battery status",
        "userDefined": false
      }
    ],
    "isTemplate": false,
    "count": 0,
    "lang": "en",
    "updated": 0
  },
  {
    "id": "412b0be0-07cd-43ac-bb7e-ca404db212a4",
    "data": [
      {
        "text": "battery level",
        "userDefined": false
      }
    ],
    "isTemplate": false,
    "count": 0,
    "lang": "en",
    "updated": 0
  },
  {
    "id": "dbcab560-5f5a-48b0-ae35-85a7480cb795",
    "data": [
      {
        "text": "is my battery low",
        "userDefined": false
      }
    ],
    "isTemplate": false,
    "count": 0,
    "lang": "en",
    "updated": 0
  },
  {
    "id": "2ef34b03-e056-4084-88eb-550a9ce3a834",
    "data": [
      {
        "text": "do I need to recharge",
        "userDefined": false
      }
    ],
    "isTemplate": false,
    "count": 0,
    "lang": "en",
    "updated": 0
  },
  {
    "id": "4a53f93b-311c-4bc8-85d0-bc3d63ae4839",
    "data": [
      {
        "text": "how much battery is remaining",
        "userDefined": false
      }
    ],
    "isTemplate": false,
    "count": 0,
    "lang": "en",
    "updated": 0
  }
]