[
  {
    "id": "5265537a-b68d-4f67-b657-a3ec131b1849",
    "data": [
      {
        "text": "how much space is left",
        "userDefined": false
      }
    ],
    "isTemplate": false,
    "count": 0,
    "lang": "en",
    "updated": 0
  },
  {
    "id": "26c324b8-4b23-41ef-be34-2f3f1041b0ae",
    "data": [
      {
        "text": "do I have enough space",
        "userDefined": false
      }
    ],
    "isTemplate": false,
    "count": 0,
    "lang": "en",
    "updated": 0
  },
  {
    "id": "b6002091-2e6c-4982-ac17-daefb376fa8a",
    "data": [
      {
        "text": "how much space do I have left",
        "userDefined": false
      }
    ],
    "isTemplate": false,
    "count": 0,
    "lang": "en",
    "updated": 0
  },
  {
    "id": "5bcb715f-0b79-4bfb-a146-2bbf5585242a",
    "data": [
      {
        "text": "check device memory",
        "userDefined": false
      }
    ],
    "isTemplate": false,
    "count": 0,
    "lang": "en",
    "updated": 0
  },
  {
    "id": "a102e90f-6b51-41e1-97c1-1b1e05cd2fca",
    "data": [
      {
        "text": "memory left",
        "userDefined": false
      }
    ],
    "isTemplate": false,
    "count": 0,
    "lang": "en",
    "updated": 0
  },
  {
    "id": "322fa816-8c82-4dc9-817c-27b13159146b",
    "data": [
      {
        "text": "how much ",
        "userDefined": false
      },
      {
        "text": "space",
        "meta": "@sys.ignore",
        "userDefined": true
      },
      {
        "text": " is ",
        "userDefined": false
      },
      {
        "text": "left",
        "meta": "@sys.ignore",
        "userDefined": true
      }
    ],
    "isTemplate": false,
    "count": 0,
    "lang": "en",
    "updated": 0
  },
  {
    "id": "f17f0cc6-2c8c-44c7-ace0-736c300cc2cc",
    "data": [
      {
        "text": "device memory capacity",
        "userDefined": false
      }
    ],
    "isTemplate": false,
    "count": 0,
    "lang": "en",
    "updated": 0
  },
  {
    "id": "660453ac-9651-4d3b-a1bc-79e3343e4ce4",
    "data": [
      {
        "text": "check storage space on my device",
        "userDefined": false
      }
    ],
    "isTemplate": false,
    "count": 0,
    "lang": "en",
    "updated": 0
  },
  {
    "id": "7ca5d2e3-2f05-46f6-bdb8-984333d0c75e",
    "data": [
      {
        "text": "how is my storage place",
        "userDefined": false
      }
    ],
    "isTemplate": false,
    "count": 0,
    "lang": "en",
    "updated": 0
  },
  {
    "id": "f9a9e548-9ec1-410f-acdd-d8f81f41630e",
    "data": [
      {
        "text": "space left on my device",
        "userDefined": false
      }
    ],
    "isTemplate": false,
    "count": 0,
    "lang": "en",
    "updated": 0
  },
  {
    "id": "706d88b0-2f84-40be-add6-afe7bf717562",
    "data": [
      {
        "text": "how much free memory do I have",
        "userDefined": false
      }
    ],
    "isTemplate": false,
    "count": 0,
    "lang": "en",
    "updated": 0
  },
  {
    "id": "ed0e9829-3bc7-4dbd-81c8-5a320eb85ab6",
    "data": [
      {
        "text": "check available space on my device",
        "userDefined": false
      }
    ],
    "isTemplate": false,
    "count": 0,
    "lang": "en",
    "updated": 0
  },
  {
    "id": "774b4e59-ef8c-4e89-a6de-10a852d1fac2",
    "data": [
      {
        "text": "device memory check",
        "userDefined": false
      }
    ],
    "isTemplate": false,
    "count": 0,
    "lang": "en",
    "updated": 0
  }
]