[
  {
    "id": "73b374e8-b882-466b-86a8-d297e0190d89",
    "data": [
      {
        "text": "is my ",
        "userDefined": false
      },
      {
        "text": "mobile",
        "meta": "@device-module",
        "alias": "module",
        "userDefined": false
      },
      {
        "text": " data ",
        "userDefined": false
      },
      {
        "text": "enabled",
        "meta": "@device-action",
        "alias": "action",
        "userDefined": true
      }
    ],
    "isTemplate": false,
    "count": 0,
    "lang": "en",
    "updated": 0
  },
  {
    "id": "17e44c59-324c-472e-97b2-ac77e606bab8",
    "data": [
      {
        "text": "tell me if the ",
        "userDefined": false
      },
      {
        "text": "flight mode",
        "meta": "@device-module",
        "alias": "module",
        "userDefined": false
      },
      {
        "text": " is ",
        "userDefined": false
      },
      {
        "text": "on",
        "meta": "@device-action",
        "alias": "action",
        "userDefined": true
      }
    ],
    "isTemplate": false,
    "count": 0,
    "lang": "en",
    "updated": 0
  },
  {
    "id": "e4506b89-f078-40fa-bc87-aa2aa9ac498e",
    "data": [
      {
        "text": "is my ",
        "userDefined": false
      },
      {
        "text": "Bluetooth",
        "meta": "@device-module",
        "alias": "module",
        "userDefined": false
      },
      {
        "text": " ",
        "userDefined": false
      },
      {
        "text": "activated",
        "meta": "@device-action",
        "alias": "action",
        "userDefined": true
      }
    ],
    "isTemplate": false,
    "count": 0,
    "lang": "en",
    "updated": 0
  },
  {
    "id": "499ef747-f477-4246-8e21-0e92970c7bd4",
    "data": [
      {
        "text": "check ",
        "userDefined": false
      },
      {
        "text": "Wi-Fi",
        "meta": "@device-module",
        "alias": "module",
        "userDefined": false
      },
      {
        "text": " connection",
        "userDefined": false
      }
    ],
    "isTemplate": false,
    "count": 0,
    "lang": "en",
    "updated": 0
  },
  {
    "id": "e0ffca80-722e-485a-bc1d-b79b410dfb11",
    "data": [
      {
        "text": "is ",
        "userDefined": false
      },
      {
        "text": "GPS",
        "meta": "@device-module",
        "alias": "module",
        "userDefined": true
      },
      {
        "text": " ",
        "userDefined": false
      },
      {
        "text": "off",
        "meta": "@device-action",
        "alias": "action",
        "userDefined": true
      }
    ],
    "isTemplate": false,
    "count": 0,
    "lang": "en",
    "updated": 0
  },
  {
    "id": "8ce69989-3e7f-4340-81bd-654f19f6c598",
    "data": [
      {
        "text": "is my ",
        "userDefined": false
      },
      {
        "text": "GPS",
        "meta": "@device-module",
        "alias": "module",
        "userDefined": false
      },
      {
        "text": " ",
        "userDefined": false
      },
      {
        "text": "working",
        "meta": "@device-action",
        "alias": "action",
        "userDefined": true
      }
    ],
    "isTemplate": false,
    "count": 0,
    "lang": "en",
    "updated": 0
  },
  {
    "id": "80e0ef93-4dc0-4a53-9bbd-a3d630e5aa37",
    "data": [
      {
        "text": "is my ",
        "userDefined": false
      },
      {
        "text": "GPS",
        "meta": "@device-module",
        "alias": "module",
        "userDefined": true
      },
      {
        "text": " ",
        "userDefined": false
      },
      {
        "text": "on",
        "meta": "@device-action",
        "alias": "action",
        "userDefined": true
      }
    ],
    "isTemplate": false,
    "count": 1,
    "lang": "en",
    "updated": 0
  },
  {
    "id": "734e2363-9231-41ae-ad44-a1f6b727fe10",
    "data": [
      {
        "text": "is my phone in ",
        "userDefined": false
      },
      {
        "text": "silent mode",
        "meta": "@device-module",
        "alias": "module",
        "userDefined": false
      }
    ],
    "isTemplate": false,
    "count": 0,
    "lang": "en",
    "updated": 0
  },
  {
    "id": "ecb66eb7-e1a7-46ad-a34b-cb046ad51f5e",
    "data": [
      {
        "text": "check if ",
        "userDefined": false
      },
      {
        "text": "Bluetooth",
        "meta": "@device-module",
        "alias": "module",
        "userDefined": false
      },
      {
        "text": " is ",
        "userDefined": false
      },
      {
        "text": "switched on",
        "meta": "@device-action",
        "alias": "action",
        "userDefined": true
      }
    ],
    "isTemplate": false,
    "count": 0,
    "lang": "en",
    "updated": 0
  }
]