[
  {
    "id": "fa5f7a56-0616-4475-937c-500e160c2191",
    "data": [
      {
        "text": "lock the home screen",
        "userDefined": false
      }
    ],
    "isTemplate": false,
    "count": 0,
    "lang": "en",
    "updated": 0
  },
  {
    "id": "e747a17c-e7d9-4fea-b222-da63b7a878bd",
    "data": [
      {
        "text": "set screen lock",
        "userDefined": false
      }
    ],
    "isTemplate": false,
    "count": 0,
    "lang": "en",
    "updated": 0
  },
  {
    "id": "934a9f88-2bb6-4b55-ac75-c45f84963007",
    "data": [
      {
        "text": " lock the screen",
        "userDefined": false
      }
    ],
    "isTemplate": false,
    "count": 0,
    "lang": "en",
    "updated": 0
  },
  {
    "id": "07b6e66c-31f8-480a-8e71-d0304d331e21",
    "data": [
      {
        "text": "activate lock screen",
        "userDefined": false
      }
    ],
    "isTemplate": false,
    "count": 0,
    "lang": "en",
    "updated": 0
  },
  {
    "id": "41cbd23b-cc23-4ab9-8007-4fc0f573b14f",
    "data": [
      {
        "text": "can you lock my phone",
        "userDefined": false
      }
    ],
    "isTemplate": false,
    "count": 0,
    "lang": "en",
    "updated": 0
  },
  {
    "id": "b83cee8d-2c0a-4f36-9372-5fb6bd919289",
    "data": [
      {
        "text": "take me to my lock screen",
        "userDefined": false
      }
    ],
    "isTemplate": false,
    "count": 0,
    "lang": "en",
    "updated": 0
  },
  {
    "id": "0c1c6d98-d080-4297-bdee-69c8692c2ce8",
    "data": [
      {
        "text": "screen lock",
        "userDefined": false
      }
    ],
    "isTemplate": false,
    "count": 0,
    "lang": "en",
    "updated": 0
  },
  {
    "id": "58312ce6-bfda-43a8-af61-603b4ba6bea8",
    "data": [
      {
        "text": "open the screen lock",
        "userDefined": false
      }
    ],
    "isTemplate": false,
    "count": 0,
    "lang": "en",
    "updated": 0
  },
  {
    "id": "a939c3f0-e518-49cd-88ca-bc47cd18b8bc",
    "data": [
      {
        "text": "turn ",
        "userDefined": false
      },
      {
        "text": "on",
        "meta": "@sys.ignore",
        "userDefined": false
      },
      {
        "text": " lock screen",
        "userDefined": false
      }
    ],
    "isTemplate": false,
    "count": 0,
    "lang": "en",
    "updated": 0
  }
]