[
  {
    "id": "648e551b-b6c9-497b-aa90-136a1513a8ab",
    "data": [
      {
        "text": "check ",
        "userDefined": false
      },
      {
        "text": "all",
        "meta": "@all",
        "alias": "all",
        "userDefined": false
      }
    ],
    "isTemplate": false,
    "count": 0,
    "lang": "en",
    "updated": 0
  },
  {
    "id": "f1885e01-e343-4a50-8e36-762f7b4334ec",
    "data": [
      {
        "text": "for ",
        "userDefined": false
      },
      {
        "text": "every day",
        "meta": "@recurrence",
        "alias": "recurrence",
        "userDefined": false
      },
      {
        "text": " as ",
        "userDefined": false
      },
      {
        "text": "well",
        "meta": "@sys.ignore",
        "userDefined": false
      }
    ],
    "isTemplate": false,
    "count": 0,
    "lang": "en",
    "updated": 0
  },
  {
    "id": "aec86b48-056a-488c-8ca7-1cc6e5abdadf",
    "data": [
      {
        "text": "and for ",
        "userDefined": false
      },
      {
        "text": "every Monday",
        "meta": "@recurrence",
        "alias": "recurrence",
        "userDefined": true
      }
    ],
    "isTemplate": false,
    "count": 0,
    "lang": "en",
    "updated": 0
  },
  {
    "id": "01ecbf7c-146a-4fad-8248-0aebd72c4574",
    "data": [
      {
        "text": "and the one for ",
        "userDefined": false
      },
      {
        "text": "tomorrow",
        "meta": "@sys.date",
        "alias": "date",
        "userDefined": true
      }
    ],
    "isTemplate": false,
    "count": 0,
    "lang": "en",
    "updated": 0
  },
  {
    "id": "c0081b9a-570e-4e12-be90-0d6eb8c6e915",
    "data": [
      {
        "text": "and for ",
        "userDefined": false
      },
      {
        "text": "9 am",
        "meta": "@sys.time",
        "alias": "time",
        "userDefined": false
      }
    ],
    "isTemplate": false,
    "count": 0,
    "lang": "en",
    "updated": 0
  }
]