[
  {
    "id": "ab3e6dce-9a4a-4cb0-b18d-4d452909cffb",
    "data": [
      {
        "text": "another one",
        "userDefined": false
      }
    ],
    "isTemplate": false,
    "count": 0,
    "lang": "en",
    "updated": 0
  },
  {
    "id": "9e3b6c06-7b7a-4f34-985a-5c2d693b3226",
    "data": [
      {
        "text": "set another one for ",
        "userDefined": false
      },
      {
        "text": "every day",
        "meta": "@recurrence",
        "alias": "recurrence",
        "userDefined": true
      }
    ],
    "isTemplate": false,
    "count": 0,
    "lang": "en",
    "updated": 0
  },
  {
    "id": "0217dc0b-8d81-48d0-ba30-bf932d5afca9",
    "data": [
      {
        "text": "set another one",
        "userDefined": false
      }
    ],
    "isTemplate": false,
    "count": 0,
    "lang": "en",
    "updated": 0
  },
  {
    "id": "3b1813c9-f022-4c34-aabc-3550cde100bc",
    "data": [
      {
        "text": "another",
        "meta": "@sys.ignore",
        "userDefined": false
      },
      {
        "text": " for ",
        "userDefined": false
      },
      {
        "text": "every Monday",
        "meta": "@recurrence",
        "alias": "recurrence",
        "userDefined": false
      }
    ],
    "isTemplate": false,
    "count": 0,
    "lang": "en",
    "updated": 0
  },
  {
    "id": "96b59dbc-719b-4702-b4c0-ceb1162322c9",
    "data": [
      {
        "text": "another ",
        "userDefined": false
      },
      {
        "text": "one",
        "meta": "@sys.ignore",
        "userDefined": false
      },
      {
        "text": " for ",
        "userDefined": false
      },
      {
        "text": "10 am",
        "meta": "@sys.time",
        "alias": "time",
        "userDefined": false
      }
    ],
    "isTemplate": false,
    "count": 0,
    "lang": "en",
    "updated": 0
  },
  {
    "id": "a1462275-4d24-4e97-8d19-ae5e215e0695",
    "data": [
      {
        "text": "and for ",
        "userDefined": false
      },
      {
        "text": "Sunday",
        "meta": "@sys.date",
        "alias": "date",
        "userDefined": true
      },
      {
        "text": " at ",
        "userDefined": false
      },
      {
        "text": "8 am",
        "meta": "@sys.time",
        "alias": "time",
        "userDefined": true
      }
    ],
    "isTemplate": false,
    "count": 0,
    "lang": "en",
    "updated": 0
  },
  {
    "id": "71d84ea5-6008-4e48-b0df-333c5ef9c038",
    "data": [
      {
        "text": "another one for ",
        "userDefined": false
      },
      {
        "text": "tomorrow",
        "meta": "@sys.date",
        "alias": "date",
        "userDefined": true
      }
    ],
    "isTemplate": false,
    "count": 0,
    "lang": "en",
    "updated": 0
  }
]