[
  {
    "id": "2cb756dc-2f54-41cb-b4ca-11cfb9130c3a",
    "data": [
      {
        "text": "bye!",
        "userDefined": false
      }
    ],
    "isTemplate": false,
    "count": 1
  },
  {
    "id": "b0058eee-d2c4-486b-b2ad-eeb455e568ef",
    "data": [
      {
        "text": "goodbye",
        "userDefined": false
      }
    ],
    "isTemplate": false,
    "count": 0
  },
  {
    "id": "915a08fe-57e1-4280-ba39-d3fd15f363fc",
    "data": [
      {
        "text": "goodbye!",
        "userDefined": false
      }
    ],
    "isTemplate": false,
    "count": 0
  },
  {
    "id": "3f8decec-66c8-443f-b351-55cfc91ce9c6",
    "data": [
      {
        "text": "see ya",
        "userDefined": false
      }
    ],
    "isTemplate": false,
    "count": 0
  },
  {
    "id": "9d52f1e1-72cb-49dc-9b46-97b7122cc3ba",
    "data": [
      {
        "text": "bye",
        "userDefined": false
      }
    ],
    "isTemplate": false,
    "count": 0
  }
]