[
  {
    "value": "1",
    "synonyms": [
      "1",
      "one",
      "level one"
    ]
  },
  {
    "value": "2",
    "synonyms": [
      "2",
      "two",
      "level two"
    ]
  },
  {
    "value": "3",
    "synonyms": [
      "3",
      "three",
      "level three"
    ]
  },
  {
    "value": "4",
    "synonyms": [
      "4",
      "four",
      "level four"
    ]
  },
  {
    "value": "5",
    "synonyms": [
      "5",
      "five",
      "level five"
    ]
  },
  {
    "value": "0",
    "synonyms": [
      "0",
      "zero",
      "level zero"
    ]
  }
]