[
  {
    "id": "06b9cd9a-7bcd-41d3-8a73-fa7e3caa65c6",
    "data": [
      {
        "text": "don\u0027t use ",
        "userDefined": false
      },
      {
        "text": "miles",
        "meta": "@sys.unit-length-name",
        "alias": "unit",
        "userDefined": true
      }
    ],
    "isTemplate": false,
    "count": 0,
    "lang": "en",
    "updated": 0
  },
  {
    "id": "392c489e-5057-4430-9fe3-e7d22737dc6b",
    "data": [
      {
        "text": "don\u0027t show me distance in ",
        "userDefined": false
      },
      {
        "text": "miles",
        "meta": "@sys.unit-length-name",
        "alias": "unit",
        "userDefined": true
      }
    ],
    "isTemplate": false,
    "count": 0,
    "lang": "en",
    "updated": 0
  },
  {
    "id": "5f7af6b0-9a7d-4c48-a0c8-0765186e96cc",
    "data": [
      {
        "text": "stop using ",
        "userDefined": false
      },
      {
        "text": "kilometres",
        "meta": "@sys.unit-length-name",
        "alias": "unit",
        "userDefined": true
      }
    ],
    "isTemplate": false,
    "count": 0,
    "lang": "en",
    "updated": 0
  },
  {
    "id": "2f4420a7-75a6-425d-87f2-4dad7828a0b4",
    "data": [
      {
        "text": "stop using ",
        "userDefined": false
      },
      {
        "text": "miles",
        "meta": "@sys.unit-length-name",
        "alias": "unit",
        "userDefined": true
      },
      {
        "text": " for length measurement",
        "userDefined": false
      }
    ],
    "isTemplate": false,
    "count": 0,
    "lang": "en",
    "updated": 0
  },
  {
    "id": "188e2059-a393-4767-9b29-55f075d3203e",
    "data": [
      {
        "text": "unset ",
        "userDefined": false
      },
      {
        "text": "kilometres",
        "meta": "@sys.unit-length-name",
        "alias": "unit",
        "userDefined": true
      },
      {
        "text": " as default length format",
        "userDefined": false
      }
    ],
    "isTemplate": false,
    "count": 0,
    "lang": "en",
    "updated": 0
  },
  {
    "id": "b5fd2966-bcde-4fb4-9923-6d5c16ef1408",
    "data": [
      {
        "text": "change the length format",
        "userDefined": false
      }
    ],
    "isTemplate": false,
    "count": 0,
    "lang": "en",
    "updated": 0
  },
  {
    "id": "44060958-a102-475b-8c02-ebcd6355ea50",
    "data": [
      {
        "text": "don\u0027t provide me distance in ",
        "userDefined": false
      },
      {
        "text": "kilometres",
        "meta": "@sys.unit-length-name",
        "alias": "unit",
        "userDefined": true
      }
    ],
    "isTemplate": false,
    "count": 0,
    "lang": "en",
    "updated": 0
  }
]