[
  {
    "id": "39b55d18-57cf-4027-9e90-87847cf6d9fa",
    "data": [
      {
        "text": "stop using metric system",
        "userDefined": false
      }
    ],
    "isTemplate": false,
    "count": 0,
    "lang": "en",
    "updated": 0
  },
  {
    "id": "f0a79653-5cc0-4aa4-aa26-38dd9832cd19",
    "data": [
      {
        "text": "turn off metric units system",
        "userDefined": false
      }
    ],
    "isTemplate": false,
    "count": 0,
    "lang": "en",
    "updated": 0
  },
  {
    "id": "b60431c1-6967-4147-a245-a3e6481eca2f",
    "data": [
      {
        "text": "I don\u0027t want to use metric units of measurement",
        "userDefined": false
      }
    ],
    "isTemplate": false,
    "count": 0,
    "lang": "en",
    "updated": 0
  },
  {
    "id": "d963bb61-0497-4245-9e9f-703de6b15f33",
    "data": [
      {
        "text": "don\u0027t use metric units",
        "userDefined": false
      }
    ],
    "isTemplate": false,
    "count": 0,
    "lang": "en",
    "updated": 0
  }
]