[
  {
    "id": "61ae333d-c6d0-4379-a1b7-d71bf898191a",
    "data": [
      {
        "text": "use ",
        "userDefined": false
      },
      {
        "text": "miles",
        "meta": "@sys.unit-length-name",
        "alias": "unit",
        "userDefined": true
      }
    ],
    "isTemplate": false,
    "count": 0,
    "lang": "en",
    "updated": 0
  },
  {
    "id": "508156a7-fe52-4809-8c2b-327d792739d7",
    "data": [
      {
        "text": "I\u0027d like you to use ",
        "userDefined": false
      },
      {
        "text": "kilometres",
        "meta": "@sys.unit-length-name",
        "alias": "unit",
        "userDefined": true
      }
    ],
    "isTemplate": false,
    "count": 0,
    "lang": "en",
    "updated": 0
  },
  {
    "id": "8f210650-1524-4a74-914f-c7cf345cbf60",
    "data": [
      {
        "text": "set ",
        "userDefined": false
      },
      {
        "text": "kilometres",
        "meta": "@sys.unit-length-name",
        "alias": "unit",
        "userDefined": true
      },
      {
        "text": " as default length format",
        "userDefined": false
      }
    ],
    "isTemplate": false,
    "count": 0,
    "lang": "en",
    "updated": 0
  },
  {
    "id": "0604d3bb-b52a-42fb-84e1-e65a00634835",
    "data": [
      {
        "text": "use ",
        "userDefined": false
      },
      {
        "text": "miles",
        "meta": "@sys.unit-length-name",
        "alias": "unit",
        "userDefined": true
      },
      {
        "text": " for length measurement",
        "userDefined": false
      }
    ],
    "isTemplate": false,
    "count": 0,
    "lang": "en",
    "updated": 0
  },
  {
    "id": "72cc860b-a890-4b23-9836-e77a1277cd63",
    "data": [
      {
        "text": "set length format",
        "userDefined": false
      }
    ],
    "isTemplate": false,
    "count": 0,
    "lang": "en",
    "updated": 0
  },
  {
    "id": "b0b09504-39fb-4387-b57e-8b17bb815b6f",
    "data": [
      {
        "text": "show me distance in ",
        "userDefined": false
      },
      {
        "text": "miles",
        "meta": "@sys.unit-length-name",
        "alias": "unit",
        "userDefined": true
      }
    ],
    "isTemplate": false,
    "count": 0,
    "lang": "en",
    "updated": 0
  },
  {
    "id": "bfa70d4a-c7ec-4696-b32f-f778a8f156d4",
    "data": [
      {
        "text": "provide me distance in ",
        "userDefined": false
      },
      {
        "text": "kilometres",
        "meta": "@sys.unit-length-name",
        "alias": "unit",
        "userDefined": true
      }
    ],
    "isTemplate": false,
    "count": 0,
    "lang": "en",
    "updated": 0
  }
]