[
  {
    "id": "c709df63-00b7-439e-97e9-2271282fe633",
    "data": [
      {
        "text": "provide me weight measurements in ",
        "userDefined": false
      },
      {
        "text": "grams",
        "meta": "@sys.unit-weight-name",
        "alias": "unit",
        "userDefined": true
      }
    ],
    "isTemplate": false,
    "count": 0,
    "lang": "en",
    "updated": 0
  },
  {
    "id": "d4c16589-ada5-4b9e-a663-3f76517aac3c",
    "data": [
      {
        "text": "I\u0027d like to use ",
        "userDefined": false
      },
      {
        "text": "pounds",
        "meta": "@sys.unit-weight-name",
        "alias": "unit",
        "userDefined": true
      }
    ],
    "isTemplate": false,
    "count": 0,
    "lang": "en",
    "updated": 0
  },
  {
    "id": "0f448bf9-458f-44fc-b241-cb054e377ef1",
    "data": [
      {
        "text": "use ",
        "userDefined": false
      },
      {
        "text": "kilograms",
        "meta": "@sys.unit-weight-name",
        "alias": "unit",
        "userDefined": true
      }
    ],
    "isTemplate": false,
    "count": 0,
    "lang": "en",
    "updated": 0
  },
  {
    "id": "d449b621-f062-4175-a260-23e148a70ca1",
    "data": [
      {
        "text": "set weight format",
        "userDefined": false
      }
    ],
    "isTemplate": false,
    "count": 0,
    "lang": "en",
    "updated": 0
  },
  {
    "id": "07c18f22-de54-47b1-bba0-424932cdda82",
    "data": [
      {
        "text": "use ",
        "userDefined": false
      },
      {
        "text": "kilograms",
        "meta": "@sys.unit-weight-name",
        "alias": "unit",
        "userDefined": true
      },
      {
        "text": " as weight units",
        "userDefined": false
      }
    ],
    "isTemplate": false,
    "count": 0,
    "lang": "en",
    "updated": 0
  },
  {
    "id": "e8151c83-dfce-4e89-8f56-ceed85aa9094",
    "data": [
      {
        "text": "switch units format to ",
        "userDefined": false
      },
      {
        "text": "grams",
        "meta": "@sys.unit-weight-name",
        "alias": "unit",
        "userDefined": true
      }
    ],
    "isTemplate": false,
    "count": 0,
    "lang": "en",
    "updated": 0
  }
]