[
  {
    "id": "e62aefc0-f4d0-4e29-9f2b-c3ab6904172f",
    "data": [
      {
        "text": "unset degrees ",
        "userDefined": false
      },
      {
        "text": "Celsius",
        "meta": "@unit-temperature",
        "alias": "unit",
        "userDefined": true
      },
      {
        "text": " as default temperature format",
        "userDefined": false
      }
    ],
    "isTemplate": false,
    "count": 0,
    "lang": "en",
    "updated": 0
  },
  {
    "id": "ae2534be-701e-44b0-b3db-c52502cb20cb",
    "data": [
      {
        "text": "stop showing me temperatures in ",
        "userDefined": false
      },
      {
        "text": "Fahrenheit",
        "meta": "@unit-temperature",
        "alias": "unit",
        "userDefined": true
      }
    ],
    "isTemplate": false,
    "count": 0,
    "lang": "en",
    "updated": 0
  },
  {
    "id": "6d696d0c-034a-4a2f-85d4-6b91a4437500",
    "data": [
      {
        "text": "don\u0027t use ",
        "userDefined": false
      },
      {
        "text": "Celsius",
        "meta": "@unit-temperature",
        "alias": "unit",
        "userDefined": true
      }
    ],
    "isTemplate": false,
    "count": 0,
    "lang": "en",
    "updated": 0
  },
  {
    "id": "e57e0fda-7cd1-4ebc-a55c-065045b8fa96",
    "data": [
      {
        "text": "don\u0027t provide me temperature in ",
        "userDefined": false
      },
      {
        "text": "Celsius",
        "meta": "@unit-temperature",
        "alias": "unit",
        "userDefined": true
      }
    ],
    "isTemplate": false,
    "count": 0,
    "lang": "en",
    "updated": 0
  },
  {
    "id": "4d030493-d288-4ef1-8538-12f0555a62c1",
    "data": [
      {
        "text": "change temperature format",
        "userDefined": false
      }
    ],
    "isTemplate": false,
    "count": 0,
    "lang": "en",
    "updated": 0
  },
  {
    "id": "1c0ce45d-00ba-4f5f-9ddd-68351c1367f1",
    "data": [
      {
        "text": "stop using ",
        "userDefined": false
      },
      {
        "text": "Fahrenheit",
        "meta": "@unit-temperature",
        "alias": "unit",
        "userDefined": true
      },
      {
        "text": " for temperature",
        "userDefined": false
      }
    ],
    "isTemplate": false,
    "count": 0,
    "lang": "en",
    "updated": 0
  }
]