[
  {
    "id": "9dcb113d-4b6b-4988-9216-22d4406d1fd5",
    "data": [
      {
        "text": "switch to ",
        "userDefined": false
      },
      {
        "text": "imperial",
        "meta": "@sys.ignore",
        "userDefined": false
      },
      {
        "text": " units",
        "userDefined": false
      }
    ],
    "isTemplate": false,
    "count": 0,
    "lang": "en",
    "updated": 0
  },
  {
    "id": "e150243f-4151-4720-884c-77c8be9befc7",
    "data": [
      {
        "text": "use ",
        "userDefined": false
      },
      {
        "text": "imperial",
        "meta": "@sys.ignore",
        "userDefined": false
      },
      {
        "text": " units",
        "userDefined": false
      }
    ],
    "isTemplate": false,
    "count": 0,
    "lang": "en",
    "updated": 0
  },
  {
    "id": "7ea8f955-0817-4ead-acd5-e3dd02907d63",
    "data": [
      {
        "text": "provide me information in ",
        "userDefined": false
      },
      {
        "text": "imperial",
        "meta": "@sys.ignore",
        "userDefined": false
      },
      {
        "text": " units",
        "userDefined": false
      }
    ],
    "isTemplate": false,
    "count": 0,
    "lang": "en",
    "updated": 0
  },
  {
    "id": "c2d161d9-1c72-4b29-8ec9-25b76c3350f0",
    "data": [
      {
        "text": "could you use ",
        "userDefined": false
      },
      {
        "text": "imperial",
        "meta": "@sys.ignore",
        "userDefined": false
      },
      {
        "text": " units of measurement",
        "userDefined": false
      }
    ],
    "isTemplate": false,
    "count": 0,
    "lang": "en",
    "updated": 0
  },
  {
    "id": "5398097a-aceb-4c8d-b2f0-9f5427908ded",
    "data": [
      {
        "text": "imperial",
        "meta": "@sys.ignore",
        "userDefined": false
      },
      {
        "text": " units system",
        "userDefined": false
      }
    ],
    "isTemplate": false,
    "count": 0,
    "lang": "en",
    "updated": 0
  },
  {
    "id": "65e901a0-5566-475e-a4b9-77db45daca4a",
    "data": [
      {
        "text": "I\u0027d like to use ",
        "userDefined": false
      },
      {
        "text": "imperial",
        "meta": "@sys.ignore",
        "userDefined": false
      },
      {
        "text": " system",
        "userDefined": false
      }
    ],
    "isTemplate": false,
    "count": 0,
    "lang": "en",
    "updated": 0
  }
]