[
  {
    "id": "70544e0a-f186-4c8e-9504-2457cf5b76ca",
    "data": [
      {
        "text": "don\u0027t measure weight in ",
        "userDefined": false
      },
      {
        "text": "grams",
        "meta": "@sys.unit-weight-name",
        "alias": "unit",
        "userDefined": true
      }
    ],
    "isTemplate": false,
    "count": 0,
    "lang": "en",
    "updated": 0
  },
  {
    "id": "b5746048-525b-4f78-bddb-69311052d863",
    "data": [
      {
        "text": "unset weight format",
        "userDefined": false
      }
    ],
    "isTemplate": false,
    "count": 0,
    "lang": "en",
    "updated": 0
  },
  {
    "id": "3a528e9c-61a7-49ee-b7d1-bcffbd1970d8",
    "data": [
      {
        "text": "stop providing me weight measurements in ",
        "userDefined": false
      },
      {
        "text": "grams",
        "meta": "@sys.unit-weight-name",
        "alias": "unit",
        "userDefined": true
      }
    ],
    "isTemplate": false,
    "count": 0,
    "lang": "en",
    "updated": 0
  },
  {
    "id": "157d1dd3-56ad-4e2b-8cd7-fd661036d178",
    "data": [
      {
        "text": "stop using ",
        "userDefined": false
      },
      {
        "text": "pounds",
        "meta": "@sys.unit-weight-name",
        "alias": "unit",
        "userDefined": true
      }
    ],
    "isTemplate": false,
    "count": 0,
    "lang": "en",
    "updated": 0
  },
  {
    "id": "1bf108ed-13bf-429d-95dc-2f9724e6ad44",
    "data": [
      {
        "text": "I don\u0027t want to use ",
        "userDefined": false
      },
      {
        "text": "pounds",
        "meta": "@sys.unit-weight-name",
        "alias": "unit",
        "userDefined": true
      }
    ],
    "isTemplate": false,
    "count": 0,
    "lang": "en",
    "updated": 0
  },
  {
    "id": "7eedebb9-1a8f-491d-b4b3-ff697da45390",
    "data": [
      {
        "text": "don\u0027t use ",
        "userDefined": false
      },
      {
        "text": "kilograms",
        "meta": "@sys.unit-weight-name",
        "alias": "unit",
        "userDefined": true
      }
    ],
    "isTemplate": false,
    "count": 0,
    "lang": "en",
    "updated": 0
  },
  {
    "id": "4ddd5267-5591-4f8a-923f-271b6abd8c8f",
    "data": [
      {
        "text": "don\u0027t use ",
        "userDefined": false
      },
      {
        "text": "kilograms",
        "meta": "@sys.unit-weight-name",
        "alias": "unit",
        "userDefined": true
      },
      {
        "text": " as weight units",
        "userDefined": false
      }
    ],
    "isTemplate": false,
    "count": 0,
    "lang": "en",
    "updated": 0
  }
]