[
  {
    "id": "6f8a1c36-2e23-4730-9ec4-1de882b211c5",
    "data": [
      {
        "text": "turn off ",
        "userDefined": false
      },
      {
        "text": "imperial",
        "meta": "@sys.ignore",
        "userDefined": false
      },
      {
        "text": " units system",
        "userDefined": false
      }
    ],
    "isTemplate": false,
    "count": 0,
    "lang": "en",
    "updated": 0
  },
  {
    "id": "d4b9298f-f90e-4e1c-be99-e900d2619eb3",
    "data": [
      {
        "text": "I don\u0027t want to use ",
        "userDefined": false
      },
      {
        "text": "imperial",
        "meta": "@sys.ignore",
        "userDefined": false
      },
      {
        "text": " units of measurement",
        "userDefined": false
      }
    ],
    "isTemplate": false,
    "count": 0,
    "lang": "en",
    "updated": 0
  },
  {
    "id": "d450cab8-9025-4af3-adde-d4599cbbc7c8",
    "data": [
      {
        "text": "don\u0027t use ",
        "userDefined": false
      },
      {
        "text": "imperial",
        "meta": "@sys.ignore",
        "userDefined": false
      },
      {
        "text": " units",
        "userDefined": false
      }
    ],
    "isTemplate": false,
    "count": 0,
    "lang": "en",
    "updated": 0
  },
  {
    "id": "bc43dc53-05f9-4dd5-acf0-ba5f4191044b",
    "data": [
      {
        "text": "stop using ",
        "userDefined": false
      },
      {
        "text": "imperial",
        "meta": "@sys.ignore",
        "userDefined": false
      },
      {
        "text": " system",
        "userDefined": false
      }
    ],
    "isTemplate": false,
    "count": 0,
    "lang": "en",
    "updated": 0
  }
]