[
  {
    "id": "18f4993c-24e6-4598-9b16-c50d34da6aec",
    "data": [
      {
        "text": "change the time format",
        "userDefined": false
      }
    ],
    "isTemplate": false,
    "count": 0,
    "lang": "en",
    "updated": 0
  },
  {
    "id": "73a6dadd-e54b-4044-9ad1-daa8a3c7d200",
    "data": [
      {
        "text": "don\u0027t use ",
        "userDefined": false
      },
      {
        "text": "12 hour",
        "meta": "@time-format",
        "alias": "format",
        "userDefined": true
      },
      {
        "text": " time format",
        "userDefined": false
      }
    ],
    "isTemplate": false,
    "count": 0,
    "lang": "en",
    "updated": 0
  },
  {
    "id": "6cd7a8f2-27e3-4fcf-9a5b-3f60273e90e9",
    "data": [
      {
        "text": "don\u0027t show me the time in ",
        "userDefined": false
      },
      {
        "text": "12-hr",
        "meta": "@time-format",
        "alias": "format",
        "userDefined": true
      },
      {
        "text": " format",
        "userDefined": false
      }
    ],
    "isTemplate": false,
    "count": 0,
    "lang": "en",
    "updated": 0
  },
  {
    "id": "c54a70d7-5235-429d-ab79-7a20341b466d",
    "data": [
      {
        "text": "stop using ",
        "userDefined": false
      },
      {
        "text": "24-hour",
        "meta": "@time-format",
        "alias": "format",
        "userDefined": true
      },
      {
        "text": " format",
        "userDefined": false
      }
    ],
    "isTemplate": false,
    "count": 0,
    "lang": "en",
    "updated": 0
  },
  {
    "id": "9ccd7f37-5c37-4014-bb83-40ab7326ed75",
    "data": [
      {
        "text": "I don\u0027t want to get the time in ",
        "userDefined": false
      },
      {
        "text": "24 hour",
        "meta": "@time-format",
        "alias": "format",
        "userDefined": true
      },
      {
        "text": " format",
        "userDefined": false
      }
    ],
    "isTemplate": false,
    "count": 0,
    "lang": "en",
    "updated": 0
  },
  {
    "id": "274788c7-0506-4d7e-a960-56f79ae6c103",
    "data": [
      {
        "text": "unset ",
        "userDefined": false
      },
      {
        "text": "military",
        "meta": "@time-format",
        "alias": "format",
        "userDefined": true
      },
      {
        "text": " time format",
        "userDefined": false
      }
    ],
    "isTemplate": false,
    "count": 0,
    "lang": "en",
    "updated": 0
  },
  {
    "id": "f889c748-f14f-4e60-9f7c-aa3f49a3a18f",
    "data": [
      {
        "text": "stop providing me the time in ",
        "userDefined": false
      },
      {
        "text": "military",
        "meta": "@time-format",
        "alias": "format",
        "userDefined": true
      },
      {
        "text": " format",
        "userDefined": false
      }
    ],
    "isTemplate": false,
    "count": 0,
    "lang": "en",
    "updated": 0
  }
]