[
  {
    "id": "fd09a477-94fe-4e99-b162-441cfe260baa",
    "data": [
      {
        "text": "use ",
        "userDefined": false
      },
      {
        "text": "24-hour",
        "meta": "@time-format",
        "alias": "format",
        "userDefined": true
      },
      {
        "text": " format",
        "userDefined": false
      }
    ],
    "isTemplate": false,
    "count": 0,
    "lang": "en",
    "updated": 0
  },
  {
    "id": "bdbc1400-d0c2-40c0-83fb-67d06bbd27f9",
    "data": [
      {
        "text": "use ",
        "userDefined": false
      },
      {
        "text": "12 hour",
        "meta": "@time-format",
        "alias": "format",
        "userDefined": true
      },
      {
        "text": " time format",
        "userDefined": false
      }
    ],
    "isTemplate": false,
    "count": 0,
    "lang": "en",
    "updated": 0
  },
  {
    "id": "6a0233b0-5271-4358-8904-12ac27484c52",
    "data": [
      {
        "text": "show me the time in ",
        "userDefined": false
      },
      {
        "text": "12-hr",
        "meta": "@time-format",
        "alias": "format",
        "userDefined": true
      },
      {
        "text": " format",
        "userDefined": false
      }
    ],
    "isTemplate": false,
    "count": 0,
    "lang": "en",
    "updated": 0
  },
  {
    "id": "6e671b1e-8e20-4949-952f-e8bd14bd6c3b",
    "data": [
      {
        "text": "provide me the time in ",
        "userDefined": false
      },
      {
        "text": "military",
        "meta": "@time-format",
        "alias": "format",
        "userDefined": true
      },
      {
        "text": " format",
        "userDefined": false
      }
    ],
    "isTemplate": false,
    "count": 0,
    "lang": "en",
    "updated": 0
  },
  {
    "id": "dfdfc352-a42c-4445-85f0-f9192364cbe8",
    "data": [
      {
        "text": "I\u0027d like to get the time in ",
        "userDefined": false
      },
      {
        "text": "24 hour",
        "meta": "@time-format",
        "alias": "format",
        "userDefined": true
      },
      {
        "text": " format",
        "userDefined": false
      }
    ],
    "isTemplate": false,
    "count": 0,
    "lang": "en",
    "updated": 0
  },
  {
    "id": "e2bddf45-7204-402e-b35b-287f552a8592",
    "data": [
      {
        "text": "set the time format",
        "userDefined": false
      }
    ],
    "isTemplate": false,
    "count": 0,
    "lang": "en",
    "updated": 0
  },
  {
    "id": "f1e7f485-18f7-4a77-839d-d60b6f301eec",
    "data": [
      {
        "text": "set ",
        "userDefined": false
      },
      {
        "text": "military",
        "meta": "@time-format",
        "alias": "format",
        "userDefined": true
      },
      {
        "text": " time format",
        "userDefined": false
      }
    ],
    "isTemplate": false,
    "count": 0,
    "lang": "en",
    "updated": 0
  }
]