[
  {
    "id": "d9480a27-b2d7-4323-ba02-fac532e5fe56",
    "data": [
      {
        "text": "use metric units",
        "userDefined": false
      }
    ],
    "isTemplate": false,
    "count": 0,
    "lang": "en",
    "updated": 0
  },
  {
    "id": "2979267c-fe4f-44b7-8eb3-9e52b9615eb0",
    "data": [
      {
        "text": "could you use metric units of measurement",
        "userDefined": false
      }
    ],
    "isTemplate": false,
    "count": 0,
    "lang": "en",
    "updated": 0
  },
  {
    "id": "f7a0e5a3-dd27-4771-b8da-694ef447d14d",
    "data": [
      {
        "text": "metric system",
        "userDefined": false
      }
    ],
    "isTemplate": false,
    "count": 0,
    "lang": "en",
    "updated": 0
  },
  {
    "id": "4b32d356-665b-4dab-b315-8486a6b169ef",
    "data": [
      {
        "text": "switch to metric units",
        "userDefined": false
      }
    ],
    "isTemplate": false,
    "count": 0,
    "lang": "en",
    "updated": 0
  },
  {
    "id": "2da2f7bf-f18b-4dfe-9a2d-901a952afbc9",
    "data": [
      {
        "text": "provide me information in metric units",
        "userDefined": false
      }
    ],
    "isTemplate": false,
    "count": 0,
    "lang": "en",
    "updated": 0
  },
  {
    "id": "cbd1f0ed-63eb-405a-bfd4-553cac613f2a",
    "data": [
      {
        "text": "I\u0027d like to use metric system",
        "userDefined": false
      }
    ],
    "isTemplate": false,
    "count": 0,
    "lang": "en",
    "updated": 0
  }
]