[
  {
    "id": "14bd78bd-c15a-422f-9daf-5158679af641",
    "data": [
      {
        "text": "This character will give you the ",
        "userDefined": false
      },
      {
        "text": "key",
        "meta": "@item",
        "alias": "item",
        "userDefined": true
      },
      {
        "text": " for the ",
        "userDefined": false
      },
      {
        "text": "first chest",
        "meta": "@itemRelation",
        "alias": "itemRelation",
        "userDefined": true
      }
    ],
    "isTemplate": false,
    "count": 0,
    "lang": "en",
    "updated": 0
  },
  {
    "id": "278764b5-e68b-4ef9-ae8e-aae682a3f418",
    "data": [
      {
        "text": "This character will give you a ",
        "userDefined": false
      },
      {
        "text": "potion",
        "meta": "@item",
        "alias": "item",
        "userDefined": true
      }
    ],
    "isTemplate": false,
    "count": 0,
    "lang": "en",
    "updated": 0
  },
  {
    "id": "cc66a997-f6cf-46f6-96aa-0d04bee3115d",
    "data": [
      {
        "text": "This character will tell you where",
        "meta": "@sys.ignore",
        "userDefined": false
      },
      {
        "text": " that you have to go to the ",
        "userDefined": false
      },
      {
        "text": "first room",
        "meta": "@place",
        "alias": "place",
        "userDefined": true
      },
      {
        "text": " again",
        "userDefined": false
      }
    ],
    "isTemplate": false,
    "count": 0,
    "lang": "en",
    "updated": 0
  },
  {
    "id": "027d0bcd-2d6e-4a8d-801a-19012cc89748",
    "data": [
      {
        "text": "He will give you the ",
        "userDefined": false
      },
      {
        "text": "key",
        "meta": "@item",
        "alias": "item",
        "userDefined": true
      },
      {
        "text": " for the ",
        "userDefined": false
      },
      {
        "text": "first chest",
        "meta": "@itemRelation",
        "alias": "itemRelation",
        "userDefined": true
      }
    ],
    "isTemplate": false,
    "count": 0,
    "lang": "en",
    "updated": 0
  }
]