[
  {
    "id": "10934544-ee88-4491-b7d0-5f02acec4bb7",
    "data": [
      {
        "text": "A ",
        "userDefined": false
      },
      {
        "text": "potion",
        "meta": "@item",
        "alias": "item",
        "userDefined": true
      }
    ],
    "isTemplate": false,
    "count": 0,
    "lang": "en",
    "updated": 0
  },
  {
    "id": "75805299-7b9a-4783-bb7f-fff168e6896f",
    "data": [
      {
        "text": "A ",
        "userDefined": false
      },
      {
        "text": "key",
        "meta": "@item",
        "alias": "item",
        "userDefined": true
      }
    ],
    "isTemplate": false,
    "count": 0,
    "lang": "en",
    "updated": 0
  },
  {
    "data": [
      {
        "text": "Rock",
        "meta": "@item",
        "alias": "item",
        "userDefined": false
      }
    ],
    "isTemplate": false,
    "count": 0,
    "lang": "en",
    "updated": 0
  }
]