[
  {
    "id": "a5f2741a-c032-4e64-a099-a611a8992971",
    "data": [
      {
        "text": "Open",
        "meta": "@action",
        "alias": "action",
        "userDefined": true
      }
    ],
    "isTemplate": false,
    "count": 0,
    "lang": "en",
    "updated": 0
  },
  {
    "id": "aecc4260-1efe-4435-aa57-7c8d3869211c",
    "data": [
      {
        "text": "Take",
        "meta": "@action",
        "alias": "action",
        "userDefined": true
      }
    ],
    "isTemplate": false,
    "count": 0,
    "lang": "en",
    "updated": 0
  },
  {
    "id": "d2a2928e-d13e-4516-a9e8-72e9bdb75935",
    "data": [
      {
        "text": "Read",
        "meta": "@action",
        "alias": "action",
        "userDefined": true
      }
    ],
    "isTemplate": false,
    "count": 0,
    "lang": "en",
    "updated": 0
  },
  {
    "id": "5570c475-a0df-4a1f-b834-ad824b0c1937",
    "data": [
      {
        "text": "Consume",
        "meta": "@action",
        "alias": "action",
        "userDefined": true
      }
    ],
    "isTemplate": false,
    "count": 0,
    "lang": "en",
    "updated": 0
  },
  {
    "id": "016ff310-f051-443d-90ca-4b0300ab128c",
    "data": [
      {
        "text": "Consume",
        "meta": "@action",
        "alias": "action",
        "userDefined": true
      },
      {
        "text": " and ",
        "userDefined": false
      },
      {
        "text": "take",
        "meta": "@action",
        "alias": "action",
        "userDefined": true
      }
    ],
    "isTemplate": false,
    "count": 0,
    "lang": "en",
    "updated": 0
  }
]