[
  {
    "id": "67213a08-6007-492f-9941-928993616281",
    "data": [
      {
        "text": "A new ",
        "userDefined": false
      },
      {
        "text": "item",
        "meta": "@item",
        "alias": "item",
        "userDefined": true
      }
    ],
    "isTemplate": false,
    "count": 0,
    "lang": "en",
    "updated": 0
  },
  {
    "id": "3322e69a-51ba-461b-8896-da8c9a3a835c",
    "data": [
      {
        "text": "Lets set up a ",
        "userDefined": false
      },
      {
        "text": "gadget",
        "meta": "@item",
        "alias": "item",
        "userDefined": true
      }
    ],
    "isTemplate": false,
    "count": 0,
    "lang": "en",
    "updated": 0
  },
  {
    "id": "a2634ac6-c0a6-4fba-ac0f-ffc82a9e2631",
    "data": [
      {
        "text": "A ",
        "userDefined": false
      },
      {
        "text": "device",
        "meta": "@item",
        "alias": "item",
        "userDefined": true
      }
    ],
    "isTemplate": false,
    "count": 0,
    "lang": "en",
    "updated": 0
  },
  {
    "id": "7dbf1702-4071-45e5-9043-4e596ca18751",
    "data": [
      {
        "text": "A ",
        "userDefined": false
      },
      {
        "text": "thing",
        "meta": "@item",
        "alias": "item",
        "userDefined": true
      },
      {
        "text": " to use",
        "userDefined": false
      }
    ],
    "isTemplate": false,
    "count": 0,
    "lang": "en",
    "updated": 0
  },
  {
    "id": "de7277cd-9692-4124-8850-eb66938c30c9",
    "data": [
      {
        "text": "An ",
        "userDefined": false
      },
      {
        "text": "item",
        "meta": "@item",
        "alias": "item",
        "userDefined": true
      }
    ],
    "isTemplate": false,
    "count": 0,
    "lang": "en",
    "updated": 0
  },
  {
    "id": "4f80ce6c-2d0d-43df-8b3e-1c160566a3cd",
    "data": [
      {
        "text": "A new ",
        "userDefined": false
      },
      {
        "text": "object",
        "meta": "@item",
        "alias": "item",
        "userDefined": true
      }
    ],
    "isTemplate": false,
    "count": 0,
    "lang": "en",
    "updated": 0
  }
]