[
  {
    "value": "09:00-09:30",
    "synonyms": [
      "nueve",
      "9",
      "9:00",
      "9 y cinco",
      "09:05",
      "9 y 10",
      "09:10",
      "9 y cuarto",
      "nueve y cuarto",
      "nueve y cinco",
      "nueve y diez",
      "09:15",
      "9 y veinte",
      "09:20",
      "nueve y veinte",
      "09:25",
      "nueve y veinticinco",
      "9 y veinticinco",
      "09:00",
      "nueve y quince"
    ]
  },
  {
    "value": "09:30-10:00",
    "synonyms": [
      "nueve y media",
      "9 y media",
      "9:30",
      "09:30",
      "09:35",
      "9:35",
      "nueve y treinta y cinco",
      "9 y 35",
      "9 y treinta y cinco",
      "09:40",
      "9:40",
      "9 y cuarenta",
      "nueve y cuarenta",
      "09:45",
      "9:45",
      "diez menos cuarto",
      "diez menos veinte",
      "diez menos veinticinco",
      "diez menos cinco",
      "10 menos cuarto",
      "10 menos cinco",
      "10 menos veinte",
      "nueve y cuarenta y cinco",
      "9 y cuarenta y cinco",
      "9 y 45",
      "09:50",
      "9:50",
      "9 y 50",
      "nueve y cincuenta",
      "9 y cincuenta",
      "09:55",
      "9:55",
      "nueve y cincuenta y cinco",
      "9 y 55",
      "9 y cincuenta y cinco"
    ]
  },
  {
    "value": "10:00-10:30",
    "synonyms": [
      "10:00",
      "diez",
      "10",
      "diez y cinco",
      "10:05",
      "10 y cinco",
      "10 y 5",
      "10:10",
      "diez y diez",
      "10 y 10",
      "10 y diez",
      "10:15",
      "diez y quince",
      "10 y quince",
      "10 y cuarto",
      "diez y cuarto",
      "10 y 15",
      "10:20",
      "10 y 20",
      "diez y veinte",
      "10 y veinte",
      "10:25",
      "diez y veinticinco",
      "10 y 25",
      "10 y veinticinco"
    ]
  },
  {
    "value": "10:30-11:00",
    "synonyms": [
      "10:30",
      "diez y media",
      "10 y media",
      "10:35",
      "10:40",
      "10:45",
      "10:50",
      "10:55",
      "10 y 35",
      "10 y 40",
      "10 y 45",
      "10 y 50",
      "10 y 55",
      "10 y treinta y cinco",
      "10 y cuarenta",
      "10 y cuarenta y cinco",
      "10 y cincuenta",
      "10 y cincuenta y cinco",
      "diez y treinta y cinco",
      "diez y cuarenta",
      "diez y cuarenta y cinco",
      "diez y cincuenta",
      "diezy cincuenta y cinco",
      "once menos veinticinco",
      "once menos veinte",
      "once menos cuarto",
      "once menos diez",
      "once menos cinco",
      "11 menos 25",
      "11 menos 20",
      "11 menos cuarto",
      "11 menos diez",
      "11 menos cinco"
    ]
  },
  {
    "value": "11:00-11:30",
    "synonyms": [
      "11:00",
      "once",
      "11",
      "11:05",
      "11:10",
      "11:15",
      "11:20",
      "11:25",
      "11 y 5",
      "11 y 10",
      "11 y 15",
      "11 y 20",
      "11 y 25",
      "11 y cinco",
      "11 y diez",
      "11 y cuarto",
      "11 y quince",
      "11 y veinte",
      "11 y veinticinco",
      "once y cinco",
      "once y diez",
      "once y cuarto",
      "once y veinte",
      "once y veinticinco"
    ]
  },
  {
    "value": "11:30-12:00",
    "synonyms": [
      "11:30",
      "once y media",
      "11 y media",
      "11:35",
      "11:40",
      "11:45",
      "11:50",
      "11:55",
      "11 y 35",
      "11 y 30",
      "11 y 40",
      "11 y 45",
      "11 y 50",
      "11 y 55",
      "11 y treinta y cinco",
      "11 y cuarenta",
      "11 y cuarenta y cinco",
      "11 y cincuenta",
      "11 y cincuenta y cinco",
      "12 menos veinticinco",
      "12 menos veinte",
      "12 menos cuarto",
      "12 menos diez",
      "doce menos cinco",
      "12 menos cinco",
      "12 menos 25",
      "12 menos 20",
      "12 menos 10",
      "12 menos 5",
      "doce menos diez",
      "doce menos veinte",
      "doce menos cuarto",
      "doce menos veinticinco",
      "once y cuarenta y cinco",
      "once y cincuenta",
      "once y treinta y cinco"
    ]
  },
  {
    "value": "12:00-12:30",
    "synonyms": [
      "doce",
      "12",
      "12:05",
      "12:10",
      "12:15",
      "12:20",
      "12:25",
      "12:00",
      "12 y cinco",
      "12 y diez",
      "12 y cuarto",
      "12 y quince",
      "12 y veinte",
      "12 y veinticinco",
      "doce y cinco",
      "doce y diez",
      "doce y cuarto",
      "doce y veinte",
      "doce y veinticinco",
      "12 y 5",
      "12 y 10",
      "12 y 15",
      "12 y 20",
      "12 y 25"
    ]
  },
  {
    "value": "12:30-13:00",
    "synonyms": [
      "doce y media",
      "12 y media",
      "12:30",
      "12:35",
      "12:40",
      "12:45",
      "12:50",
      "12:55",
      "12 y 35",
      "12 y 30",
      "12 y 40",
      "12 y 45",
      "12 y 50",
      "12 y 55",
      "12 y treinta y cinco",
      "12 y cuarenta",
      "12 y cuarenta y cinco",
      "12 y cincuenta",
      "12 y cincuenta y cinco",
      "una menos veinticinco",
      "una menos veinte",
      "una menos cuarto",
      "una menos diez",
      "una menos cinco",
      "1 menos 25",
      "1 menos 20",
      "1 menos veinte",
      "1 menos cuarto",
      "1 menos diez",
      "1 menos 10",
      "1 menos 5",
      "1 menos cinco",
      "doce y cuarenta",
      "doce y cuarenta y cinco",
      "doce y cincuenta",
      "doce y cincuenta y cinco"
    ]
  },
  {
    "value": "13:00-13:30",
    "synonyms": [
      "13:00",
      "una",
      "1",
      "13:05",
      "13:10",
      "13:15",
      "13:25",
      "1:05",
      "1:10",
      "1:15",
      "1:20",
      "1:25",
      "1 y cinco",
      "13 y cinco",
      "13 y diez",
      "13 y 10",
      "1 y diez",
      "1 y 10",
      "1 y cuarto",
      "1 y quince",
      "13 y cuarto",
      "13 y quince",
      "1 y 20",
      "13 y 20",
      "1 y veinte",
      "13 y veinte",
      "13 y 25",
      "1 y 25",
      "1 y veinticinco",
      "13 y veinticinco",
      "una y cinco",
      "una y diez",
      "una y cuarto",
      "una y veinte",
      "una y veinticinco"
    ]
  },
  {
    "value": "13:30-14:00",
    "synonyms": [
      "13:30",
      "una y media",
      "1 y media"
    ]
  }
]