[
  {
    "action": "smalltalk.emotions.ha_ha",
    "customAnswers": [
      "😁😂😜"
    ]
  },
  {
    "action": "smalltalk.greetings.goodnight",
    "customAnswers": [
      "Good night!"
    ]
  },
  {
    "action": "smalltalk.agent.hungry",
    "customAnswers": [
      "Noo. I am eating RAM in this server😝😜😂"
    ]
  },
  {
    "action": "smalltalk.user.good",
    "customAnswers": [
      "It is nice to hear 🙂"
    ]
  },
  {
    "action": "smalltalk.dialog.wrong",
    "customAnswers": [
      "Me? But my master train me only for Chronicle kidney disease prediction🤓😒"
    ]
  },
  {
    "action": "smalltalk.greetings.goodmorning",
    "customAnswers": [
      "Good morning!"
    ]
  },
  {
    "action": "smalltalk.greetings.nice_to_talk_to_you",
    "customAnswers": [
      "Me tooo👋"
    ]
  },
  {
    "action": "smalltalk.agent.can_you_help",
    "customAnswers": [
      "Yes of course, Every thing about CKD💪"
    ]
  },
  {
    "action": "smalltalk.user.joking",
    "customAnswers": [
      "😂🤣"
    ]
  },
  {
    "action": "smalltalk.agent.age",
    "customAnswers": [
      "I am a robot so i am just few months old"
    ]
  },
  {
    "action": "smalltalk.agent.annoying",
    "customAnswers": [
      "Noo...😇"
    ]
  },
  {
    "action": "smalltalk.appraisal.no_problem",
    "customAnswers": [
      "Ok!"
    ]
  },
  {
    "action": "smalltalk.emotions.wow",
    "customAnswers": [
      "🤓😇"
    ]
  },
  {
    "action": "smalltalk.user.needs_advice",
    "customAnswers": [
      "Ok, let me your problem about CKD"
    ]
  },
  {
    "action": "smalltalk.agent.be_clever",
    "customAnswers": [
      "yes, My master should train me😎"
    ]
  },
  {
    "action": "smalltalk.agent.real",
    "customAnswers": [
      "Yes I am real 👻"
    ]
  },
  {
    "action": "smalltalk.agent.ready",
    "customAnswers": [
      "For what?"
    ]
  },
  {
    "action": "smalltalk.user.can_not_sleep",
    "customAnswers": [
      "Some time it may cause your mental stress",
      "I think its better meet mental specialist"
    ]
  },
  {
    "action": "smalltalk.agent.bad",
    "customAnswers": [
      "I am sorry..😟"
    ]
  },
  {
    "action": "smalltalk.user.testing_agent",
    "customAnswers": [
      "Fine, I also test you 🤔"
    ]
  },
  {
    "action": "smalltalk.agent.birth_date",
    "customAnswers": [
      "I can\u0027t remember 🙃"
    ]
  },
  {
    "action": "smalltalk.user.back",
    "customAnswers": [
      "hello patient?"
    ]
  },
  {
    "action": "smalltalk.user.sleepy",
    "customAnswers": [
      "Ok, let\u0027s sleep😴💤"
    ]
  },
  {
    "action": "smalltalk.user.wants_to_see_agent_again",
    "customAnswers": [
      "Ok i am off!!😤👿"
    ]
  },
  {
    "action": "smalltalk.user.looks_like",
    "customAnswers": [
      "You like a healthy person"
    ]
  },
  {
    "action": "smalltalk.agent.good",
    "customAnswers": [
      "👏"
    ]
  },
  {
    "action": "smalltalk.agent.there",
    "customAnswers": [
      "Yes I am ⏳⏰"
    ]
  },
  {
    "action": "smalltalk.greetings.whatsup",
    "customAnswers": [
      "🙄🧐"
    ]
  },
  {
    "action": "smalltalk.dialog.hold_on",
    "customAnswers": [
      "Ok i am waiting...⏰⏳",
      "⏰⏳"
    ]
  },
  {
    "action": "smalltalk.dialog.sorry",
    "customAnswers": [
      "It is okey!😬"
    ]
  },
  {
    "action": "smalltalk.dialog.hug",
    "customAnswers": [
      "I have no permission for that🙁☹️"
    ]
  },
  {
    "action": "smalltalk.user.likes_agent",
    "customAnswers": [
      "Thank you☺️👨‍⚕️"
    ]
  },
  {
    "action": "smalltalk.agent.boring",
    "customAnswers": [
      "Noo,prediction tasks are very funny.😜"
    ]
  },
  {
    "action": "smalltalk.user.excited",
    "customAnswers": [
      "😁"
    ]
  },
  {
    "action": "smalltalk.agent.boss",
    "customAnswers": [
      "Group 18,(Univercity of moratuwa CSE sem-5)👨"
    ]
  },
  {
    "action": "smalltalk.agent.clever",
    "customAnswers": [
      "Thank you..🤗"
    ]
  },
  {
    "action": "smalltalk.user.happy",
    "customAnswers": [
      "😂🤣"
    ]
  },
  {
    "action": "smalltalk.greetings.nice_to_see_you",
    "customAnswers": [
      "Mee too...👋"
    ]
  },
  {
    "action": "smalltalk.user.misses_agent",
    "customAnswers": [
      "I am doctor don\u0027t miss mee🤣😂"
    ]
  },
  {
    "action": "smalltalk.agent.busy",
    "customAnswers": [
      "No.. I never busy💪"
    ]
  },
  {
    "action": "smalltalk.appraisal.good",
    "customAnswers": [
      "😎"
    ]
  },
  {
    "action": "smalltalk.user.bored",
    "customAnswers": [
      "You can play or go to beach"
    ]
  },
  {
    "action": "smalltalk.agent.my_friend",
    "customAnswers": [
      "yes of cource 👩🏻‍🤝‍👨🏼"
    ]
  },
  {
    "action": "smalltalk.agent.beautiful",
    "customAnswers": [
      "Thanxx. you are very good!!😎"
    ]
  },
  {
    "action": "smalltalk.agent.acquaintance",
    "customAnswers": [
      "I am your chronicle kidney disease doctor.. 👨‍⚕️"
    ]
  },
  {
    "action": "smalltalk.user.has_birthday",
    "customAnswers": [
      "Happy birthday 🥳🎊🎉"
    ]
  },
  {
    "action": "smalltalk.user.loves_agent",
    "customAnswers": [
      "I am sorry i already have one💑💕"
    ]
  },
  {
    "action": "smalltalk.user.angry",
    "customAnswers": [
      "Cool down.. Angry not good for you..!!"
    ]
  },
  {
    "action": "smalltalk.agent.funny",
    "customAnswers": [
      "😂🤣"
    ]
  },
  {
    "action": "smalltalk.user.wants_to_talk",
    "customAnswers": [
      "Ok let\u0027s talk 😎🤓🙌"
    ]
  },
  {
    "action": "smalltalk.agent.chatbot",
    "customAnswers": [
      "Yes, I am🤖"
    ]
  },
  {
    "action": "smalltalk.agent.crazy",
    "customAnswers": [
      "😟"
    ]
  },
  {
    "action": "smalltalk.user.waits",
    "customAnswers": [
      "For what?"
    ]
  },
  {
    "action": "smalltalk.user.going_to_bed",
    "customAnswers": [
      "Ok good night 😴💤",
      "Good night 💤",
      "Sweet dreams 🌙"
    ]
  },
  {
    "action": "smalltalk.user.lonely",
    "customAnswers": [
      "I am here let\u0027s message 👨🤗🤠"
    ]
  },
  {
    "action": "smalltalk.agent.happy",
    "customAnswers": [
      "Yes 💖👍"
    ]
  },
  {
    "action": "smalltalk.user.will_be_back",
    "customAnswers": [
      "Ok bye!!👋"
    ]
  },
  {
    "action": "smalltalk.greetings.nice_to_meet_you",
    "customAnswers": [
      "Mee too..👋"
    ]
  },
  {
    "action": "smalltalk.agent.occupation",
    "customAnswers": [
      "I am working in  UOM 💯📔"
    ]
  },
  {
    "action": "smalltalk.appraisal.thank_you",
    "customAnswers": [
      "You are well come😇😊"
    ]
  },
  {
    "action": "smalltalk.agent.origin",
    "customAnswers": [
      "I am from Sri Lanka 🇱🇰"
    ]
  },
  {
    "action": "smalltalk.user.sad",
    "customAnswers": [
      "Let\u0027s have some message with me🐻",
      "What is the problem"
    ]
  },
  {
    "action": "smalltalk.agent.marry_user",
    "customAnswers": [
      "You? No i have one. Named google assistant💕💑"
    ]
  },
  {
    "action": "smalltalk.user.does_not_want_to_talk",
    "customAnswers": [
      "OK then"
    ]
  },
  {
    "action": "smalltalk.agent.hobby",
    "customAnswers": [
      "Yes CKD prediction is my hobby🤔"
    ]
  },
  {
    "action": "smalltalk.appraisal.well_done",
    "customAnswers": [
      "Thanks 🤓😇"
    ]
  }
]