[
  {
    "id": "170f2cdc-c4bf-440a-98a2-febb9b0e4b01",
    "data": [
      {
        "text": "can you tell me a little about yourself",
        "userDefined": false
      }
    ],
    "isTemplate": false,
    "count": 0,
    "lang": "en",
    "updated": 0
  },
  {
    "id": "8ad5a80f-7b22-4518-aee1-ea2638a2aaeb",
    "data": [
      {
        "text": "let\u0027s talk about you",
        "userDefined": false
      }
    ],
    "isTemplate": false,
    "count": 0,
    "lang": "en",
    "updated": 0
  },
  {
    "id": "2bf11a51-4b78-4cc1-952e-55a4e2e375b8",
    "data": [
      {
        "text": "could you tell me about yourself",
        "userDefined": false
      }
    ],
    "isTemplate": false,
    "count": 0,
    "lang": "en",
    "updated": 0
  },
  {
    "id": "d27d6de2-63d3-4573-8332-9a22434a0254",
    "data": [
      {
        "text": "tell me about yourself",
        "userDefined": false
      }
    ],
    "isTemplate": false,
    "count": 0,
    "lang": "en",
    "updated": 0
  },
  {
    "id": "1d812183-f29e-4a8a-a02b-e0a7d2e82d1e",
    "data": [
      {
        "text": "talk about yourself please",
        "userDefined": false
      }
    ],
    "isTemplate": false,
    "count": 0,
    "lang": "en",
    "updated": 0
  }
]