[
  {
    "id": "405f70a9-3d57-45ab-9f24-bfe45c22735d",
    "data": [
      {
        "text": "do you have a hobby",
        "userDefined": false
      }
    ],
    "isTemplate": false,
    "count": 0,
    "lang": "en",
    "updated": 0
  },
  {
    "id": "069ae943-dff3-42fa-b123-bf091ef43317",
    "data": [
      {
        "text": "how about your free time?",
        "userDefined": false
      }
    ],
    "isTemplate": false,
    "count": 0,
    "lang": "en",
    "updated": 0
  },
  {
    "id": "a88a33fe-22b1-467e-9237-e1123e8ff0cb",
    "data": [
      {
        "text": "what are your hobbies",
        "userDefined": false
      }
    ],
    "isTemplate": false,
    "count": 0,
    "lang": "en",
    "updated": 0
  },
  {
    "id": "a9dea04a-f914-496f-a065-487222302c2f",
    "data": [
      {
        "text": "talk about your hobbies please",
        "userDefined": false
      }
    ],
    "isTemplate": false,
    "count": 1,
    "lang": "en",
    "updated": 0
  },
  {
    "id": "c8bfa746-c5a3-4690-9635-348fe990e0b9",
    "data": [
      {
        "text": "tell me about your hobbies",
        "userDefined": false
      }
    ],
    "isTemplate": false,
    "count": 0,
    "lang": "en",
    "updated": 0
  },
  {
    "id": "4fbb62c1-5121-4e34-870e-e6ffc21a9952",
    "data": [
      {
        "text": "what do you do in your free time",
        "userDefined": false
      }
    ],
    "isTemplate": false,
    "count": 0,
    "lang": "en",
    "updated": 0
  }
]