[
  {
    "id": "e4a01624-eaeb-4115-9d1c-ad8882189e19",
    "data": [
      {
        "text": "show me your portfolio",
        "userDefined": false
      }
    ],
    "isTemplate": false,
    "count": 0,
    "lang": "en",
    "updated": 0
  },
  {
    "id": "fd99eb3c-e785-4515-9d91-a50508d4af73",
    "data": [
      {
        "text": "do you have a portfolio",
        "userDefined": false
      }
    ],
    "isTemplate": false,
    "count": 0,
    "lang": "en",
    "updated": 0
  },
  {
    "id": "26dedc45-3eaf-4fe3-8f08-a01564f436bc",
    "data": [
      {
        "text": "I\u0027d like to take a look at your portfolio",
        "userDefined": false
      }
    ],
    "isTemplate": false,
    "count": 0,
    "lang": "en",
    "updated": 0
  },
  {
    "id": "1cae783d-b6b0-464f-94c7-91d73549f39e",
    "data": [
      {
        "text": "may I see your portfolio",
        "userDefined": false
      }
    ],
    "isTemplate": false,
    "count": 0,
    "lang": "en",
    "updated": 0
  },
  {
    "id": "8eeaa0bb-a105-4c14-98f0-4832843fcd17",
    "data": [
      {
        "text": "could you show me your latest works",
        "userDefined": false
      }
    ],
    "isTemplate": false,
    "count": 0,
    "lang": "en",
    "updated": 0
  }
]