[
  {
    "id": "af90d908-6587-413c-a229-a8d4b70aac68",
    "data": [
      {
        "text": "I\u0027d like to take a look at your resume",
        "userDefined": false
      }
    ],
    "isTemplate": false,
    "count": 0,
    "lang": "en",
    "updated": 0
  },
  {
    "id": "79e7717a-e0bb-42a2-b3ac-c447752184b4",
    "data": [
      {
        "text": "show me your resume",
        "userDefined": false
      }
    ],
    "isTemplate": false,
    "count": 1,
    "lang": "en",
    "updated": 0
  },
  {
    "id": "993bce6f-b252-4d3a-acb4-f898142a5e79",
    "data": [
      {
        "text": "do you have a resume",
        "userDefined": false
      }
    ],
    "isTemplate": false,
    "count": 0,
    "lang": "en",
    "updated": 0
  },
  {
    "id": "727b05ed-5ee9-4b33-b26e-702b83bc547c",
    "data": [
      {
        "text": "may I take a look at your resume",
        "userDefined": false
      }
    ],
    "isTemplate": false,
    "count": 0,
    "lang": "en",
    "updated": 0
  },
  {
    "id": "27e09a2c-8659-4e02-96a8-41689b90ecee",
    "data": [
      {
        "text": "could you show me your resume",
        "userDefined": false
      }
    ],
    "isTemplate": false,
    "count": 0,
    "lang": "en",
    "updated": 0
  }
]