[
  {
    "value": "Automobile",
    "synonyms": [
      "Automobile",
      "Automotive",
      "Auto",
      "Autonomous"
    ]
  },
  {
    "value": "Civil",
    "synonyms": [
      "Civil",
      "Construction"
    ]
  },
  {
    "value": "ECE",
    "synonyms": [
      "ECE",
      "Electrical",
      "Electrical and Computer Engineering",
      "Electronics"
    ]
  },
  {
    "value": "Environmental",
    "synonyms": [
      "Environmental",
      "Sustainable",
      "Smart Energy",
      "Env",
      "Enivornment",
      "Engineering in Environment"
    ]
  },
  {
    "value": "Industrial",
    "synonyms": [
      "Industrial",
      "Industries",
      "Indus"
    ]
  },
  {
    "value": "Materials",
    "synonyms": [
      "Materials",
      "Material",
      "Engineering Materials"
    ]
  },
  {
    "value": "Mechanical",
    "synonyms": [
      "Mechanical",
      "Mech",
      "Manufacturing"
    ]
  },
  {
    "value": "Computers",
    "synonyms": [
      "Computers",
      "Computer Science",
      "CS",
      "Computer Engineering",
      "CS AI",
      "Artificial Intelligence",
      "AI",
      "Computer Science with AI Specialization"
    ]
  }
]