[
  {
    "id": "c33e7979-a483-40ea-8b39-da7e7a59a923",
    "data": [
      {
        "text": "The ",
        "userDefined": false
      },
      {
        "text": "key",
        "meta": "@item",
        "alias": "item",
        "userDefined": false
      },
      {
        "text": ", the ",
        "userDefined": false
      },
      {
        "text": "rock",
        "meta": "@item",
        "alias": "item",
        "userDefined": false
      },
      {
        "text": " and the ",
        "userDefined": false
      },
      {
        "text": "book",
        "meta": "@item",
        "alias": "item",
        "userDefined": false
      }
    ],
    "isTemplate": false,
    "count": 0,
    "lang": "en",
    "updated": 0
  },
  {
    "id": "f9d48086-5c29-403e-bc4e-19eec86cffe8",
    "data": [
      {
        "text": "Nothing",
        "userDefined": false
      }
    ],
    "isTemplate": false,
    "count": 0,
    "lang": "en",
    "updated": 0
  },
  {
    "id": "d1ef1bad-b31d-4c81-a8af-d1e4807d9668",
    "data": [
      {
        "text": "No",
        "userDefined": false
      }
    ],
    "isTemplate": false,
    "count": 0,
    "lang": "en",
    "updated": 0
  },
  {
    "id": "b234911d-91b4-40d3-85fd-03bf1423ed28",
    "data": [
      {
        "text": "The ",
        "userDefined": false
      },
      {
        "text": "rock",
        "meta": "@item",
        "alias": "item",
        "userDefined": true
      }
    ],
    "isTemplate": false,
    "count": 0,
    "lang": "en",
    "updated": 0
  },
  {
    "id": "cb163200-b66d-4300-88bc-c46e9f5e0fd0",
    "data": [
      {
        "text": "The ",
        "userDefined": false
      },
      {
        "text": "key",
        "meta": "@item",
        "alias": "item",
        "userDefined": true
      }
    ],
    "isTemplate": false,
    "count": 0,
    "lang": "en",
    "updated": 0
  },
  {
    "id": "7eb9914a-53d4-4cd9-918d-bb08adc72402",
    "data": [
      {
        "text": "A ",
        "userDefined": false
      },
      {
        "text": "key",
        "meta": "@item",
        "alias": "item",
        "userDefined": true
      }
    ],
    "isTemplate": false,
    "count": 0,
    "lang": "en",
    "updated": 0
  },
  {
    "data": [
      {
        "text": "the ",
        "userDefined": false
      },
      {
        "text": "key",
        "meta": "@item",
        "alias": "item",
        "userDefined": false
      },
      {
        "text": ", the ",
        "userDefined": false
      },
      {
        "text": "rock",
        "meta": "@item",
        "alias": "item1",
        "userDefined": false
      },
      {
        "text": " and the ",
        "userDefined": false
      },
      {
        "text": "book",
        "meta": "@item",
        "alias": "item2",
        "userDefined": false
      }
    ],
    "isTemplate": false,
    "count": 0,
    "lang": "en",
    "updated": 0
  }
]