[
  {
    "id": "fe61aac7-004d-45a5-8435-6ea75fa83404",
    "data": [
      {
        "text": "baggage policies",
        "userDefined": false
      }
    ],
    "isTemplate": false,
    "count": 1,
    "lang": "en",
    "updated": 0
  },
  {
    "id": "7de1cd0c-0a27-4039-8629-c88e4c24b113",
    "data": [
      {
        "text": "baggage",
        "userDefined": false
      }
    ],
    "isTemplate": false,
    "count": 0,
    "lang": "en",
    "updated": 0
  },
  {
    "id": "b6c52f64-4a36-42fd-acbc-9718fc0273fb",
    "data": [
      {
        "text": "What can I put to my baggage?",
        "userDefined": false
      }
    ],
    "isTemplate": false,
    "count": 0,
    "lang": "en",
    "updated": 0
  },
  {
    "id": "2dda9cda-4d6f-4c1e-a308-27946826e007",
    "data": [
      {
        "text": "bags limits",
        "userDefined": false
      }
    ],
    "isTemplate": false,
    "count": 0,
    "lang": "en",
    "updated": 0
  },
  {
    "id": "f0564e88-7041-418a-a70e-4ef6fa7dcae2",
    "data": [
      {
        "text": "what are your baggage policies",
        "userDefined": false
      }
    ],
    "isTemplate": false,
    "count": 0,
    "lang": "en",
    "updated": 0
  },
  {
    "id": "fb052384-592e-4c94-baa1-09fdca0531a7",
    "data": [
      {
        "text": "I have a question about baggage",
        "userDefined": false
      }
    ],
    "isTemplate": false,
    "count": 0,
    "lang": "en",
    "updated": 0
  },
  {
    "id": "a5a76147-8bd7-4610-aefd-6bb2b8d0b644",
    "data": [
      {
        "text": "What can I bring on board?",
        "userDefined": false
      }
    ],
    "isTemplate": false,
    "count": 0,
    "lang": "en",
    "updated": 0
  },
  {
    "id": "119a3d84-2208-47ce-b6c2-749e0fd44f4f",
    "data": [
      {
        "text": "I have a question concerning my baggage",
        "userDefined": false
      }
    ],
    "isTemplate": false,
    "count": 0,
    "lang": "en",
    "updated": 0
  },
  {
    "id": "95f568e3-882c-462c-83c0-77edb786133c",
    "data": [
      {
        "text": "bag allowance",
        "userDefined": false
      }
    ],
    "isTemplate": false,
    "count": 0,
    "lang": "en",
    "updated": 0
  }
]