[
  {
    "id": "dc94a2ba-db83-4d5e-bd72-fc769315544e",
    "data": [
      {
        "text": "checking in online",
        "userDefined": false
      }
    ],
    "isTemplate": false,
    "count": 1,
    "lang": "en",
    "updated": 0
  },
  {
    "id": "8a3d1403-68ec-4f9e-9915-977fd3a9f190",
    "data": [
      {
        "text": "how do check in online",
        "userDefined": false
      }
    ],
    "isTemplate": false,
    "count": 0,
    "lang": "en",
    "updated": 0
  },
  {
    "id": "5aa6c8ed-eb2b-49cf-a4a2-751624b7c95b",
    "data": [
      {
        "text": "do you have online check-in",
        "userDefined": false
      }
    ],
    "isTemplate": false,
    "count": 0,
    "lang": "en",
    "updated": 0
  },
  {
    "id": "8b1aa38f-655d-49af-b1c5-81e495f076b7",
    "data": [
      {
        "text": "can I check-in right now",
        "userDefined": false
      }
    ],
    "isTemplate": false,
    "count": 0,
    "lang": "en",
    "updated": 0
  },
  {
    "id": "ec8af938-6a75-4e0b-b892-84c918d7c367",
    "data": [
      {
        "text": "online check-in",
        "userDefined": false
      }
    ],
    "isTemplate": false,
    "count": 0,
    "lang": "en",
    "updated": 0
  }
]