[
  {
    "id": "50b54cdc-6d35-4b01-9f7a-ce958d2c7c29",
    "data": [
      {
        "text": "I\u0027ve lost my luggage",
        "userDefined": false
      }
    ],
    "isTemplate": false,
    "count": 0,
    "lang": "en",
    "updated": 0
  },
  {
    "id": "cd4e9dc3-efef-4c2d-85fd-c8587d5e9350",
    "data": [
      {
        "text": "my luggage is lost",
        "userDefined": false
      }
    ],
    "isTemplate": false,
    "count": 0,
    "lang": "en",
    "updated": 0
  },
  {
    "id": "19dee721-46b0-49d7-8e8a-22c9bcdc7c20",
    "data": [
      {
        "text": "damaged luggage",
        "userDefined": false
      }
    ],
    "isTemplate": false,
    "count": 0,
    "lang": "en",
    "updated": 0
  },
  {
    "id": "6fec1fd6-05d9-4f02-9a64-121d50678294",
    "data": [
      {
        "text": "I lost my suitcase",
        "userDefined": false
      }
    ],
    "isTemplate": false,
    "count": 0,
    "lang": "en",
    "updated": 0
  },
  {
    "id": "6deb13e5-0252-4b73-95a5-30ede6c27e22",
    "data": [
      {
        "text": "my luggage was stolen",
        "userDefined": false
      }
    ],
    "isTemplate": false,
    "count": 0,
    "lang": "en",
    "updated": 0
  },
  {
    "id": "7cd24d01-01a1-4027-b05e-e42b61aeb64a",
    "data": [
      {
        "text": "my luggage is missing",
        "userDefined": false
      }
    ],
    "isTemplate": false,
    "count": 0,
    "lang": "en",
    "updated": 0
  },
  {
    "id": "3d7bbfaf-027f-48df-8561-299dec6cdc08",
    "data": [
      {
        "text": "my bag is damaged",
        "userDefined": false
      }
    ],
    "isTemplate": false,
    "count": 0,
    "lang": "en",
    "updated": 0
  },
  {
    "id": "d3b4b33a-7778-45c1-93a5-7cb494ff4b22",
    "data": [
      {
        "text": "I can\u0027t find my bags",
        "userDefined": false
      }
    ],
    "isTemplate": false,
    "count": 0,
    "lang": "en",
    "updated": 0
  },
  {
    "id": "adb62b5a-e736-4975-bcb5-57d546c5ad45",
    "data": [
      {
        "text": "my baggage is missing",
        "userDefined": false
      }
    ],
    "isTemplate": false,
    "count": 0,
    "lang": "en",
    "updated": 0
  }
]