[
  {
    "id": "17821824-d8d2-4823-8daa-dca84a71183e",
    "data": [
      {
        "text": "what\u0027s the maximum weight of the luggage that I can take",
        "userDefined": false
      }
    ],
    "isTemplate": false,
    "count": 0,
    "lang": "en",
    "updated": 0
  },
  {
    "id": "24b19493-3cbc-424c-8f24-88a5ba17e75e",
    "data": [
      {
        "text": "maximum size of hold luggage allowed",
        "userDefined": false
      }
    ],
    "isTemplate": false,
    "count": 0,
    "lang": "en",
    "updated": 0
  },
  {
    "id": "6a118949-ef1a-4d3b-ac32-8b818ca91ead",
    "data": [
      {
        "text": "Hold luggage allowance",
        "userDefined": false
      }
    ],
    "isTemplate": false,
    "count": 0,
    "lang": "en",
    "updated": 0
  },
  {
    "id": "e86179d1-d7e7-45c7-b36e-fe7177219d5b",
    "data": [
      {
        "text": "hold luggage",
        "userDefined": false
      }
    ],
    "isTemplate": false,
    "count": 0,
    "lang": "en",
    "updated": 0
  }
]