[
  {
    "id": "e16a1c8b-462b-47f0-b1b4-b2c83079d697",
    "data": [
      {
        "text": "what documents should I bring",
        "userDefined": false
      }
    ],
    "isTemplate": false,
    "count": 0,
    "lang": "en",
    "updated": 0
  },
  {
    "id": "26ae2591-d462-4d00-b509-2cec36b15c3f",
    "data": [
      {
        "text": "is identification needed",
        "userDefined": false
      }
    ],
    "isTemplate": false,
    "count": 0,
    "lang": "en",
    "updated": 0
  },
  {
    "id": "bd05beae-a3d9-4098-9ec8-b8599c0c20ca",
    "data": [
      {
        "text": "what type of id should I take",
        "userDefined": false
      }
    ],
    "isTemplate": false,
    "count": 0,
    "lang": "en",
    "updated": 0
  },
  {
    "id": "8fc262fd-a280-4d5e-8308-a0ae581821d3",
    "data": [
      {
        "text": "do I need an ID on domestic flights",
        "userDefined": false
      }
    ],
    "isTemplate": false,
    "count": 0,
    "lang": "en",
    "updated": 0
  }
]