[
  {
    "id": "95f21f0c-f063-4ef8-8eb0-fdf0015505cc",
    "data": [
      {
        "text": "BA 139",
        "meta": "@sys.flight-number",
        "alias": "flight-number",
        "userDefined": false
      },
      {
        "text": " too",
        "userDefined": false
      }
    ],
    "isTemplate": false,
    "count": 0,
    "lang": "en",
    "updated": 0
  },
  {
    "id": "db0781d4-d3e7-4446-86c1-7eb1581f439b",
    "data": [
      {
        "text": "how about ",
        "userDefined": false
      },
      {
        "text": "BA 039",
        "meta": "@sys.flight-number",
        "alias": "flight-number",
        "userDefined": false
      }
    ],
    "isTemplate": false,
    "count": 0,
    "lang": "en",
    "updated": 0
  },
  {
    "id": "04901393-79d2-45a0-b046-2bdea430a9c9",
    "data": [
      {
        "text": "SU 39",
        "meta": "@sys.flight-number",
        "alias": "flight-number",
        "userDefined": false
      }
    ],
    "isTemplate": false,
    "count": 0,
    "lang": "en",
    "updated": 0
  },
  {
    "id": "075c53ab-1913-4bff-b79b-91b8eb13dd86",
    "data": [
      {
        "text": "what about ",
        "userDefined": false
      },
      {
        "text": "BA 039",
        "meta": "@sys.flight-number",
        "alias": "flight-number",
        "userDefined": false
      }
    ],
    "isTemplate": false,
    "count": 0,
    "lang": "en",
    "updated": 0
  },
  {
    "id": "f50cc00c-4a91-4f0c-b0fa-70bc07c484f1",
    "data": [
      {
        "text": "find me ",
        "userDefined": false
      },
      {
        "text": "HA039",
        "meta": "@sys.flight-number",
        "alias": "flight-number",
        "userDefined": false
      },
      {
        "text": " number as ",
        "userDefined": false
      },
      {
        "text": "well",
        "meta": "@sys.ignore",
        "userDefined": false
      }
    ],
    "isTemplate": false,
    "count": 0,
    "lang": "en",
    "updated": 0
  },
  {
    "id": "f5cfc306-6749-4b6b-928a-f9f3ee3cc1a4",
    "data": [
      {
        "text": "BA 139",
        "meta": "@sys.flight-number",
        "alias": "flight-number",
        "userDefined": true
      },
      {
        "text": " as ",
        "userDefined": false
      },
      {
        "text": "well",
        "meta": "@sys.ignore",
        "userDefined": false
      }
    ],
    "isTemplate": false,
    "count": 0,
    "lang": "en",
    "updated": 0
  },
  {
    "id": "33563cb1-36b3-4cca-b42a-9fe9943ee102",
    "data": [
      {
        "text": "now ",
        "userDefined": false
      },
      {
        "text": "BA 139",
        "meta": "@sys.flight-number",
        "alias": "flight-number",
        "userDefined": false
      }
    ],
    "isTemplate": false,
    "count": 0,
    "lang": "en",
    "updated": 0
  },
  {
    "id": "56fa5705-fe94-48b7-becf-074c254dcac8",
    "data": [
      {
        "text": "now search for ",
        "userDefined": false
      },
      {
        "text": "LH433",
        "meta": "@sys.flight-number",
        "alias": "flight-number",
        "userDefined": false
      }
    ],
    "isTemplate": false,
    "count": 0,
    "lang": "en",
    "updated": 0
  },
  {
    "id": "e52cfb99-c891-446e-9082-ad41c62c9895",
    "data": [
      {
        "text": "AA 120",
        "meta": "@sys.flight-number",
        "alias": "flight-number",
        "userDefined": false
      },
      {
        "text": " ",
        "userDefined": false
      },
      {
        "text": "now",
        "meta": "@sys.ignore",
        "userDefined": false
      }
    ],
    "isTemplate": false,
    "count": 0,
    "lang": "en",
    "updated": 0
  },
  {
    "id": "371d852d-8ecc-42f3-89e5-d0614fc3a859",
    "data": [
      {
        "text": "now number ",
        "userDefined": false
      },
      {
        "text": "SU433",
        "meta": "@sys.flight-number",
        "alias": "flight-number",
        "userDefined": false
      }
    ],
    "isTemplate": false,
    "count": 0,
    "lang": "en",
    "updated": 0
  }
]