[
  {
    "id": "d3492684-2c64-43e3-9a48-4e77902a15b7",
    "data": [
      {
        "text": "book ",
        "userDefined": false
      },
      {
        "text": "refundable",
        "meta": "@refundable",
        "alias": "refundable",
        "userDefined": false
      },
      {
        "text": " tickets to ",
        "userDefined": false
      },
      {
        "text": "Barcelona",
        "meta": "@sys.location",
        "alias": "to",
        "userDefined": true
      }
    ],
    "isTemplate": false,
    "count": 0,
    "lang": "en",
    "updated": 0
  },
  {
    "id": "cc7c5c28-85dc-4762-8d53-3438c458db89",
    "data": [
      {
        "text": "book a flight ",
        "userDefined": false
      },
      {
        "text": "with refund",
        "meta": "@refundable",
        "alias": "refundable",
        "userDefined": false
      },
      {
        "text": " only",
        "userDefined": false
      }
    ],
    "isTemplate": false,
    "count": 0,
    "lang": "en",
    "updated": 0
  },
  {
    "id": "10cc7f24-62a3-46cd-a414-88ab03363004",
    "data": [
      {
        "text": "book ",
        "userDefined": false
      },
      {
        "text": "round",
        "meta": "@ticket-type",
        "alias": "ticket-type",
        "userDefined": false
      },
      {
        "text": " tickets to ",
        "userDefined": false
      },
      {
        "text": "Barcelona",
        "meta": "@sys.location",
        "alias": "to",
        "userDefined": false
      },
      {
        "text": " ",
        "userDefined": false
      },
      {
        "text": "from 1 Jan till 10 Jan",
        "meta": "@sys.date-period",
        "alias": "date-period",
        "userDefined": false
      }
    ],
    "isTemplate": false,
    "count": 0,
    "lang": "en",
    "updated": 0
  },
  {
    "id": "d8c21141-ec91-4d7d-87b3-b5eea55577a7",
    "data": [
      {
        "text": "book ",
        "userDefined": false
      },
      {
        "text": "cheapest",
        "meta": "@map-sort",
        "alias": "sort",
        "userDefined": true
      },
      {
        "text": " flights to ",
        "userDefined": false
      },
      {
        "text": "London",
        "meta": "@sys.location",
        "alias": "to",
        "userDefined": false
      },
      {
        "text": " for ",
        "userDefined": false
      },
      {
        "text": "October 03",
        "meta": "@sys.date-time",
        "alias": "departure",
        "userDefined": false
      }
    ],
    "isTemplate": false,
    "count": 0,
    "lang": "en",
    "updated": 0
  },
  {
    "id": "0d7e54f7-fece-4d34-a755-edf4a9b0edad",
    "data": [
      {
        "text": "I want book a flight to ",
        "userDefined": false
      },
      {
        "text": "Dubai",
        "meta": "@sys.location",
        "alias": "to",
        "userDefined": true
      }
    ],
    "isTemplate": false,
    "count": 0,
    "lang": "en",
    "updated": 0
  },
  {
    "id": "d3b57fc1-9e84-4dce-a7b0-e398eba79dbe",
    "data": [
      {
        "text": "book",
        "meta": "@sys.ignore",
        "userDefined": true
      },
      {
        "text": " flight from ",
        "userDefined": false
      },
      {
        "text": "San Francisco",
        "meta": "@sys.location",
        "alias": "from",
        "userDefined": true
      },
      {
        "text": " ",
        "userDefined": false
      },
      {
        "text": "to",
        "meta": "@sys.ignore",
        "userDefined": true
      },
      {
        "text": " ",
        "userDefined": false
      },
      {
        "text": "Los Angeles",
        "meta": "@sys.location",
        "alias": "to",
        "userDefined": true
      },
      {
        "text": " on ",
        "userDefined": false
      },
      {
        "text": "April 17-24",
        "meta": "@sys.date-time",
        "alias": "departure",
        "userDefined": true
      }
    ],
    "isTemplate": false,
    "count": 0,
    "lang": "en",
    "updated": 0
  },
  {
    "id": "7f09810c-b67a-426f-8728-dbcaec29ce6e",
    "data": [
      {
        "text": "book flight ",
        "userDefined": false
      },
      {
        "text": "business",
        "meta": "@class",
        "alias": "class",
        "userDefined": true
      },
      {
        "text": " class",
        "userDefined": false
      }
    ],
    "isTemplate": false,
    "count": 0,
    "lang": "en",
    "updated": 0
  },
  {
    "id": "cc4bded3-026f-4342-98b0-a67c1e8de29c",
    "data": [
      {
        "text": "book ",
        "userDefined": false
      },
      {
        "text": "round",
        "meta": "@ticket-type",
        "alias": "ticket-type",
        "userDefined": true
      },
      {
        "text": " tickets to ",
        "userDefined": false
      },
      {
        "text": "Barcelona",
        "meta": "@sys.location",
        "alias": "to",
        "userDefined": true
      }
    ],
    "isTemplate": false,
    "count": 0,
    "lang": "en",
    "updated": 0
  },
  {
    "id": "7f240fbb-4316-4c3f-bd3c-1be012db37e4",
    "data": [
      {
        "text": "can you book me a flight from ",
        "userDefined": false
      },
      {
        "text": "LAX",
        "meta": "@sys.location",
        "alias": "from",
        "userDefined": false
      },
      {
        "text": " to ",
        "userDefined": false
      },
      {
        "text": "JFK",
        "meta": "@sys.location",
        "alias": "to",
        "userDefined": false
      },
      {
        "text": " from ",
        "userDefined": false
      },
      {
        "text": "12th",
        "meta": "@sys.date-time",
        "alias": "departure",
        "userDefined": false
      },
      {
        "text": " to ",
        "userDefined": false
      },
      {
        "text": "15th",
        "meta": "@sys.date-time",
        "alias": "return",
        "userDefined": false
      },
      {
        "text": " ",
        "userDefined": false
      },
      {
        "text": "economy",
        "meta": "@class",
        "alias": "class",
        "userDefined": false
      },
      {
        "text": " please",
        "userDefined": false
      }
    ],
    "isTemplate": false,
    "count": 1,
    "lang": "en",
    "updated": 0
  },
  {
    "id": "4993ec05-535d-47eb-a247-62df22ad8245",
    "data": [
      {
        "text": "book",
        "meta": "@sys.ignore",
        "userDefined": true
      },
      {
        "text": " a flight for ",
        "userDefined": false
      },
      {
        "text": "tomorrow morning",
        "meta": "@sys.date-time",
        "alias": "departure",
        "userDefined": true
      }
    ],
    "isTemplate": false,
    "count": 0,
    "lang": "en",
    "updated": 0
  },
  {
    "id": "ad108b40-5c17-4194-a36e-886b450eb0c4",
    "data": [
      {
        "text": "book flight for ",
        "userDefined": false
      },
      {
        "text": "tomorrow",
        "meta": "@sys.date-time",
        "alias": "departure",
        "userDefined": true
      },
      {
        "text": " from ",
        "userDefined": false
      },
      {
        "text": "Madrid",
        "meta": "@sys.location",
        "alias": "from",
        "userDefined": true
      },
      {
        "text": " to ",
        "userDefined": false
      },
      {
        "text": "Barcelona",
        "meta": "@sys.location",
        "alias": "to",
        "userDefined": true
      }
    ],
    "isTemplate": false,
    "count": 0,
    "lang": "en",
    "updated": 0
  },
  {
    "id": "28150a78-4b71-425a-9b9c-f5d7f47de7b6",
    "data": [
      {
        "text": "book ",
        "userDefined": false
      },
      {
        "text": "direct",
        "meta": "@nonstop",
        "alias": "nonstop",
        "userDefined": true
      },
      {
        "text": " flight",
        "userDefined": false
      }
    ],
    "isTemplate": false,
    "count": 0,
    "lang": "en",
    "updated": 0
  },
  {
    "id": "ca434c26-1322-484e-a8fe-ea35b88307f6",
    "data": [
      {
        "text": "get",
        "meta": "@sys.ignore",
        "userDefined": true
      },
      {
        "text": " me the ",
        "userDefined": false
      },
      {
        "text": "nonstop",
        "meta": "@nonstop",
        "alias": "nonstop",
        "userDefined": true
      },
      {
        "text": " flight to ",
        "userDefined": false
      },
      {
        "text": "Amsterdam",
        "meta": "@sys.location",
        "alias": "to",
        "userDefined": true
      },
      {
        "text": " for ",
        "userDefined": false
      },
      {
        "text": "tomorrow",
        "meta": "@sys.date-time",
        "alias": "departure",
        "userDefined": true
      }
    ],
    "isTemplate": false,
    "count": 0,
    "lang": "en",
    "updated": 0
  },
  {
    "id": "f0e67535-a1b1-4706-aa0a-4b90a53f674a",
    "data": [
      {
        "text": "I want to book a flight to ",
        "userDefined": false
      },
      {
        "text": "Mumbai",
        "meta": "@sys.location",
        "alias": "to",
        "userDefined": true
      }
    ],
    "isTemplate": false,
    "count": 1,
    "lang": "en",
    "updated": 0
  },
  {
    "id": "4aa18fa7-673e-4eef-b85d-08884221bf21",
    "data": [
      {
        "text": "I need to buy a flight to ",
        "userDefined": false
      },
      {
        "text": "Seattle",
        "meta": "@sys.location",
        "alias": "to",
        "userDefined": true
      },
      {
        "text": " on ",
        "userDefined": false
      },
      {
        "text": "July 1st",
        "meta": "@sys.date-time",
        "alias": "departure",
        "userDefined": true
      },
      {
        "text": " from ",
        "userDefined": false
      },
      {
        "text": "LAX",
        "meta": "@sys.location",
        "alias": "from",
        "userDefined": true
      },
      {
        "text": " come back ",
        "userDefined": false
      },
      {
        "text": "7th July",
        "meta": "@sys.date-time",
        "alias": "return",
        "userDefined": true
      }
    ],
    "isTemplate": false,
    "count": 0,
    "lang": "en",
    "updated": 0
  },
  {
    "id": "a00f9576-3ca4-4f3c-8dac-cd0bb9a1c962",
    "data": [
      {
        "text": "get",
        "meta": "@sys.ignore",
        "userDefined": true
      },
      {
        "text": " ",
        "userDefined": false
      },
      {
        "text": "me the",
        "meta": "@sys.ignore",
        "userDefined": true
      },
      {
        "text": " ",
        "userDefined": false
      },
      {
        "text": "direct",
        "meta": "@nonstop",
        "alias": "nonstop",
        "userDefined": true
      },
      {
        "text": " flight to ",
        "userDefined": false
      },
      {
        "text": "Amsterdam",
        "meta": "@sys.location",
        "alias": "to",
        "userDefined": true
      }
    ],
    "isTemplate": false,
    "count": 0,
    "lang": "en",
    "updated": 0
  },
  {
    "id": "3e37a14b-1bbb-4563-a552-70f60eadc1dc",
    "data": [
      {
        "text": "book ",
        "userDefined": false
      },
      {
        "text": "one way",
        "meta": "@ticket-type",
        "alias": "ticket-type",
        "userDefined": true
      },
      {
        "text": " ticket to ",
        "userDefined": false
      },
      {
        "text": "Barcelona",
        "meta": "@sys.location",
        "alias": "to",
        "userDefined": true
      },
      {
        "text": " for ",
        "userDefined": false
      },
      {
        "text": "tomorrow",
        "meta": "@sys.date-time",
        "alias": "departure",
        "userDefined": true
      }
    ],
    "isTemplate": false,
    "count": 0,
    "lang": "en",
    "updated": 0
  },
  {
    "id": "f74c4531-3418-404c-ac06-814d7b3969de",
    "data": [
      {
        "text": "book me a flight to ",
        "userDefined": false
      },
      {
        "text": "New York",
        "meta": "@sys.location",
        "alias": "to",
        "userDefined": true
      },
      {
        "text": " ",
        "userDefined": false
      },
      {
        "text": "tomorrow afternoon",
        "meta": "@sys.date-time",
        "alias": "departure",
        "userDefined": true
      }
    ],
    "isTemplate": false,
    "count": 0,
    "lang": "en",
    "updated": 0
  },
  {
    "id": "2380e4fa-c8b9-41f7-b97a-4b4f7a39fd28",
    "data": [
      {
        "text": "book ticket for ",
        "userDefined": false
      },
      {
        "text": "1",
        "meta": "@sys.number",
        "alias": "adult",
        "userDefined": true
      },
      {
        "text": " adult",
        "userDefined": false
      }
    ],
    "isTemplate": false,
    "count": 0,
    "lang": "en",
    "updated": 0
  },
  {
    "id": "57c55abc-a994-412c-951a-5917c05debd2",
    "data": [
      {
        "text": "book",
        "meta": "@sys.ignore",
        "userDefined": true
      },
      {
        "text": " a flight from ",
        "userDefined": false
      },
      {
        "text": "Berlin",
        "meta": "@sys.location",
        "alias": "from",
        "userDefined": true
      }
    ],
    "isTemplate": false,
    "count": 0,
    "lang": "en",
    "updated": 0
  },
  {
    "id": "faebc843-3b93-436c-a94c-bbf9579a7222",
    "data": [
      {
        "text": "can you get me an airplane ticket",
        "userDefined": false
      }
    ],
    "isTemplate": false,
    "count": 1,
    "lang": "en",
    "updated": 0
  },
  {
    "id": "a1eddc33-c95d-4604-9d0b-8448e9a55afd",
    "data": [
      {
        "text": "book",
        "meta": "@sys.ignore",
        "userDefined": true
      },
      {
        "text": " flight from ",
        "userDefined": false
      },
      {
        "text": "Rome",
        "meta": "@sys.location",
        "alias": "from",
        "userDefined": true
      },
      {
        "text": " to ",
        "userDefined": false
      },
      {
        "text": "London",
        "meta": "@sys.location",
        "alias": "to",
        "userDefined": true
      },
      {
        "text": " for ",
        "userDefined": false
      },
      {
        "text": "1",
        "meta": "@sys.number",
        "alias": "adult",
        "userDefined": true
      }
    ],
    "isTemplate": false,
    "count": 0,
    "lang": "en",
    "updated": 0
  },
  {
    "id": "3f18cd51-fa24-4ccb-a8d2-b715ff48e9d2",
    "data": [
      {
        "text": "book flights for ",
        "userDefined": false
      },
      {
        "text": "2",
        "meta": "@sys.number",
        "alias": "adult",
        "userDefined": true
      },
      {
        "text": " people from ",
        "userDefined": false
      },
      {
        "text": "New York",
        "meta": "@sys.location",
        "alias": "from",
        "userDefined": true
      },
      {
        "text": " to ",
        "userDefined": false
      },
      {
        "text": "Ottawa",
        "meta": "@sys.location",
        "alias": "to",
        "userDefined": true
      },
      {
        "text": " for ",
        "userDefined": false
      },
      {
        "text": "February 7-10",
        "meta": "@sys.date-time",
        "alias": "departure",
        "userDefined": true
      }
    ],
    "isTemplate": false,
    "count": 1,
    "lang": "en",
    "updated": 0
  },
  {
    "id": "f87d44fc-8466-4a59-9b39-3e3b855eb6f8",
    "data": [
      {
        "text": "can you ",
        "userDefined": false
      },
      {
        "text": "book",
        "meta": "@sys.ignore",
        "userDefined": true
      },
      {
        "text": " a ticket for ",
        "userDefined": false
      },
      {
        "text": "1",
        "meta": "@sys.number",
        "alias": "adult",
        "userDefined": true
      }
    ],
    "isTemplate": false,
    "count": 0,
    "lang": "en",
    "updated": 0
  },
  {
    "id": "229f38ff-6c5a-4fcb-b7f9-6b924011a094",
    "data": [
      {
        "text": "can you book a flight to ",
        "userDefined": false
      },
      {
        "text": "Rome",
        "meta": "@sys.location",
        "alias": "to",
        "userDefined": false
      },
      {
        "text": " from ",
        "userDefined": false
      },
      {
        "text": "Japan",
        "meta": "@sys.location",
        "alias": "from",
        "userDefined": false
      }
    ],
    "isTemplate": false,
    "count": 1,
    "lang": "en",
    "updated": 0
  },
  {
    "id": "3c2fb764-70f8-45ac-a8e5-c93683154f70",
    "data": [
      {
        "text": "book a flight from ",
        "userDefined": false
      },
      {
        "text": "SFO",
        "meta": "@sys.location",
        "alias": "from",
        "userDefined": false
      },
      {
        "text": " to ",
        "userDefined": false
      },
      {
        "text": "LAX",
        "meta": "@sys.location",
        "alias": "to",
        "userDefined": false
      }
    ],
    "isTemplate": false,
    "count": 1,
    "lang": "en",
    "updated": 0
  },
  {
    "id": "86ae7a32-13e1-48ad-bd6a-5664db4de37a",
    "data": [
      {
        "text": "get me a ticket ",
        "userDefined": false
      },
      {
        "text": "from home",
        "meta": "@sys.ignore",
        "userDefined": true
      },
      {
        "text": " to ",
        "userDefined": false
      },
      {
        "text": "Dublin",
        "meta": "@sys.location",
        "alias": "to",
        "userDefined": true
      }
    ],
    "isTemplate": false,
    "count": 0,
    "lang": "en",
    "updated": 0
  },
  {
    "id": "3ab81247-08e8-44ae-b20c-e588ce8d7007",
    "data": [
      {
        "text": "how ",
        "userDefined": false
      },
      {
        "text": "to",
        "meta": "@sys.ignore",
        "userDefined": false
      },
      {
        "text": " rebook my flight",
        "userDefined": false
      }
    ],
    "isTemplate": false,
    "count": 1,
    "lang": "en",
    "updated": 0
  },
  {
    "id": "60a3ca31-0f22-4356-9752-6e92b309fd67",
    "data": [
      {
        "text": "get",
        "meta": "@sys.ignore",
        "userDefined": true
      },
      {
        "text": " me an airplane ticket in ",
        "userDefined": false
      },
      {
        "text": "business",
        "meta": "@class",
        "alias": "class",
        "userDefined": true
      },
      {
        "text": " class",
        "userDefined": false
      }
    ],
    "isTemplate": false,
    "count": 0,
    "lang": "en",
    "updated": 0
  },
  {
    "id": "f1fce7de-5bfc-492e-848c-54eb1057b2ce",
    "data": [
      {
        "text": "book",
        "meta": "@sys.ignore",
        "userDefined": true
      },
      {
        "text": " a flight for ",
        "userDefined": false
      },
      {
        "text": "2",
        "meta": "@sys.number",
        "alias": "adult",
        "userDefined": true
      }
    ],
    "isTemplate": false,
    "count": 0,
    "lang": "en",
    "updated": 0
  },
  {
    "id": "619cb679-0de8-4701-9f56-195da0012be7",
    "data": [
      {
        "text": "book a flight to ",
        "userDefined": false
      },
      {
        "text": "Delhi",
        "meta": "@sys.location",
        "alias": "to",
        "userDefined": true
      }
    ],
    "isTemplate": false,
    "count": 0,
    "lang": "en",
    "updated": 0
  },
  {
    "id": "94c1228b-55f1-4344-b9e3-3f4053041406",
    "data": [
      {
        "text": "book ",
        "userDefined": false
      },
      {
        "text": "non stop",
        "meta": "@nonstop",
        "alias": "nonstop",
        "userDefined": true
      },
      {
        "text": " flights only",
        "userDefined": false
      }
    ],
    "isTemplate": false,
    "count": 0,
    "lang": "en",
    "updated": 0
  },
  {
    "id": "07762178-e968-44af-85a0-358acb11ad15",
    "data": [
      {
        "text": "book",
        "meta": "@sys.ignore",
        "userDefined": true
      },
      {
        "text": " flight from here to ",
        "userDefined": false
      },
      {
        "text": "London",
        "meta": "@sys.location",
        "alias": "to",
        "userDefined": true
      }
    ],
    "isTemplate": false,
    "count": 0,
    "lang": "en",
    "updated": 0
  },
  {
    "id": "94598f1f-4cec-41b6-af8b-109a2af85cc1",
    "data": [
      {
        "text": "I need ",
        "userDefined": false
      },
      {
        "text": "your",
        "meta": "@sys.ignore",
        "userDefined": true
      },
      {
        "text": " help with flight booking",
        "userDefined": false
      }
    ],
    "isTemplate": false,
    "count": 0,
    "lang": "en",
    "updated": 0
  },
  {
    "id": "035d9b6e-348c-4924-bd8f-dc34add0c7a7",
    "data": [
      {
        "text": "book a flight from ",
        "userDefined": false
      },
      {
        "text": "London",
        "meta": "@sys.location",
        "alias": "from",
        "userDefined": true
      },
      {
        "text": " to ",
        "userDefined": false
      },
      {
        "text": "New York",
        "meta": "@sys.location",
        "alias": "to",
        "userDefined": true
      }
    ],
    "isTemplate": false,
    "count": 0,
    "lang": "en",
    "updated": 0
  },
  {
    "id": "2819a7b7-6f37-4a71-862d-0d8a7fa55e9d",
    "data": [
      {
        "text": "I have a meeting in ",
        "userDefined": false
      },
      {
        "text": "SF",
        "meta": "@sys.location",
        "alias": "to",
        "userDefined": false
      },
      {
        "text": " ",
        "userDefined": false
      },
      {
        "text": "tomorrow",
        "meta": "@sys.date-time",
        "alias": "departure",
        "userDefined": true
      },
      {
        "text": " book me a flight",
        "userDefined": false
      }
    ],
    "isTemplate": false,
    "count": 1,
    "lang": "en",
    "updated": 0
  },
  {
    "id": "e10193e8-20c6-4319-bc2c-8d239044437b",
    "data": [
      {
        "text": "book a flight for ",
        "userDefined": false
      },
      {
        "text": "3",
        "meta": "@sys.number",
        "alias": "adult",
        "userDefined": true
      },
      {
        "text": " adults",
        "userDefined": false
      }
    ],
    "isTemplate": false,
    "count": 0,
    "lang": "en",
    "updated": 0
  },
  {
    "id": "d08795dd-853e-4799-bc85-54e74b35206e",
    "data": [
      {
        "text": "book",
        "meta": "@sys.ignore",
        "userDefined": true
      },
      {
        "text": " flight from ",
        "userDefined": false
      },
      {
        "text": "London",
        "meta": "@sys.location",
        "alias": "from",
        "userDefined": true
      },
      {
        "text": " to my city",
        "userDefined": false
      }
    ],
    "isTemplate": false,
    "count": 0,
    "lang": "en",
    "updated": 0
  },
  {
    "id": "203e873c-e84e-4d9e-947a-c14b4a65f9e2",
    "data": [
      {
        "text": "book flight from ",
        "userDefined": false
      },
      {
        "text": "1 Jan",
        "meta": "@sys.date-time",
        "alias": "departure",
        "userDefined": true
      },
      {
        "text": " to ",
        "userDefined": false
      },
      {
        "text": "10 Jan",
        "meta": "@sys.date-time",
        "alias": "return",
        "userDefined": true
      },
      {
        "text": " from ",
        "userDefined": false
      },
      {
        "text": "Madrid",
        "meta": "@sys.location",
        "alias": "from",
        "userDefined": true
      },
      {
        "text": " to ",
        "userDefined": false
      },
      {
        "text": "Barcelona",
        "meta": "@sys.location",
        "alias": "to",
        "userDefined": true
      }
    ],
    "isTemplate": false,
    "count": 0,
    "lang": "en",
    "updated": 0
  },
  {
    "id": "e3c65ee8-92ad-4198-b03b-8e875c96758a",
    "data": [
      {
        "text": "book ",
        "userDefined": false
      },
      {
        "text": "first",
        "meta": "@class",
        "alias": "class",
        "userDefined": true
      },
      {
        "text": " class ticket from ",
        "userDefined": false
      },
      {
        "text": "Madrid",
        "meta": "@sys.location",
        "alias": "from",
        "userDefined": true
      },
      {
        "text": " to ",
        "userDefined": false
      },
      {
        "text": "Barcelona",
        "meta": "@sys.location",
        "alias": "to",
        "userDefined": true
      }
    ],
    "isTemplate": false,
    "count": 0,
    "lang": "en",
    "updated": 0
  },
  {
    "id": "d5cc4bb9-ac91-446c-b2b6-68535b4af9aa",
    "data": [
      {
        "text": "book flights for ",
        "userDefined": false
      },
      {
        "text": "3",
        "meta": "@sys.number",
        "alias": "adult",
        "userDefined": true
      },
      {
        "text": " adults from ",
        "userDefined": false
      },
      {
        "text": "March 8",
        "meta": "@sys.date-time",
        "alias": "departure",
        "userDefined": true
      },
      {
        "text": " till ",
        "userDefined": false
      },
      {
        "text": "May 17",
        "meta": "@sys.date-time",
        "alias": "return",
        "userDefined": true
      },
      {
        "text": " from ",
        "userDefined": false
      },
      {
        "text": "New Delhi",
        "meta": "@sys.location",
        "alias": "from",
        "userDefined": true
      },
      {
        "text": " to ",
        "userDefined": false
      },
      {
        "text": "Frankfurt",
        "meta": "@sys.location",
        "alias": "to",
        "userDefined": true
      }
    ],
    "isTemplate": false,
    "count": 1,
    "lang": "en",
    "updated": 0
  },
  {
    "id": "de1fc1ab-469a-45da-9bd3-9bee8dd5a964",
    "data": [
      {
        "text": "book me a flight from ",
        "userDefined": false
      },
      {
        "text": "JFK",
        "meta": "@sys.location",
        "alias": "from",
        "userDefined": true
      },
      {
        "text": " to ",
        "userDefined": false
      },
      {
        "text": "LAX",
        "meta": "@sys.location",
        "alias": "to",
        "userDefined": true
      },
      {
        "text": " ",
        "userDefined": false
      },
      {
        "text": "tomorrow morning",
        "meta": "@sys.date-time",
        "alias": "departure",
        "userDefined": true
      },
      {
        "text": " in ",
        "userDefined": false
      },
      {
        "text": "economy",
        "meta": "@class",
        "alias": "class",
        "userDefined": true
      }
    ],
    "isTemplate": false,
    "count": 2,
    "lang": "en",
    "updated": 0
  },
  {
    "id": "fa23d5bf-8ce7-41fc-a27e-3676a27d657f",
    "data": [
      {
        "text": "book a flight for ",
        "userDefined": false
      },
      {
        "text": "next month",
        "meta": "@sys.date-time",
        "alias": "departure",
        "userDefined": true
      }
    ],
    "isTemplate": false,
    "count": 0,
    "lang": "en",
    "updated": 0
  },
  {
    "id": "d4f38d47-fda2-458d-ad3e-8f7c331d8186",
    "data": [
      {
        "text": "book flight from ",
        "userDefined": false
      },
      {
        "text": "Moscow",
        "meta": "@sys.location",
        "alias": "from",
        "userDefined": true
      },
      {
        "text": " to ",
        "userDefined": false
      },
      {
        "text": "Paris",
        "meta": "@sys.location",
        "alias": "to",
        "userDefined": true
      },
      {
        "text": " for less than ",
        "userDefined": false
      },
      {
        "text": "200$",
        "meta": "@sys.unit-currency",
        "alias": "price",
        "userDefined": true
      },
      {
        "text": " no more than ",
        "userDefined": false
      },
      {
        "text": "1",
        "meta": "@sys.number",
        "alias": "stops",
        "userDefined": true
      },
      {
        "text": " stop",
        "userDefined": false
      }
    ],
    "isTemplate": false,
    "count": 0,
    "lang": "en",
    "updated": 0
  },
  {
    "id": "a0bed66a-d9b3-40b8-961e-6b79317c0b73",
    "data": [
      {
        "text": "I ",
        "userDefined": false
      },
      {
        "text": "need to",
        "meta": "@sys.ignore",
        "userDefined": true
      },
      {
        "text": " ",
        "userDefined": false
      },
      {
        "text": "book",
        "meta": "@sys.ignore",
        "userDefined": true
      },
      {
        "text": " a flight for ",
        "userDefined": false
      },
      {
        "text": "tomorrow",
        "meta": "@sys.date-time",
        "alias": "departure",
        "userDefined": true
      },
      {
        "text": "\u0027s trip",
        "userDefined": false
      }
    ],
    "isTemplate": false,
    "count": 0,
    "lang": "en",
    "updated": 0
  },
  {
    "id": "4004c1d1-7ea2-4801-a011-ac4edcfb935d",
    "data": [
      {
        "text": "book ticket for ",
        "userDefined": false
      },
      {
        "text": "1",
        "meta": "@sys.number",
        "alias": "child",
        "userDefined": true
      },
      {
        "text": " child",
        "userDefined": false
      }
    ],
    "isTemplate": false,
    "count": 0,
    "lang": "en",
    "updated": 0
  },
  {
    "id": "6cac870f-6b85-425f-b5b0-ccedbdfe3b8e",
    "data": [
      {
        "text": "I want to book a flight from ",
        "userDefined": false
      },
      {
        "text": "Bogota",
        "meta": "@sys.location",
        "alias": "from",
        "userDefined": false
      },
      {
        "text": " to ",
        "userDefined": false
      },
      {
        "text": "Denver",
        "meta": "@sys.location",
        "alias": "to",
        "userDefined": false
      },
      {
        "text": " departing on ",
        "userDefined": false
      },
      {
        "text": "December 3",
        "meta": "@sys.date-time",
        "alias": "departure",
        "userDefined": false
      },
      {
        "text": " and arriving on ",
        "userDefined": false
      },
      {
        "text": "December 20",
        "meta": "@sys.date-time",
        "alias": "return",
        "userDefined": false
      }
    ],
    "isTemplate": false,
    "count": 1,
    "lang": "en",
    "updated": 0
  },
  {
    "id": "28b8b680-f738-42e4-8cf0-87e5d738e213",
    "data": [
      {
        "text": "book flight from ",
        "userDefined": false
      },
      {
        "text": "1 Jan",
        "meta": "@sys.date-time",
        "alias": "departure",
        "userDefined": true
      },
      {
        "text": " to ",
        "userDefined": false
      },
      {
        "text": "10 Jan",
        "meta": "@sys.date-time",
        "alias": "return",
        "userDefined": true
      },
      {
        "text": " to ",
        "userDefined": false
      },
      {
        "text": "Barcelona",
        "meta": "@sys.location",
        "alias": "to",
        "userDefined": true
      }
    ],
    "isTemplate": false,
    "count": 0,
    "lang": "en",
    "updated": 0
  },
  {
    "id": "7277417d-4011-485e-8899-72a8db597c06",
    "data": [
      {
        "text": "how to book flights",
        "userDefined": false
      }
    ],
    "isTemplate": false,
    "count": 0,
    "lang": "en",
    "updated": 0
  },
  {
    "id": "267a9eac-a10c-430c-b465-6e9ee012c7a5",
    "data": [
      {
        "text": "book me a flight from ",
        "userDefined": false
      },
      {
        "text": "Dubai",
        "meta": "@sys.location",
        "alias": "from",
        "userDefined": false
      },
      {
        "text": " to ",
        "userDefined": false
      },
      {
        "text": "Los Angeles",
        "meta": "@sys.location",
        "alias": "to",
        "userDefined": true
      }
    ],
    "isTemplate": false,
    "count": 1,
    "lang": "en",
    "updated": 0
  },
  {
    "id": "03af4810-ff8e-4956-b44b-c99b5e79f026",
    "data": [
      {
        "text": "get me a flight to ",
        "userDefined": false
      },
      {
        "text": "Joburg",
        "meta": "@sys.location",
        "alias": "to",
        "userDefined": true
      },
      {
        "text": " ",
        "userDefined": false
      },
      {
        "text": "tomorrow",
        "meta": "@sys.date-time",
        "alias": "departure",
        "userDefined": true
      }
    ],
    "isTemplate": false,
    "count": 0,
    "lang": "en",
    "updated": 0
  },
  {
    "id": "b588a727-2247-4947-b8c6-86bb0b539506",
    "data": [
      {
        "text": "reserve",
        "meta": "@sys.ignore",
        "userDefined": false
      },
      {
        "text": " the flight to ",
        "userDefined": false
      },
      {
        "text": "Seoul",
        "meta": "@sys.location",
        "alias": "to",
        "userDefined": false
      }
    ],
    "isTemplate": false,
    "count": 1,
    "lang": "en",
    "updated": 0
  },
  {
    "id": "c54bc551-ae10-4404-9a91-f79309798ad7",
    "data": [
      {
        "text": "book ",
        "userDefined": false
      },
      {
        "text": "first",
        "meta": "@class",
        "alias": "class",
        "userDefined": true
      },
      {
        "text": " class ticket from ",
        "userDefined": false
      },
      {
        "text": "Madrid",
        "meta": "@sys.location",
        "alias": "from",
        "userDefined": true
      },
      {
        "text": " to ",
        "userDefined": false
      },
      {
        "text": "Barcelona",
        "meta": "@sys.location",
        "alias": "to",
        "userDefined": true
      },
      {
        "text": " from ",
        "userDefined": false
      },
      {
        "text": "1 Jan",
        "meta": "@sys.date-time",
        "alias": "departure",
        "userDefined": true
      },
      {
        "text": " to ",
        "userDefined": false
      },
      {
        "text": "10 Jan",
        "meta": "@sys.date-time",
        "alias": "return",
        "userDefined": true
      }
    ],
    "isTemplate": false,
    "count": 0,
    "lang": "en",
    "updated": 0
  },
  {
    "id": "ef2fa4f5-819c-4a5a-81e4-68121e35dd1f",
    "data": [
      {
        "text": "book a flight from ",
        "userDefined": false
      },
      {
        "text": "Bogota",
        "meta": "@sys.location",
        "alias": "from",
        "userDefined": false
      },
      {
        "text": " to ",
        "userDefined": false
      },
      {
        "text": "Madrid",
        "meta": "@sys.location",
        "alias": "to",
        "userDefined": false
      },
      {
        "text": " departing on ",
        "userDefined": false
      },
      {
        "text": "December 21",
        "meta": "@sys.date-time",
        "alias": "departure",
        "userDefined": false
      }
    ],
    "isTemplate": false,
    "count": 1,
    "lang": "en",
    "updated": 0
  },
  {
    "id": "4af13171-4f44-4b79-b0ea-9a6843c39f24",
    "data": [
      {
        "text": "book a flight ticket to ",
        "userDefined": false
      },
      {
        "text": "Denpasar",
        "meta": "@sys.location",
        "alias": "to",
        "userDefined": false
      },
      {
        "text": " on ",
        "userDefined": false
      },
      {
        "text": "Next Monday",
        "meta": "@sys.date-time",
        "alias": "departure",
        "userDefined": false
      }
    ],
    "isTemplate": false,
    "count": 1,
    "lang": "en",
    "updated": 0
  },
  {
    "id": "91d5905f-50fb-4053-8ca3-e5d360497c3c",
    "data": [
      {
        "text": "how can I ",
        "userDefined": false
      },
      {
        "text": "get",
        "meta": "@sys.ignore",
        "userDefined": true
      },
      {
        "text": " an airplane ticket",
        "userDefined": false
      }
    ],
    "isTemplate": false,
    "count": 0,
    "lang": "en",
    "updated": 0
  },
  {
    "id": "fd5e3efa-343c-4306-8996-5e4308266e3d",
    "data": [
      {
        "text": "I need to book a flight from ",
        "userDefined": false
      },
      {
        "text": "California",
        "meta": "@sys.location",
        "alias": "from",
        "userDefined": true
      },
      {
        "text": " to ",
        "userDefined": false
      },
      {
        "text": "Seoul",
        "meta": "@sys.location",
        "alias": "to",
        "userDefined": true
      }
    ],
    "isTemplate": false,
    "count": 1,
    "lang": "en",
    "updated": 0
  },
  {
    "id": "f7c79eab-b9c8-4642-bfe5-2ed85bcd2861",
    "data": [
      {
        "text": "I want to book an airplane ticket to ",
        "userDefined": false
      },
      {
        "text": "Moscow",
        "meta": "@sys.location",
        "alias": "to",
        "userDefined": true
      }
    ],
    "isTemplate": false,
    "count": 0,
    "lang": "en",
    "updated": 0
  },
  {
    "id": "21c1eb8f-6f6e-4df4-9bfc-68224d83bd81",
    "data": [
      {
        "text": "book flight for ",
        "userDefined": false
      },
      {
        "text": "tomorrow",
        "meta": "@sys.date-time",
        "alias": "departure",
        "userDefined": true
      },
      {
        "text": " to ",
        "userDefined": false
      },
      {
        "text": "Barcelona",
        "meta": "@sys.location",
        "alias": "to",
        "userDefined": true
      }
    ],
    "isTemplate": false,
    "count": 1,
    "lang": "en",
    "updated": 0
  },
  {
    "id": "7f74e101-0360-4282-862f-225dbf0ae68e",
    "data": [
      {
        "text": "please ",
        "userDefined": false
      },
      {
        "text": "book",
        "meta": "@sys.ignore",
        "userDefined": true
      },
      {
        "text": " ",
        "userDefined": false
      },
      {
        "text": "me",
        "meta": "@sys.ignore",
        "userDefined": true
      },
      {
        "text": " ",
        "userDefined": false
      },
      {
        "text": "BKK",
        "meta": "@sys.location",
        "alias": "from",
        "userDefined": true
      },
      {
        "text": " to ",
        "userDefined": false
      },
      {
        "text": "RGN",
        "meta": "@sys.location",
        "alias": "to",
        "userDefined": true
      },
      {
        "text": " on ",
        "userDefined": false
      },
      {
        "text": "26 July",
        "meta": "@sys.date-time",
        "alias": "departure",
        "userDefined": true
      },
      {
        "text": " return ",
        "userDefined": false
      },
      {
        "text": "28 July",
        "meta": "@sys.date-time",
        "alias": "return",
        "userDefined": true
      }
    ],
    "isTemplate": false,
    "count": 0,
    "lang": "en",
    "updated": 0
  },
  {
    "id": "94ec8d97-bb25-445a-9c8d-d80d1994d67b",
    "data": [
      {
        "text": "book ",
        "userDefined": false
      },
      {
        "text": "round trip",
        "meta": "@ticket-type",
        "alias": "ticket-type",
        "userDefined": true
      },
      {
        "text": " flight",
        "userDefined": false
      }
    ],
    "isTemplate": false,
    "count": 0,
    "lang": "en",
    "updated": 0
  },
  {
    "id": "bb5a433e-169e-4818-95f3-091b2917ad8d",
    "data": [
      {
        "text": "book flights for ",
        "userDefined": false
      },
      {
        "text": "4",
        "meta": "@sys.number",
        "alias": "adult",
        "userDefined": true
      },
      {
        "text": " adults from ",
        "userDefined": false
      },
      {
        "text": "February 7",
        "meta": "@sys.date-time",
        "alias": "departure",
        "userDefined": true
      },
      {
        "text": " till ",
        "userDefined": false
      },
      {
        "text": "February 10",
        "meta": "@sys.date-time",
        "alias": "return",
        "userDefined": true
      },
      {
        "text": " from ",
        "userDefined": false
      },
      {
        "text": "New York",
        "meta": "@sys.location",
        "alias": "from",
        "userDefined": true
      },
      {
        "text": " to ",
        "userDefined": false
      },
      {
        "text": "Ottawa",
        "meta": "@sys.location",
        "alias": "to",
        "userDefined": true
      }
    ],
    "isTemplate": false,
    "count": 1,
    "lang": "en",
    "updated": 0
  },
  {
    "id": "712b1ffd-6958-4e15-bb2c-a878284a3013",
    "data": [
      {
        "text": "book",
        "meta": "@sys.ignore",
        "userDefined": true
      },
      {
        "text": " flight from ",
        "userDefined": false
      },
      {
        "text": "Moscow",
        "meta": "@sys.location",
        "alias": "from",
        "userDefined": true
      },
      {
        "text": " ",
        "userDefined": false
      },
      {
        "text": "to",
        "meta": "@sys.ignore",
        "userDefined": true
      },
      {
        "text": " ",
        "userDefined": false
      },
      {
        "text": "Paris",
        "meta": "@sys.location",
        "alias": "to",
        "userDefined": true
      },
      {
        "text": " for less than ",
        "userDefined": false
      },
      {
        "text": "100 euro",
        "meta": "@sys.unit-currency",
        "alias": "price",
        "userDefined": true
      }
    ],
    "isTemplate": false,
    "count": 0,
    "lang": "en",
    "updated": 0
  },
  {
    "id": "52104ae9-265c-42fd-9f97-8fc4b73fda86",
    "data": [
      {
        "text": "book",
        "meta": "@sys.ignore",
        "userDefined": true
      },
      {
        "text": " flight in ",
        "userDefined": false
      },
      {
        "text": "business",
        "meta": "@class",
        "alias": "class",
        "userDefined": true
      },
      {
        "text": " class",
        "userDefined": false
      }
    ],
    "isTemplate": false,
    "count": 0,
    "lang": "en",
    "updated": 0
  },
  {
    "id": "dfb4f7c3-2c25-4d8d-8e0b-40c03d8635a7",
    "data": [
      {
        "text": "book ",
        "userDefined": false
      },
      {
        "text": "oneway",
        "meta": "@ticket-type",
        "alias": "ticket-type",
        "userDefined": true
      },
      {
        "text": " ticket to ",
        "userDefined": false
      },
      {
        "text": "Barcelona",
        "meta": "@sys.location",
        "alias": "to",
        "userDefined": true
      },
      {
        "text": " from ",
        "userDefined": false
      },
      {
        "text": "1 Jan",
        "meta": "@sys.date-time",
        "alias": "departure",
        "userDefined": true
      },
      {
        "text": " till ",
        "userDefined": false
      },
      {
        "text": "10 Jan",
        "meta": "@sys.date-time",
        "alias": "return",
        "userDefined": true
      }
    ],
    "isTemplate": false,
    "count": 0,
    "lang": "en",
    "updated": 0
  },
  {
    "id": "75f92829-bfa0-4888-8ba9-f2aaa35df2de",
    "data": [
      {
        "text": "buy me a flight from ",
        "userDefined": false
      },
      {
        "text": "NYC",
        "meta": "@sys.location",
        "alias": "from",
        "userDefined": true
      },
      {
        "text": " to ",
        "userDefined": false
      },
      {
        "text": "Bangkok",
        "meta": "@sys.location",
        "alias": "to",
        "userDefined": true
      },
      {
        "text": " with ",
        "userDefined": false
      },
      {
        "text": "no layover",
        "meta": "@nonstop",
        "alias": "nonstop",
        "userDefined": true
      }
    ],
    "isTemplate": false,
    "count": 0,
    "lang": "en",
    "updated": 0
  },
  {
    "id": "93dd82e9-50c1-47aa-a9b4-221d0936a8c3",
    "data": [
      {
        "text": "can you please book the tickets for the following flight ",
        "userDefined": false
      },
      {
        "text": "FRA",
        "meta": "@sys.location",
        "alias": "from",
        "userDefined": true
      },
      {
        "text": " to ",
        "userDefined": false
      },
      {
        "text": "MUC",
        "meta": "@sys.location",
        "alias": "to",
        "userDefined": true
      }
    ],
    "isTemplate": false,
    "count": 0,
    "lang": "en",
    "updated": 0
  },
  {
    "id": "08e3e8ca-74c0-4d68-82c9-910805517754",
    "data": [
      {
        "text": "book ",
        "userDefined": false
      },
      {
        "text": "first",
        "meta": "@class",
        "alias": "class",
        "userDefined": true
      },
      {
        "text": " class ticket from ",
        "userDefined": false
      },
      {
        "text": "Madrid",
        "meta": "@sys.location",
        "alias": "from",
        "userDefined": true
      },
      {
        "text": " to ",
        "userDefined": false
      },
      {
        "text": "Barcelona",
        "meta": "@sys.location",
        "alias": "to",
        "userDefined": true
      },
      {
        "text": " for ",
        "userDefined": false
      },
      {
        "text": "tomorrow",
        "meta": "@sys.date-time",
        "alias": "departure",
        "userDefined": true
      }
    ],
    "isTemplate": false,
    "count": 0,
    "lang": "en",
    "updated": 0
  },
  {
    "id": "3820f2eb-c1bf-4c5d-b8ad-60fa2517574e",
    "data": [
      {
        "text": "book",
        "meta": "@sys.ignore",
        "userDefined": true
      },
      {
        "text": " ",
        "userDefined": false
      },
      {
        "text": "cheap",
        "meta": "@map-sort",
        "alias": "sort",
        "userDefined": true
      },
      {
        "text": " flight",
        "userDefined": false
      }
    ],
    "isTemplate": false,
    "count": 0,
    "lang": "en",
    "updated": 0
  },
  {
    "id": "1305bc49-dbb9-4536-9039-fd81b5983453",
    "data": [
      {
        "text": "book airplane tickets from ",
        "userDefined": false
      },
      {
        "text": "San Francisco",
        "meta": "@sys.location",
        "alias": "from",
        "userDefined": true
      },
      {
        "text": " to ",
        "userDefined": false
      },
      {
        "text": "Houston",
        "meta": "@sys.location",
        "alias": "to",
        "userDefined": true
      },
      {
        "text": " on ",
        "userDefined": false
      },
      {
        "text": "October 18-24",
        "meta": "@sys.date-time",
        "alias": "departure",
        "userDefined": true
      }
    ],
    "isTemplate": false,
    "count": 0,
    "lang": "en",
    "updated": 0
  },
  {
    "id": "80f4c404-38ec-48ff-a88f-5e44b6ae0e9c",
    "data": [
      {
        "text": "book ",
        "userDefined": false
      },
      {
        "text": "first",
        "meta": "@class",
        "alias": "class",
        "userDefined": true
      },
      {
        "text": " class ticket to ",
        "userDefined": false
      },
      {
        "text": "Barcelona",
        "meta": "@sys.location",
        "alias": "to",
        "userDefined": true
      },
      {
        "text": " from ",
        "userDefined": false
      },
      {
        "text": "1 Jan",
        "meta": "@sys.date-time",
        "alias": "departure",
        "userDefined": true
      },
      {
        "text": " to ",
        "userDefined": false
      },
      {
        "text": "10 Jan",
        "meta": "@sys.date-time",
        "alias": "return",
        "userDefined": true
      }
    ],
    "isTemplate": false,
    "count": 0,
    "lang": "en",
    "updated": 0
  },
  {
    "id": "cfdd4a8f-8936-41a8-a02d-b6594c462042",
    "data": [
      {
        "text": "buy flight ",
        "userDefined": false
      },
      {
        "text": "tickets",
        "meta": "@sys.ignore",
        "userDefined": false
      },
      {
        "text": " ",
        "userDefined": false
      },
      {
        "text": "to",
        "meta": "@sys.ignore",
        "userDefined": false
      },
      {
        "text": " ",
        "userDefined": false
      },
      {
        "text": "Atlanta",
        "meta": "@sys.location",
        "alias": "to",
        "userDefined": false
      }
    ],
    "isTemplate": false,
    "count": 0,
    "lang": "en",
    "updated": 0
  },
  {
    "id": "34b4c5bd-2ae4-4b18-82c6-bb386c2f49cf",
    "data": [
      {
        "text": "book flights for ",
        "userDefined": false
      },
      {
        "text": "4",
        "meta": "@sys.number",
        "alias": "adult",
        "userDefined": true
      },
      {
        "text": " adults from ",
        "userDefined": false
      },
      {
        "text": "May 8",
        "meta": "@sys.date-time",
        "alias": "departure",
        "userDefined": true
      },
      {
        "text": " till ",
        "userDefined": false
      },
      {
        "text": "May 17",
        "meta": "@sys.date-time",
        "alias": "return",
        "userDefined": true
      },
      {
        "text": " from ",
        "userDefined": false
      },
      {
        "text": "London",
        "meta": "@sys.location",
        "alias": "from",
        "userDefined": true
      },
      {
        "text": " to ",
        "userDefined": false
      },
      {
        "text": "Paris",
        "meta": "@sys.location",
        "alias": "to",
        "userDefined": true
      }
    ],
    "isTemplate": false,
    "count": 1,
    "lang": "en",
    "updated": 0
  },
  {
    "id": "b3fe504f-f338-465c-9881-8ff1753ac59b",
    "data": [
      {
        "text": "get me a ",
        "userDefined": false
      },
      {
        "text": "non-stop",
        "meta": "@nonstop",
        "alias": "nonstop",
        "userDefined": true
      },
      {
        "text": " flight to ",
        "userDefined": false
      },
      {
        "text": "Amsterdam",
        "meta": "@sys.location",
        "alias": "to",
        "userDefined": true
      },
      {
        "text": " for ",
        "userDefined": false
      },
      {
        "text": "tomorrow",
        "meta": "@sys.date-time",
        "alias": "departure",
        "userDefined": true
      }
    ],
    "isTemplate": false,
    "count": 0,
    "lang": "en",
    "updated": 0
  },
  {
    "id": "7987e749-5de5-4880-96d2-5e9ffe2e465a",
    "data": [
      {
        "text": "book flight from ",
        "userDefined": false
      },
      {
        "text": "Vancouver",
        "meta": "@sys.location",
        "alias": "from",
        "userDefined": true
      },
      {
        "text": " ",
        "userDefined": false
      },
      {
        "text": "to",
        "meta": "@sys.ignore",
        "userDefined": true
      },
      {
        "text": " ",
        "userDefined": false
      },
      {
        "text": "Paris",
        "meta": "@sys.location",
        "alias": "to",
        "userDefined": true
      },
      {
        "text": " for less than ",
        "userDefined": false
      },
      {
        "text": "200 euro",
        "meta": "@sys.unit-currency",
        "alias": "price",
        "userDefined": true
      },
      {
        "text": " no more than ",
        "userDefined": false
      },
      {
        "text": "1",
        "meta": "@sys.number",
        "alias": "stops",
        "userDefined": true
      },
      {
        "text": " ",
        "userDefined": false
      },
      {
        "text": "stop",
        "meta": "@sys.ignore",
        "userDefined": true
      }
    ],
    "isTemplate": false,
    "count": 3,
    "lang": "en",
    "updated": 0
  },
  {
    "id": "32f8b9f3-62c9-4368-a541-7080f73704d3",
    "data": [
      {
        "text": "I\u0027m going to fly to ",
        "userDefined": false
      },
      {
        "text": "Amsterdam",
        "meta": "@sys.location",
        "alias": "to",
        "userDefined": true
      },
      {
        "text": " ",
        "userDefined": false
      },
      {
        "text": "book",
        "meta": "@sys.ignore",
        "userDefined": true
      },
      {
        "text": " a flight",
        "userDefined": false
      }
    ],
    "isTemplate": false,
    "count": 0,
    "lang": "en",
    "updated": 0
  },
  {
    "id": "c8602fad-1ea3-4124-9d19-97bf1ba261c6",
    "data": [
      {
        "text": "hi I would like to book a flight from ",
        "userDefined": false
      },
      {
        "text": "SF",
        "meta": "@sys.location",
        "alias": "from",
        "userDefined": false
      },
      {
        "text": " to ",
        "userDefined": false
      },
      {
        "text": "Paris",
        "meta": "@sys.location",
        "alias": "to",
        "userDefined": false
      },
      {
        "text": " leaving on ",
        "userDefined": false
      },
      {
        "text": "Monday",
        "meta": "@sys.date-time",
        "alias": "departure",
        "userDefined": false
      },
      {
        "text": " and back on ",
        "userDefined": false
      },
      {
        "text": "Friday",
        "meta": "@sys.date-time",
        "alias": "return",
        "userDefined": false
      }
    ],
    "isTemplate": false,
    "count": 1,
    "lang": "en",
    "updated": 0
  },
  {
    "id": "9b0a27e3-703f-4da0-a5d9-00c124faf703",
    "data": [
      {
        "text": "book ",
        "userDefined": false
      },
      {
        "text": "Air Georgian",
        "meta": "@airline",
        "alias": "airline",
        "userDefined": true
      },
      {
        "text": " flight",
        "userDefined": false
      }
    ],
    "isTemplate": false,
    "count": 0,
    "lang": "en",
    "updated": 0
  },
  {
    "id": "88722f20-afda-4fd4-a106-6628ebf7f60b",
    "data": [
      {
        "text": "book flight from ",
        "userDefined": false
      },
      {
        "text": "tomorrow",
        "meta": "@sys.date-time",
        "alias": "departure",
        "userDefined": true
      },
      {
        "text": " till ",
        "userDefined": false
      },
      {
        "text": "Sunday",
        "meta": "@sys.date-time",
        "alias": "return",
        "userDefined": true
      }
    ],
    "isTemplate": false,
    "count": 0,
    "lang": "en",
    "updated": 0
  },
  {
    "id": "d2ebce0a-fc69-488c-92b6-3298760f9fdc",
    "data": [
      {
        "text": "book",
        "meta": "@sys.ignore",
        "userDefined": true
      },
      {
        "text": " ",
        "userDefined": false
      },
      {
        "text": "economy",
        "meta": "@class",
        "alias": "class",
        "userDefined": true
      },
      {
        "text": " class ticket to ",
        "userDefined": false
      },
      {
        "text": "Barcelona",
        "meta": "@sys.location",
        "alias": "to",
        "userDefined": true
      }
    ],
    "isTemplate": false,
    "count": 0,
    "lang": "en",
    "updated": 0
  },
  {
    "id": "33086b61-269f-4988-b2e1-c0a6b6e8eb03",
    "data": [
      {
        "text": "book flight ",
        "userDefined": false
      },
      {
        "text": "tomorrow",
        "meta": "@sys.date-time",
        "alias": "departure",
        "userDefined": true
      }
    ],
    "isTemplate": false,
    "count": 0,
    "lang": "en",
    "updated": 0
  },
  {
    "id": "f4a4ca75-a8c4-4142-aa8e-1a0a38d052a8",
    "data": [
      {
        "text": "book",
        "meta": "@sys.ignore",
        "userDefined": true
      },
      {
        "text": " flights ",
        "userDefined": false
      },
      {
        "text": "refunded",
        "meta": "@refundable",
        "alias": "refundable",
        "userDefined": true
      },
      {
        "text": " only",
        "userDefined": false
      }
    ],
    "isTemplate": false,
    "count": 0,
    "lang": "en",
    "updated": 0
  },
  {
    "id": "4c8be510-5c37-46f7-b483-740c2375de5f",
    "data": [
      {
        "text": "book flight from ",
        "userDefined": false
      },
      {
        "text": "Barcelona",
        "meta": "@sys.location",
        "alias": "from",
        "userDefined": true
      },
      {
        "text": " to ",
        "userDefined": false
      },
      {
        "text": "Madrid",
        "meta": "@sys.location",
        "alias": "to",
        "userDefined": true
      },
      {
        "text": " for ",
        "userDefined": false
      },
      {
        "text": "tomorrow",
        "meta": "@sys.date-time",
        "alias": "departure",
        "userDefined": true
      }
    ],
    "isTemplate": false,
    "count": 0,
    "lang": "en",
    "updated": 0
  },
  {
    "id": "c068d520-eef3-455b-bd5b-dfa856d57d4a",
    "data": [
      {
        "text": "can you ",
        "userDefined": false
      },
      {
        "text": "get",
        "meta": "@sys.ignore",
        "userDefined": true
      },
      {
        "text": " me an airplane ticket to ",
        "userDefined": false
      },
      {
        "text": "London",
        "meta": "@sys.location",
        "alias": "to",
        "userDefined": true
      }
    ],
    "isTemplate": false,
    "count": 0,
    "lang": "en",
    "updated": 0
  },
  {
    "id": "605840bd-a083-4efb-8f9b-c0766ee74162",
    "data": [
      {
        "text": "how to book a flight for groups",
        "userDefined": false
      }
    ],
    "isTemplate": false,
    "count": 1,
    "lang": "en",
    "updated": 0
  },
  {
    "id": "f9baccf4-1af8-4dae-9e00-e7596c968f4f",
    "data": [
      {
        "text": "get",
        "meta": "@sys.ignore",
        "userDefined": true
      },
      {
        "text": " me an airplane ticket from ",
        "userDefined": false
      },
      {
        "text": "here",
        "meta": "@sys.ignore",
        "userDefined": true
      },
      {
        "text": " to ",
        "userDefined": false
      },
      {
        "text": "Moscow",
        "meta": "@sys.location",
        "alias": "to",
        "userDefined": true
      }
    ],
    "isTemplate": false,
    "count": 0,
    "lang": "en",
    "updated": 0
  },
  {
    "id": "c58af871-77fd-46da-a7bd-103c97e334e1",
    "data": [
      {
        "text": "book flight from ",
        "userDefined": false
      },
      {
        "text": "1 Jan",
        "meta": "@sys.date-time",
        "alias": "departure",
        "userDefined": true
      },
      {
        "text": " to ",
        "userDefined": false
      },
      {
        "text": "10 Jan",
        "meta": "@sys.date-time",
        "alias": "return",
        "userDefined": true
      },
      {
        "text": " to ",
        "userDefined": false
      },
      {
        "text": "Madrid",
        "meta": "@sys.location",
        "alias": "to",
        "userDefined": true
      }
    ],
    "isTemplate": false,
    "count": 0,
    "lang": "en",
    "updated": 0
  },
  {
    "id": "08bc69e5-baf0-485f-89ff-a63ff6f15ea0",
    "data": [
      {
        "text": "flight reservation from ",
        "userDefined": false
      },
      {
        "text": "Seattle",
        "meta": "@sys.location",
        "alias": "from",
        "userDefined": true
      },
      {
        "text": " to ",
        "userDefined": false
      },
      {
        "text": "Honolulu",
        "meta": "@sys.location",
        "alias": "to",
        "userDefined": true
      },
      {
        "text": " in the month of ",
        "userDefined": false
      },
      {
        "text": "June",
        "meta": "@sys.date-time",
        "alias": "departure",
        "userDefined": true
      }
    ],
    "isTemplate": false,
    "count": 1,
    "lang": "en",
    "updated": 0
  },
  {
    "id": "3e86972e-f901-4fe8-a32d-3a67075e0da1",
    "data": [
      {
        "text": "book me a flight to ",
        "userDefined": false
      },
      {
        "text": "Amsterdam",
        "meta": "@sys.location",
        "alias": "to",
        "userDefined": true
      }
    ],
    "isTemplate": false,
    "count": 0,
    "lang": "en",
    "updated": 0
  },
  {
    "id": "334038d1-35f3-43a0-bf80-eb1ad7dce48a",
    "data": [
      {
        "text": "book a flight",
        "userDefined": false
      }
    ],
    "isTemplate": false,
    "count": 1,
    "lang": "en",
    "updated": 0
  },
  {
    "id": "272e6907-5c6b-4f2e-b28d-8a4ce3669d7f",
    "data": [
      {
        "text": "get me a direct flight from ",
        "userDefined": false
      },
      {
        "text": "Boston",
        "meta": "@sys.location",
        "alias": "from",
        "userDefined": false
      },
      {
        "text": " to ",
        "userDefined": false
      },
      {
        "text": "New York",
        "meta": "@sys.location",
        "alias": "to",
        "userDefined": false
      }
    ],
    "isTemplate": false,
    "count": 1,
    "lang": "en",
    "updated": 0
  },
  {
    "id": "4e20bd9f-e33f-4ab5-8404-06be169cad70",
    "data": [
      {
        "text": "book ",
        "userDefined": false
      },
      {
        "text": "first",
        "meta": "@class",
        "alias": "class",
        "userDefined": true
      },
      {
        "text": " class ticket to ",
        "userDefined": false
      },
      {
        "text": "Barcelona",
        "meta": "@sys.location",
        "alias": "to",
        "userDefined": true
      },
      {
        "text": " for ",
        "userDefined": false
      },
      {
        "text": "tomorrow",
        "meta": "@sys.date-time",
        "alias": "departure",
        "userDefined": true
      }
    ],
    "isTemplate": false,
    "count": 1,
    "lang": "en",
    "updated": 0
  },
  {
    "id": "5dff67f7-3936-4b12-95ed-40572726913c",
    "data": [
      {
        "text": "book ",
        "userDefined": false
      },
      {
        "text": "business",
        "meta": "@class",
        "alias": "class",
        "userDefined": true
      },
      {
        "text": " class flight",
        "userDefined": false
      }
    ],
    "isTemplate": false,
    "count": 0,
    "lang": "en",
    "updated": 0
  },
  {
    "id": "8e9db7f0-8a47-4f3c-8c28-dc3158053b3b",
    "data": [
      {
        "text": "get me ",
        "userDefined": false
      },
      {
        "text": "best",
        "meta": "@map-sort",
        "alias": "sort",
        "userDefined": true
      },
      {
        "text": " flights to ",
        "userDefined": false
      },
      {
        "text": "London",
        "meta": "@sys.location",
        "alias": "to",
        "userDefined": true
      },
      {
        "text": " for ",
        "userDefined": false
      },
      {
        "text": "October 03",
        "meta": "@sys.date-time",
        "alias": "departure",
        "userDefined": true
      }
    ],
    "isTemplate": false,
    "count": 0,
    "lang": "en",
    "updated": 0
  },
  {
    "id": "dca3ba02-c044-4642-b620-6985284c4f45",
    "data": [
      {
        "text": "book a flight from ",
        "userDefined": false
      },
      {
        "text": "London",
        "meta": "@sys.location",
        "alias": "from",
        "userDefined": false
      },
      {
        "text": " to ",
        "userDefined": false
      },
      {
        "text": "Lisbon",
        "meta": "@sys.location",
        "alias": "to",
        "userDefined": false
      },
      {
        "text": " leaving on ",
        "userDefined": false
      },
      {
        "text": "21st September",
        "meta": "@sys.date-time",
        "alias": "departure",
        "userDefined": false
      },
      {
        "text": " and returning on ",
        "userDefined": false
      },
      {
        "text": "23rd",
        "meta": "@sys.date-time",
        "alias": "return",
        "userDefined": true
      }
    ],
    "isTemplate": false,
    "count": 1,
    "lang": "en",
    "updated": 0
  },
  {
    "id": "f8809750-c1b2-4639-9543-232da9e90aa3",
    "data": [
      {
        "text": "I want ",
        "userDefined": false
      },
      {
        "text": "to",
        "meta": "@sys.ignore",
        "userDefined": false
      },
      {
        "text": " ",
        "userDefined": false
      },
      {
        "text": "book",
        "meta": "@sys.ignore",
        "userDefined": false
      },
      {
        "text": " ",
        "userDefined": false
      },
      {
        "text": "4",
        "meta": "@sys.number",
        "alias": "adult",
        "userDefined": true
      },
      {
        "text": " flight ",
        "userDefined": false
      },
      {
        "text": "tickets",
        "meta": "@sys.ignore",
        "userDefined": false
      }
    ],
    "isTemplate": false,
    "count": 1,
    "lang": "en",
    "updated": 0
  },
  {
    "id": "2321e3ce-7048-4ddb-8a6c-efaa245bb928",
    "data": [
      {
        "text": "book flight from ",
        "userDefined": false
      },
      {
        "text": "Barcelona",
        "meta": "@sys.location",
        "alias": "from",
        "userDefined": true
      },
      {
        "text": " to ",
        "userDefined": false
      },
      {
        "text": "Madrid",
        "meta": "@sys.location",
        "alias": "to",
        "userDefined": true
      },
      {
        "text": " from ",
        "userDefined": false
      },
      {
        "text": "1 Jan",
        "meta": "@sys.date-time",
        "alias": "departure",
        "userDefined": true
      },
      {
        "text": " to ",
        "userDefined": false
      },
      {
        "text": "10 Jan",
        "meta": "@sys.date-time",
        "alias": "return",
        "userDefined": true
      }
    ],
    "isTemplate": false,
    "count": 0,
    "lang": "en",
    "updated": 0
  },
  {
    "id": "ab1c0cc4-dd4a-4a83-ba17-af62e566d068",
    "data": [
      {
        "text": "book a flight for me from ",
        "userDefined": false
      },
      {
        "text": "Ottawa",
        "meta": "@sys.location",
        "alias": "from",
        "userDefined": false
      },
      {
        "text": " on ",
        "userDefined": false
      },
      {
        "text": "June 11th",
        "meta": "@sys.date-time",
        "alias": "departure",
        "userDefined": false
      }
    ],
    "isTemplate": false,
    "count": 1,
    "lang": "en",
    "updated": 0
  },
  {
    "id": "5f8929a0-9f80-4aa2-a385-3d32815acfc3",
    "data": [
      {
        "text": "book",
        "meta": "@sys.ignore",
        "userDefined": true
      },
      {
        "text": " flight for ",
        "userDefined": false
      },
      {
        "text": "2",
        "meta": "@sys.number",
        "alias": "adult",
        "userDefined": true
      },
      {
        "text": " adults and ",
        "userDefined": false
      },
      {
        "text": "1",
        "meta": "@sys.number",
        "alias": "child",
        "userDefined": true
      },
      {
        "text": " child",
        "userDefined": false
      }
    ],
    "isTemplate": false,
    "count": 0,
    "lang": "en",
    "updated": 0
  },
  {
    "id": "271e3ca5-af28-49e3-b214-506b29280157",
    "data": [
      {
        "text": "book ",
        "userDefined": false
      },
      {
        "text": "Jal",
        "meta": "@airline",
        "alias": "airline",
        "userDefined": true
      },
      {
        "text": " flight",
        "userDefined": false
      }
    ],
    "isTemplate": false,
    "count": 0,
    "lang": "en",
    "updated": 0
  },
  {
    "id": "a16fd8a8-50f9-4008-8e29-5cb6b043e45b",
    "data": [
      {
        "text": "book flight from ",
        "userDefined": false
      },
      {
        "text": "tomorrow",
        "meta": "@sys.date-time",
        "alias": "departure",
        "userDefined": true
      }
    ],
    "isTemplate": false,
    "count": 0,
    "lang": "en",
    "updated": 0
  },
  {
    "id": "a6bce336-a258-4c32-adf4-680680a78545",
    "data": [
      {
        "text": "I want to book a flight from ",
        "userDefined": false
      },
      {
        "text": "London",
        "meta": "@sys.location",
        "alias": "from",
        "userDefined": true
      },
      {
        "text": " to ",
        "userDefined": false
      },
      {
        "text": "New York",
        "meta": "@sys.location",
        "alias": "to",
        "userDefined": true
      },
      {
        "text": " on the ",
        "userDefined": false
      },
      {
        "text": "twenty third of April",
        "meta": "@sys.date-time",
        "alias": "departure",
        "userDefined": true
      },
      {
        "text": " coming back on the ",
        "userDefined": false
      },
      {
        "text": "twenty third of March",
        "meta": "@sys.date-time",
        "alias": "return",
        "userDefined": true
      }
    ],
    "isTemplate": false,
    "count": 0,
    "lang": "en",
    "updated": 0
  },
  {
    "id": "8edfef9b-2bcf-4dc6-94b2-1068777e06e7",
    "data": [
      {
        "text": "book flight till ",
        "userDefined": false
      },
      {
        "text": "Sunday",
        "meta": "@sys.date-time",
        "alias": "return",
        "userDefined": true
      }
    ],
    "isTemplate": false,
    "count": 0,
    "lang": "en",
    "updated": 0
  },
  {
    "id": "b073ef8c-5a6d-4788-b12b-98168ac424bc",
    "data": [
      {
        "text": "booking",
        "meta": "@sys.ignore",
        "userDefined": false
      },
      {
        "text": " for a ",
        "userDefined": false
      },
      {
        "text": "trip",
        "meta": "@sys.ignore",
        "userDefined": false
      },
      {
        "text": " from ",
        "userDefined": false
      },
      {
        "text": "London",
        "meta": "@sys.location",
        "alias": "from",
        "userDefined": false
      },
      {
        "text": " ",
        "userDefined": false
      },
      {
        "text": "to",
        "meta": "@sys.ignore",
        "userDefined": false
      },
      {
        "text": " ",
        "userDefined": false
      },
      {
        "text": "New York",
        "meta": "@sys.location",
        "alias": "to",
        "userDefined": false
      }
    ],
    "isTemplate": false,
    "count": 0,
    "lang": "en",
    "updated": 0
  }
]