[
  {
    "id": "08ea72aa-74b8-44d1-ab27-b491805572a2",
    "data": [
      {
        "text": "say the same again",
        "userDefined": false
      }
    ],
    "isTemplate": false,
    "count": 0,
    "lang": "en",
    "updated": 0
  },
  {
    "id": "a0ca713c-8ed6-4f52-b28a-09eb65742714",
    "data": [
      {
        "text": "do it again",
        "userDefined": false
      }
    ],
    "isTemplate": false,
    "count": 0,
    "lang": "en",
    "updated": 0
  },
  {
    "id": "093c39b9-240e-486a-b5e1-2b40ee8c56c6",
    "data": [
      {
        "text": "repeat these results",
        "userDefined": false
      }
    ],
    "isTemplate": false,
    "count": 0,
    "lang": "en",
    "updated": 0
  },
  {
    "id": "01e4122b-55b7-49e7-b782-1a4925b17b17",
    "data": [
      {
        "text": "could you repeat that",
        "userDefined": false
      }
    ],
    "isTemplate": false,
    "count": 0,
    "lang": "en",
    "updated": 0
  },
  {
    "id": "3ea50231-e03d-4a7c-8744-e3ef2951a9d1",
    "data": [
      {
        "text": "please repeat that",
        "userDefined": false
      }
    ],
    "isTemplate": false,
    "count": 0,
    "lang": "en",
    "updated": 0
  },
  {
    "id": "15d867cb-e57a-430c-ad91-6cfb2b4324a3",
    "data": [
      {
        "text": "repeat it",
        "userDefined": false
      }
    ],
    "isTemplate": false,
    "count": 0,
    "lang": "en",
    "updated": 0
  },
  {
    "id": "7169f3a7-766b-4028-9b06-ba1ac7678f06",
    "data": [
      {
        "text": "repeat",
        "userDefined": false
      }
    ],
    "isTemplate": false,
    "count": 0,
    "lang": "en",
    "updated": 0
  },
  {
    "id": "8aee6553-5420-4d30-a7b8-fcbd36bab2e7",
    "data": [
      {
        "text": "come again",
        "userDefined": false
      }
    ],
    "isTemplate": false,
    "count": 0,
    "lang": "en",
    "updated": 0
  },
  {
    "id": "9972cdd7-412b-4d19-b5b6-a0ca3cdc428f",
    "data": [
      {
        "text": "what was that",
        "userDefined": false
      }
    ],
    "isTemplate": false,
    "count": 0,
    "lang": "en",
    "updated": 0
  },
  {
    "id": "8f83d1e7-4305-4077-848b-c408dd80640c",
    "data": [
      {
        "text": "say it again",
        "userDefined": false
      }
    ],
    "isTemplate": false,
    "count": 0,
    "lang": "en",
    "updated": 0
  },
  {
    "id": "11e17121-5e7c-45e9-895b-761b7090289e",
    "data": [
      {
        "text": "repeat what you\u0027ve just said",
        "userDefined": false
      }
    ],
    "isTemplate": false,
    "count": 0,
    "lang": "en",
    "updated": 0
  }
]