[
  {
    "id": "3fb8bf6f-42c7-4825-a550-58cb1d39180c",
    "data": [
      {
        "text": "I ",
        "userDefined": false
      },
      {
        "text": "am",
        "meta": "@sys.ignore",
        "userDefined": false
      },
      {
        "text": " ",
        "userDefined": false
      },
      {
        "text": "leaving",
        "meta": "@sys.ignore",
        "userDefined": false
      },
      {
        "text": " from ",
        "userDefined": false
      },
      {
        "text": "Riga",
        "meta": "@sys.location",
        "alias": "from",
        "userDefined": false
      }
    ],
    "isTemplate": false,
    "count": 0,
    "lang": "en",
    "updated": 0
  },
  {
    "id": "82be856d-f64a-442a-ac15-75b0616b446e",
    "data": [
      {
        "text": "now from ",
        "userDefined": false
      },
      {
        "text": "San Francisco",
        "meta": "@sys.location",
        "alias": "from",
        "userDefined": true
      }
    ],
    "isTemplate": false,
    "count": 0,
    "lang": "en",
    "updated": 0
  },
  {
    "id": "00e339aa-7bd7-4a92-bf2a-eeb245d32f70",
    "data": [
      {
        "text": "departure is from ",
        "userDefined": false
      },
      {
        "text": "Hannover",
        "meta": "@sys.location",
        "alias": "from",
        "userDefined": true
      }
    ],
    "isTemplate": false,
    "count": 0,
    "lang": "en",
    "updated": 0
  },
  {
    "id": "5a60fbbd-cc5e-4541-885c-74b5a7f272f7",
    "data": [
      {
        "text": "flying from ",
        "userDefined": false
      },
      {
        "text": "Paris",
        "meta": "@sys.location",
        "alias": "from",
        "userDefined": true
      }
    ],
    "isTemplate": false,
    "count": 0,
    "lang": "en",
    "updated": 0
  },
  {
    "id": "da7b66a0-4292-483a-beab-148d2ac372af",
    "data": [
      {
        "text": "what about ",
        "userDefined": false
      },
      {
        "text": "the one",
        "meta": "@sys.ignore",
        "userDefined": true
      },
      {
        "text": " from ",
        "userDefined": false
      },
      {
        "text": "Berlin",
        "meta": "@sys.location",
        "alias": "from",
        "userDefined": true
      }
    ],
    "isTemplate": false,
    "count": 0,
    "lang": "en",
    "updated": 0
  },
  {
    "id": "08323512-54b8-4901-8ae2-6ddac3d11c75",
    "data": [
      {
        "text": "how about ",
        "userDefined": false
      },
      {
        "text": "the one",
        "meta": "@sys.ignore",
        "userDefined": true
      },
      {
        "text": " from ",
        "userDefined": false
      },
      {
        "text": "Marrakesch",
        "meta": "@sys.location",
        "alias": "from",
        "userDefined": true
      }
    ],
    "isTemplate": false,
    "count": 0,
    "lang": "en",
    "updated": 0
  },
  {
    "id": "7b91fa24-2925-4469-bd05-24b042ee65bd",
    "data": [
      {
        "text": "departing from ",
        "userDefined": false
      },
      {
        "text": "New York",
        "meta": "@sys.location",
        "alias": "from",
        "userDefined": true
      }
    ],
    "isTemplate": false,
    "count": 0,
    "lang": "en",
    "updated": 0
  },
  {
    "id": "8bce839c-7326-4243-8953-28af9972b6b8",
    "data": [
      {
        "text": "departing point is ",
        "userDefined": false
      },
      {
        "text": "Moscow",
        "meta": "@sys.location",
        "alias": "from",
        "userDefined": false
      }
    ],
    "isTemplate": false,
    "count": 0,
    "lang": "en",
    "updated": 0
  },
  {
    "id": "6947050d-763f-4a73-a236-d8f7e567decc",
    "data": [
      {
        "text": "and from ",
        "userDefined": false
      },
      {
        "text": "Lissabon",
        "meta": "@sys.location",
        "alias": "from",
        "userDefined": false
      }
    ],
    "isTemplate": false,
    "count": 0,
    "lang": "en",
    "updated": 0
  },
  {
    "id": "ec236347-7c91-4473-b8a2-84a0ea449c95",
    "data": [
      {
        "text": "from ",
        "userDefined": false
      },
      {
        "text": "London",
        "meta": "@sys.location",
        "alias": "from",
        "userDefined": true
      }
    ],
    "isTemplate": false,
    "count": 0,
    "lang": "en",
    "updated": 0
  },
  {
    "id": "aad58679-69ca-4346-acca-45bff74d1bb7",
    "data": [
      {
        "text": "leaving from ",
        "userDefined": false
      },
      {
        "text": "Dakar",
        "meta": "@sys.location",
        "alias": "from",
        "userDefined": true
      }
    ],
    "isTemplate": false,
    "count": 0,
    "lang": "en",
    "updated": 0
  }
]