[
  {
    "id": "428b0511-9a13-49e2-b1a7-cdf3c7db6304",
    "data": [
      {
        "text": "read the next results",
        "userDefined": false
      }
    ],
    "isTemplate": false,
    "count": 0,
    "lang": "en",
    "updated": 0
  },
  {
    "id": "001cc004-bf0a-4235-866a-1438353bb0e5",
    "data": [
      {
        "text": "go forward",
        "userDefined": false
      }
    ],
    "isTemplate": false,
    "count": 0,
    "lang": "en",
    "updated": 0
  },
  {
    "id": "151df10d-64d8-4199-bc62-e2d4294913fd",
    "data": [
      {
        "text": "show me the following results",
        "userDefined": false
      }
    ],
    "isTemplate": false,
    "count": 0,
    "lang": "en",
    "updated": 0
  },
  {
    "id": "16c6acbf-0dec-43f7-9190-b00df12776a7",
    "data": [
      {
        "text": "go to the next page",
        "userDefined": false
      }
    ],
    "isTemplate": false,
    "count": 0,
    "lang": "en",
    "updated": 0
  },
  {
    "id": "d8b472ec-e0c6-4777-b712-28d2545cf57c",
    "data": [
      {
        "text": "show me the next page",
        "userDefined": false
      }
    ],
    "isTemplate": false,
    "count": 0,
    "lang": "en",
    "updated": 0
  },
  {
    "id": "2191a3c8-b758-47e1-bb51-436a8af820a0",
    "data": [
      {
        "text": "show me next",
        "userDefined": false
      }
    ],
    "isTemplate": false,
    "count": 0,
    "lang": "en",
    "updated": 0
  },
  {
    "id": "81f5ede8-cb0d-4b50-a204-cbc4c82ca0d7",
    "data": [
      {
        "text": "following result",
        "userDefined": false
      }
    ],
    "isTemplate": false,
    "count": 0,
    "lang": "en",
    "updated": 0
  },
  {
    "id": "373fb9f8-9ef2-4f1e-838a-3e9333e673c1",
    "data": [
      {
        "text": "switch to the next",
        "userDefined": false
      }
    ],
    "isTemplate": false,
    "count": 0,
    "lang": "en",
    "updated": 0
  },
  {
    "id": "baa2cc64-37d9-497a-bab7-7b3fdf6ab887",
    "data": [
      {
        "text": "next",
        "userDefined": false
      }
    ],
    "isTemplate": false,
    "count": 0,
    "lang": "en",
    "updated": 0
  },
  {
    "id": "6fcc27f5-41c0-4486-a04b-62ad3cc38ba7",
    "data": [
      {
        "text": "next page",
        "userDefined": false
      }
    ],
    "isTemplate": false,
    "count": 0,
    "lang": "en",
    "updated": 0
  }
]