[
  {
    "id": "9aefe229-1f44-485e-ac46-b3935449b590",
    "data": [
      {
        "text": "previous page",
        "userDefined": false
      }
    ],
    "isTemplate": false,
    "count": 0,
    "lang": "en",
    "updated": 0
  },
  {
    "id": "bc7bc35d-b4bb-4838-951f-d1ca1d3c13aa",
    "data": [
      {
        "text": "go back",
        "userDefined": false
      }
    ],
    "isTemplate": false,
    "count": 0,
    "lang": "en",
    "updated": 0
  },
  {
    "id": "328eeb68-0843-46d4-91f4-4791623f6f78",
    "data": [
      {
        "text": "go to the previous page",
        "userDefined": false
      }
    ],
    "isTemplate": false,
    "count": 0,
    "lang": "en",
    "updated": 0
  },
  {
    "id": "24ca4f4f-e7e2-47c8-adce-096fba633fd2",
    "data": [
      {
        "text": "go back to previous results",
        "userDefined": false
      }
    ],
    "isTemplate": false,
    "count": 0,
    "lang": "en",
    "updated": 0
  },
  {
    "id": "c2666cf3-79bc-464d-a7e5-8a9a29eb5569",
    "data": [
      {
        "text": "return to the previous",
        "userDefined": false
      }
    ],
    "isTemplate": false,
    "count": 0,
    "lang": "en",
    "updated": 0
  },
  {
    "id": "43175f88-341c-468f-a8a0-6e822454f120",
    "data": [
      {
        "text": "previous results",
        "userDefined": false
      }
    ],
    "isTemplate": false,
    "count": 0,
    "lang": "en",
    "updated": 0
  },
  {
    "id": "bd7c2a3c-d55f-4875-8f33-0502ab36f831",
    "data": [
      {
        "text": "read out the previous results",
        "userDefined": false
      }
    ],
    "isTemplate": false,
    "count": 0,
    "lang": "en",
    "updated": 0
  },
  {
    "id": "03b4e351-e39a-40b9-a858-b60e4fe2092c",
    "data": [
      {
        "text": "back",
        "userDefined": false
      }
    ],
    "isTemplate": false,
    "count": 0,
    "lang": "en",
    "updated": 0
  },
  {
    "id": "9f37e6f9-fdd6-4168-ab16-ef849e6743f7",
    "data": [
      {
        "text": "return to previous page",
        "userDefined": false
      }
    ],
    "isTemplate": false,
    "count": 0,
    "lang": "en",
    "updated": 0
  },
  {
    "id": "f57e9998-67d1-4439-827b-c377a18da9dd",
    "data": [
      {
        "text": "previous",
        "userDefined": false
      }
    ],
    "isTemplate": false,
    "count": 0,
    "lang": "en",
    "updated": 0
  }
]