[
  {
    "id": "267eccbe-20ca-4c2e-a9ed-db6aac630fc2",
    "data": [
      {
        "text": "and now ",
        "userDefined": false
      },
      {
        "text": "JAL",
        "meta": "@airline",
        "alias": "airline",
        "userDefined": false
      }
    ],
    "isTemplate": false,
    "count": 0,
    "lang": "en",
    "updated": 0
  },
  {
    "id": "2d58cee8-05c0-4b66-bb05-530589e4e41a",
    "data": [
      {
        "text": "JAL",
        "meta": "@airline",
        "alias": "airline",
        "userDefined": false
      }
    ],
    "isTemplate": false,
    "count": 0,
    "lang": "en",
    "updated": 0
  },
  {
    "id": "64218f63-53f2-4fd1-8802-7b0896aa96f7",
    "data": [
      {
        "text": "check ",
        "userDefined": false
      },
      {
        "text": "Alliance Air",
        "meta": "@airline",
        "alias": "airline",
        "userDefined": false
      }
    ],
    "isTemplate": false,
    "count": 0,
    "lang": "en",
    "updated": 0
  },
  {
    "id": "7b8af53f-c4ca-4e4e-b284-46560f8d7458",
    "data": [
      {
        "text": "the same for ",
        "userDefined": false
      },
      {
        "text": "US Airways",
        "meta": "@airline",
        "alias": "airline",
        "userDefined": false
      }
    ],
    "isTemplate": false,
    "count": 0,
    "lang": "en",
    "updated": 0
  },
  {
    "id": "8c0e9147-1aba-43a0-ad33-b59f9d35621e",
    "data": [
      {
        "text": "now check ",
        "userDefined": false
      },
      {
        "text": "EVA Air",
        "meta": "@airline",
        "alias": "airline",
        "userDefined": false
      }
    ],
    "isTemplate": false,
    "count": 0,
    "lang": "en",
    "updated": 0
  },
  {
    "id": "bdada372-a00a-429d-8e7e-60f1acfd0813",
    "data": [
      {
        "text": "Alliance Air",
        "meta": "@airline",
        "alias": "airline",
        "userDefined": true
      },
      {
        "text": " airlines",
        "userDefined": false
      }
    ],
    "isTemplate": false,
    "count": 0,
    "lang": "en",
    "updated": 0
  },
  {
    "id": "71d22e24-2ffe-49f0-b643-b04444627e78",
    "data": [
      {
        "text": "what about ",
        "userDefined": false
      },
      {
        "text": "Qatar Airways",
        "meta": "@airline",
        "alias": "airline",
        "userDefined": false
      }
    ],
    "isTemplate": false,
    "count": 0,
    "lang": "en",
    "updated": 0
  },
  {
    "id": "bf504dd9-2996-4328-9d5c-35bd562356e0",
    "data": [
      {
        "text": "airline is ",
        "userDefined": false
      },
      {
        "text": "Montenegro Airlines",
        "meta": "@airline",
        "alias": "airline",
        "userDefined": false
      }
    ],
    "isTemplate": false,
    "count": 0,
    "lang": "en",
    "updated": 0
  },
  {
    "id": "006c6f55-9d0a-40a6-a787-290a54651e2d",
    "data": [
      {
        "text": "how about ",
        "userDefined": false
      },
      {
        "text": "US Airways",
        "meta": "@airline",
        "alias": "airline",
        "userDefined": false
      }
    ],
    "isTemplate": false,
    "count": 0,
    "lang": "en",
    "updated": 0
  },
  {
    "id": "34af09e8-cabb-4283-8d00-d9a24b979f1f",
    "data": [
      {
        "text": "now  ",
        "userDefined": false
      },
      {
        "text": "Singapore Airlines",
        "meta": "@airline",
        "alias": "airline",
        "userDefined": false
      }
    ],
    "isTemplate": false,
    "count": 0,
    "lang": "en",
    "updated": 0
  }
]