[
  {
    "id": "fcc671d9-1f24-479d-8d10-d36d92ac60e3",
    "data": [
      {
        "text": "how about ",
        "userDefined": false
      },
      {
        "text": "the one",
        "meta": "@sys.ignore",
        "userDefined": true
      },
      {
        "text": " to ",
        "userDefined": false
      },
      {
        "text": "Berlin",
        "meta": "@sys.location",
        "alias": "to",
        "userDefined": true
      }
    ],
    "isTemplate": false,
    "count": 0,
    "lang": "en",
    "updated": 0
  },
  {
    "id": "6b7ec4c5-f537-418a-859e-9f02d9d69658",
    "data": [
      {
        "text": "change destination to ",
        "userDefined": false
      },
      {
        "text": "Paris",
        "meta": "@sys.location",
        "alias": "to",
        "userDefined": true
      }
    ],
    "isTemplate": false,
    "count": 2,
    "lang": "en",
    "updated": 0
  },
  {
    "id": "e4ea05f4-9d9a-4c03-9be8-815265985add",
    "data": [
      {
        "text": "leaving to ",
        "userDefined": false
      },
      {
        "text": "Kuba",
        "meta": "@sys.location",
        "alias": "to",
        "userDefined": true
      }
    ],
    "isTemplate": false,
    "count": 0,
    "lang": "en",
    "updated": 0
  },
  {
    "id": "e8a9724f-539d-4e6b-bf07-ecef870ab55a",
    "data": [
      {
        "text": "destination is ",
        "userDefined": false
      },
      {
        "text": "San Francisco",
        "meta": "@sys.location",
        "alias": "to",
        "userDefined": true
      }
    ],
    "isTemplate": false,
    "count": 0,
    "lang": "en",
    "updated": 0
  },
  {
    "id": "71169775-a54d-461a-b9a9-0fc9255df5b0",
    "data": [
      {
        "text": "to ",
        "userDefined": false
      },
      {
        "text": "Denver",
        "meta": "@sys.location",
        "alias": "to",
        "userDefined": true
      }
    ],
    "isTemplate": false,
    "count": 0,
    "lang": "en",
    "updated": 0
  },
  {
    "id": "0583d265-a48d-4c51-a9ed-9be3da242eab",
    "data": [
      {
        "text": "what about ",
        "userDefined": false
      },
      {
        "text": "the one",
        "meta": "@sys.ignore",
        "userDefined": true
      },
      {
        "text": " to ",
        "userDefined": false
      },
      {
        "text": "Chicago",
        "meta": "@sys.location",
        "alias": "to",
        "userDefined": true
      }
    ],
    "isTemplate": false,
    "count": 0,
    "lang": "en",
    "updated": 0
  },
  {
    "id": "f44e2eca-1f98-47c5-b721-086ec39c81b2",
    "data": [
      {
        "text": "new destination is ",
        "userDefined": false
      },
      {
        "text": "Paris",
        "meta": "@sys.location",
        "alias": "to",
        "userDefined": false
      }
    ],
    "isTemplate": false,
    "count": 0,
    "lang": "en",
    "updated": 0
  },
  {
    "id": "ec38ef70-c308-4d89-9dc5-7c9126089419",
    "data": [
      {
        "text": "now to ",
        "userDefined": false
      },
      {
        "text": "Honolulu",
        "meta": "@sys.location",
        "alias": "to",
        "userDefined": true
      }
    ],
    "isTemplate": false,
    "count": 0,
    "lang": "en",
    "updated": 0
  },
  {
    "id": "9a2df695-2428-48a2-bb0a-7af2f011f7fb",
    "data": [
      {
        "text": "heading to ",
        "userDefined": false
      },
      {
        "text": "Tokyo",
        "meta": "@sys.location",
        "alias": "to",
        "userDefined": true
      }
    ],
    "isTemplate": false,
    "count": 0,
    "lang": "en",
    "updated": 0
  },
  {
    "id": "e85294fd-d295-4cc8-b1b6-86a379842e20",
    "data": [
      {
        "text": "leaving for ",
        "userDefined": false
      },
      {
        "text": "New York",
        "meta": "@sys.location",
        "alias": "to",
        "userDefined": true
      }
    ],
    "isTemplate": false,
    "count": 0,
    "lang": "en",
    "updated": 0
  }
]