[
  {
    "id": "ba30f862-e8b6-4266-98b7-2d1e5356b351",
    "data": [
      {
        "text": "I\u0027m looking for ",
        "userDefined": false
      },
      {
        "text": "best priced",
        "meta": "@map-sort",
        "alias": "sort",
        "userDefined": false
      },
      {
        "text": " airplane tickets ",
        "userDefined": false
      },
      {
        "text": "with refund",
        "meta": "@refundable",
        "alias": "refundable",
        "userDefined": false
      },
      {
        "text": " to ",
        "userDefined": false
      },
      {
        "text": "London",
        "meta": "@sys.location",
        "alias": "to",
        "userDefined": false
      }
    ],
    "isTemplate": false,
    "count": 0,
    "lang": "en",
    "updated": 0
  },
  {
    "id": "387a976d-baed-4bc3-92d8-e333afda1039",
    "data": [
      {
        "text": "find flights ",
        "userDefined": false
      },
      {
        "text": "with refund",
        "meta": "@refundable",
        "alias": "refundable",
        "userDefined": false
      },
      {
        "text": " to ",
        "userDefined": false
      },
      {
        "text": "Hawaii",
        "meta": "@sys.location",
        "alias": "to",
        "userDefined": false
      }
    ],
    "isTemplate": false,
    "count": 0,
    "lang": "en",
    "updated": 0
  },
  {
    "id": "94d431c5-27a2-4d53-8113-864cd4455f89",
    "data": [
      {
        "text": "need a flight to ",
        "userDefined": false
      },
      {
        "text": "Tokyo",
        "meta": "@sys.location",
        "alias": "to",
        "userDefined": true
      },
      {
        "text": " from ",
        "userDefined": false
      },
      {
        "text": "Wellington",
        "meta": "@sys.location",
        "alias": "from",
        "userDefined": true
      }
    ],
    "isTemplate": false,
    "count": 0,
    "lang": "en",
    "updated": 0
  },
  {
    "id": "418e7ca5-6d04-4c62-be56-a556c7b986aa",
    "data": [
      {
        "text": "flight for ",
        "userDefined": false
      },
      {
        "text": "1",
        "meta": "@sys.number",
        "alias": "child",
        "userDefined": true
      },
      {
        "text": " child",
        "userDefined": false
      }
    ],
    "isTemplate": false,
    "count": 0,
    "lang": "en",
    "updated": 0
  },
  {
    "id": "768ff641-0cd5-4171-93df-49e6ccd393c0",
    "data": [
      {
        "text": "best",
        "meta": "@map-sort",
        "alias": "sort",
        "userDefined": true
      },
      {
        "text": " flights to ",
        "userDefined": false
      },
      {
        "text": "Paris",
        "meta": "@sys.location",
        "alias": "to",
        "userDefined": true
      },
      {
        "text": " ",
        "userDefined": false
      },
      {
        "text": "tomorrow",
        "meta": "@sys.date-time",
        "alias": "departure",
        "userDefined": true
      },
      {
        "text": " for ",
        "userDefined": false
      },
      {
        "text": "2",
        "meta": "@sys.number",
        "alias": "adult",
        "userDefined": true
      }
    ],
    "isTemplate": false,
    "count": 0,
    "lang": "en",
    "updated": 0
  },
  {
    "id": "7068ee67-2d60-4e25-836d-24aba10f514a",
    "data": [
      {
        "text": "any ",
        "userDefined": false
      },
      {
        "text": "Virgin America",
        "meta": "@airline",
        "alias": "airline",
        "userDefined": true
      },
      {
        "text": " flights from ",
        "userDefined": false
      },
      {
        "text": "LA",
        "meta": "@sys.location",
        "alias": "from",
        "userDefined": true
      },
      {
        "text": " to ",
        "userDefined": false
      },
      {
        "text": "Vegas",
        "meta": "@sys.location",
        "alias": "to",
        "userDefined": true
      },
      {
        "text": " for ",
        "userDefined": false
      },
      {
        "text": "this weekend",
        "meta": "@sys.date-time",
        "alias": "departure",
        "userDefined": true
      }
    ],
    "isTemplate": false,
    "count": 1,
    "lang": "en",
    "updated": 0
  },
  {
    "id": "3d3b59de-19f1-4788-b37a-9b1eaf49e1f8",
    "data": [
      {
        "text": "I\u0027m looking for a ",
        "userDefined": false
      },
      {
        "text": "non-stop",
        "meta": "@nonstop",
        "alias": "nonstop",
        "userDefined": true
      },
      {
        "text": " flight from ",
        "userDefined": false
      },
      {
        "text": "SFO",
        "meta": "@sys.location",
        "alias": "from",
        "userDefined": true
      },
      {
        "text": " to ",
        "userDefined": false
      },
      {
        "text": "BOS",
        "meta": "@sys.location",
        "alias": "to",
        "userDefined": true
      },
      {
        "text": " leaving ",
        "userDefined": false
      },
      {
        "text": "7/15",
        "meta": "@sys.date-time",
        "alias": "departure",
        "userDefined": true
      },
      {
        "text": " and returning ",
        "userDefined": false
      },
      {
        "text": "7/17",
        "meta": "@sys.date-time",
        "alias": "return",
        "userDefined": true
      }
    ],
    "isTemplate": false,
    "count": 0,
    "lang": "en",
    "updated": 0
  },
  {
    "id": "219e441f-1c94-4b92-b9a8-8bc1d60dfeb8",
    "data": [
      {
        "text": "find me flight tickets",
        "userDefined": false
      }
    ],
    "isTemplate": false,
    "count": 0,
    "lang": "en",
    "updated": 0
  },
  {
    "id": "b0105b08-8785-45e0-814d-565ca19bbad0",
    "data": [
      {
        "text": "find a flight from ",
        "userDefined": false
      },
      {
        "text": "Dublin",
        "meta": "@sys.location",
        "alias": "from",
        "userDefined": true
      },
      {
        "text": " to ",
        "userDefined": false
      },
      {
        "text": "Copenhagen",
        "meta": "@sys.location",
        "alias": "to",
        "userDefined": true
      },
      {
        "text": " on ",
        "userDefined": false
      },
      {
        "text": "July 16",
        "meta": "@sys.date-time",
        "alias": "departure",
        "userDefined": true
      },
      {
        "text": " returning ",
        "userDefined": false
      },
      {
        "text": "July 23",
        "meta": "@sys.date-time",
        "alias": "return",
        "userDefined": true
      },
      {
        "text": " for ",
        "userDefined": false
      },
      {
        "text": "2",
        "meta": "@sys.number",
        "alias": "adult",
        "userDefined": true
      },
      {
        "text": " people",
        "userDefined": false
      }
    ],
    "isTemplate": false,
    "count": 0,
    "lang": "en",
    "updated": 0
  },
  {
    "id": "84082731-2d46-4f99-9c2b-188cf176da12",
    "data": [
      {
        "text": "I\u0027m looking for ",
        "userDefined": false
      },
      {
        "text": "best priced",
        "meta": "@map-sort",
        "alias": "sort",
        "userDefined": true
      },
      {
        "text": " ",
        "userDefined": false
      },
      {
        "text": "refundable",
        "meta": "@refundable",
        "alias": "refundable",
        "userDefined": true
      },
      {
        "text": " airplane tickets to ",
        "userDefined": false
      },
      {
        "text": "London",
        "meta": "@sys.location",
        "alias": "to",
        "userDefined": true
      },
      {
        "text": " ",
        "userDefined": false
      },
      {
        "text": "without stops",
        "meta": "@nonstop",
        "alias": "nonstop",
        "userDefined": true
      }
    ],
    "isTemplate": false,
    "count": 0,
    "lang": "en",
    "updated": 0
  },
  {
    "id": "f63a4170-be8f-46ed-a138-877b992bdf32",
    "data": [
      {
        "text": "I\u0027m looking for ",
        "userDefined": false
      },
      {
        "text": "good",
        "meta": "@map-sort",
        "alias": "sort",
        "userDefined": true
      },
      {
        "text": " priced airplane tickets to ",
        "userDefined": false
      },
      {
        "text": "London",
        "meta": "@sys.location",
        "alias": "to",
        "userDefined": true
      }
    ],
    "isTemplate": false,
    "count": 0,
    "lang": "en",
    "updated": 0
  },
  {
    "id": "c165f3c4-130f-4d43-a673-dde208f991c2",
    "data": [
      {
        "text": "I need ",
        "userDefined": false
      },
      {
        "text": "3",
        "meta": "@sys.number",
        "alias": "adult",
        "userDefined": true
      },
      {
        "text": " tickets for ",
        "userDefined": false
      },
      {
        "text": "S7 airlines",
        "meta": "@airline",
        "alias": "airline",
        "userDefined": true
      },
      {
        "text": " to ",
        "userDefined": false
      },
      {
        "text": "Moscow",
        "meta": "@sys.location",
        "alias": "to",
        "userDefined": true
      }
    ],
    "isTemplate": false,
    "count": 1,
    "lang": "en",
    "updated": 0
  },
  {
    "id": "dd270250-4e70-4dd0-8fd5-aaeaa7bf2e83",
    "data": [
      {
        "text": "look for an airplane ticket",
        "userDefined": false
      }
    ],
    "isTemplate": false,
    "count": 0,
    "lang": "en",
    "updated": 0
  },
  {
    "id": "1f9d24f1-6451-4f96-8725-cfd800dba415",
    "data": [
      {
        "text": "need a flight ticket from ",
        "userDefined": false
      },
      {
        "text": "DEL",
        "meta": "@sys.location",
        "alias": "from",
        "userDefined": true
      },
      {
        "text": " to ",
        "userDefined": false
      },
      {
        "text": "BLR",
        "meta": "@sys.location",
        "alias": "to",
        "userDefined": true
      },
      {
        "text": " on ",
        "userDefined": false
      },
      {
        "text": "7 Oct",
        "meta": "@sys.date-time",
        "alias": "departure",
        "userDefined": true
      },
      {
        "text": " and return on ",
        "userDefined": false
      },
      {
        "text": "13 Oct",
        "meta": "@sys.date-time",
        "alias": "return",
        "userDefined": true
      }
    ],
    "isTemplate": false,
    "count": 0,
    "lang": "en",
    "updated": 0
  },
  {
    "id": "bd4597ba-8290-4fcc-9b2f-42966db9e8ab",
    "data": [
      {
        "text": "search for flights from ",
        "userDefined": false
      },
      {
        "text": "Mumbai",
        "meta": "@sys.location",
        "alias": "from",
        "userDefined": false
      },
      {
        "text": " to ",
        "userDefined": false
      },
      {
        "text": "London",
        "meta": "@sys.location",
        "alias": "to",
        "userDefined": false
      },
      {
        "text": " ",
        "userDefined": false
      },
      {
        "text": "October 10",
        "meta": "@sys.date-time",
        "alias": "departure",
        "userDefined": false
      }
    ],
    "isTemplate": false,
    "count": 2,
    "lang": "en",
    "updated": 0
  },
  {
    "id": "b45a008e-26f7-4f00-be08-c93a2509a05a",
    "data": [
      {
        "text": "I need to fly to ",
        "userDefined": false
      },
      {
        "text": "LA",
        "meta": "@sys.location",
        "alias": "to",
        "userDefined": true
      }
    ],
    "isTemplate": false,
    "count": 0,
    "lang": "en",
    "updated": 0
  },
  {
    "id": "4778f8a7-8531-40a8-9b53-2ff9e8befb44",
    "data": [
      {
        "text": "I",
        "meta": "@sys.ignore",
        "userDefined": true
      },
      {
        "text": " need a flight from ",
        "userDefined": false
      },
      {
        "text": "Moscow",
        "meta": "@sys.location",
        "alias": "from",
        "userDefined": true
      },
      {
        "text": " ",
        "userDefined": false
      },
      {
        "text": "to",
        "meta": "@sys.ignore",
        "userDefined": true
      },
      {
        "text": " ",
        "userDefined": false
      },
      {
        "text": "Seoul",
        "meta": "@sys.location",
        "alias": "to",
        "userDefined": true
      }
    ],
    "isTemplate": false,
    "count": 1,
    "lang": "en",
    "updated": 0
  },
  {
    "id": "0b73b881-e259-423b-bed8-aeabc84f7c8e",
    "data": [
      {
        "text": "search flight for ",
        "userDefined": false
      },
      {
        "text": "tomorrow",
        "meta": "@sys.date-time",
        "alias": "departure",
        "userDefined": true
      },
      {
        "text": " for ",
        "userDefined": false
      },
      {
        "text": "adult",
        "meta": "@sys.ignore",
        "userDefined": true
      }
    ],
    "isTemplate": false,
    "count": 0,
    "lang": "en",
    "updated": 0
  },
  {
    "id": "05d70c24-3110-4485-bb39-cda6e17e748b",
    "data": [
      {
        "text": "find me the ",
        "userDefined": false
      },
      {
        "text": "cheapest",
        "meta": "@map-sort",
        "alias": "sort",
        "userDefined": true
      },
      {
        "text": " ticket to ",
        "userDefined": false
      },
      {
        "text": "London",
        "meta": "@sys.location",
        "alias": "to",
        "userDefined": true
      },
      {
        "text": " in ",
        "userDefined": false
      },
      {
        "text": "economy class",
        "meta": "@class",
        "alias": "class",
        "userDefined": true
      }
    ],
    "isTemplate": false,
    "count": 0,
    "lang": "en",
    "updated": 0
  },
  {
    "id": "5b085e08-52f8-44d7-aca3-a5a1e032a343",
    "data": [
      {
        "text": "show me a flight to ",
        "userDefined": false
      },
      {
        "text": "Amsterdam",
        "meta": "@sys.location",
        "alias": "to",
        "userDefined": true
      },
      {
        "text": " ",
        "userDefined": false
      },
      {
        "text": "for",
        "meta": "@sys.ignore",
        "userDefined": true
      },
      {
        "text": " ",
        "userDefined": false
      },
      {
        "text": "tomorrow",
        "meta": "@sys.date-time",
        "alias": "departure",
        "userDefined": true
      }
    ],
    "isTemplate": false,
    "count": 0,
    "lang": "en",
    "updated": 0
  },
  {
    "id": "e0e89718-d377-441f-99f6-8ba60a77e431",
    "data": [
      {
        "text": "look for flights",
        "userDefined": false
      }
    ],
    "isTemplate": false,
    "count": 0,
    "lang": "en",
    "updated": 0
  },
  {
    "id": "d9dce705-f426-468b-9e45-f9c82db28e51",
    "data": [
      {
        "text": "I\u0027m searching for a flight to ",
        "userDefined": false
      },
      {
        "text": "Dublin",
        "meta": "@sys.location",
        "alias": "to",
        "userDefined": false
      }
    ],
    "isTemplate": false,
    "count": 0,
    "lang": "en",
    "updated": 0
  },
  {
    "id": "4d9ed03b-1cd4-4834-b6cd-99b8b6cc866e",
    "data": [
      {
        "text": "find a flight from ",
        "userDefined": false
      },
      {
        "text": "Barcelona",
        "meta": "@sys.location",
        "alias": "from",
        "userDefined": true
      },
      {
        "text": " to ",
        "userDefined": false
      },
      {
        "text": "Cagliari",
        "meta": "@sys.location",
        "alias": "to",
        "userDefined": true
      },
      {
        "text": " for less than ",
        "userDefined": false
      },
      {
        "text": "200$",
        "meta": "@sys.unit-currency",
        "alias": "price",
        "userDefined": true
      }
    ],
    "isTemplate": false,
    "count": 0,
    "lang": "en",
    "updated": 0
  },
  {
    "id": "524d6943-7078-4be1-aad5-d3059c95b11f",
    "data": [
      {
        "text": "I want to buy an airplane ticket to ",
        "userDefined": false
      },
      {
        "text": "Pekin",
        "meta": "@sys.location",
        "alias": "to",
        "userDefined": true
      }
    ],
    "isTemplate": false,
    "count": 0,
    "lang": "en",
    "updated": 0
  },
  {
    "id": "576fca25-3888-4f40-b15e-1815f2319d00",
    "data": [
      {
        "text": "find flights for ",
        "userDefined": false
      },
      {
        "text": "4",
        "meta": "@sys.number",
        "alias": "adult",
        "userDefined": true
      },
      {
        "text": " adults from ",
        "userDefined": false
      },
      {
        "text": "February 7",
        "meta": "@sys.date-time",
        "alias": "departure",
        "userDefined": true
      },
      {
        "text": " till ",
        "userDefined": false
      },
      {
        "text": "February 10",
        "meta": "@sys.date-time",
        "alias": "return",
        "userDefined": true
      },
      {
        "text": " from ",
        "userDefined": false
      },
      {
        "text": "New York",
        "meta": "@sys.location",
        "alias": "from",
        "userDefined": true
      },
      {
        "text": " ",
        "userDefined": false
      },
      {
        "text": "to",
        "meta": "@sys.ignore",
        "userDefined": true
      },
      {
        "text": " ",
        "userDefined": false
      },
      {
        "text": "Ottawa",
        "meta": "@sys.location",
        "alias": "to",
        "userDefined": true
      }
    ],
    "isTemplate": false,
    "count": 0,
    "lang": "en",
    "updated": 0
  },
  {
    "id": "e180221b-bdc0-4494-9429-2b92c59b90ec",
    "data": [
      {
        "text": "you should find ",
        "userDefined": false
      },
      {
        "text": "me",
        "meta": "@sys.ignore",
        "userDefined": true
      },
      {
        "text": " ",
        "userDefined": false
      },
      {
        "text": "a",
        "meta": "@sys.ignore",
        "userDefined": true
      },
      {
        "text": " flight to ",
        "userDefined": false
      },
      {
        "text": "London",
        "meta": "@sys.location",
        "alias": "to",
        "userDefined": true
      },
      {
        "text": " from ",
        "userDefined": false
      },
      {
        "text": "here",
        "meta": "@sys.ignore",
        "userDefined": true
      }
    ],
    "isTemplate": false,
    "count": 0,
    "lang": "en",
    "updated": 0
  },
  {
    "id": "33a68faa-492c-4ff0-8508-d3a0dcc406d1",
    "data": [
      {
        "text": "I need a flight to ",
        "userDefined": false
      },
      {
        "text": "Delhi",
        "meta": "@sys.location",
        "alias": "to",
        "userDefined": true
      }
    ],
    "isTemplate": false,
    "count": 0,
    "lang": "en",
    "updated": 0
  },
  {
    "id": "e8a2dc4d-392b-4943-a01b-bd4ac967cd39",
    "data": [
      {
        "text": "find me the ",
        "userDefined": false
      },
      {
        "text": "free",
        "meta": "@map-sort",
        "alias": "sort",
        "userDefined": true
      },
      {
        "text": " flights",
        "userDefined": false
      }
    ],
    "isTemplate": false,
    "count": 0,
    "lang": "en",
    "updated": 0
  },
  {
    "id": "9e5f8608-d1ff-4d55-a3f4-12b389bde2c7",
    "data": [
      {
        "text": "find flight to ",
        "userDefined": false
      },
      {
        "text": "London",
        "meta": "@sys.location",
        "alias": "to",
        "userDefined": false
      },
      {
        "text": " from ",
        "userDefined": false
      },
      {
        "text": "2 June",
        "meta": "@sys.date-time",
        "alias": "departure",
        "userDefined": false
      },
      {
        "text": " till ",
        "userDefined": false
      },
      {
        "text": "July 3",
        "meta": "@sys.date-time",
        "alias": "return",
        "userDefined": false
      }
    ],
    "isTemplate": false,
    "count": 0,
    "lang": "en",
    "updated": 0
  },
  {
    "id": "194dd484-178b-4efb-b8df-b8e8123f5c14",
    "data": [
      {
        "text": "I need a flight ticket",
        "userDefined": false
      }
    ],
    "isTemplate": false,
    "count": 0,
    "lang": "en",
    "updated": 0
  },
  {
    "id": "3aa9ce71-654c-4759-a070-49d97f072af7",
    "data": [
      {
        "text": "look for ",
        "userDefined": false
      },
      {
        "text": "an",
        "meta": "@sys.ignore",
        "userDefined": true
      },
      {
        "text": " ",
        "userDefined": false
      },
      {
        "text": "airplane",
        "meta": "@sys.ignore",
        "userDefined": true
      },
      {
        "text": " ticket for ",
        "userDefined": false
      },
      {
        "text": "tomorrow",
        "meta": "@sys.date-time",
        "alias": "departure",
        "userDefined": true
      },
      {
        "text": " to ",
        "userDefined": false
      },
      {
        "text": "London",
        "meta": "@sys.location",
        "alias": "to",
        "userDefined": true
      }
    ],
    "isTemplate": false,
    "count": 0,
    "lang": "en",
    "updated": 0
  },
  {
    "id": "dcc50dc6-7043-4931-bb59-0c90563be840",
    "data": [
      {
        "text": "can",
        "meta": "@sys.ignore",
        "userDefined": true
      },
      {
        "text": " you search for ",
        "userDefined": false
      },
      {
        "text": "airplane",
        "meta": "@sys.ignore",
        "userDefined": true
      },
      {
        "text": " tickets to ",
        "userDefined": false
      },
      {
        "text": "Berlin",
        "meta": "@sys.location",
        "alias": "to",
        "userDefined": true
      }
    ],
    "isTemplate": false,
    "count": 0,
    "lang": "en",
    "updated": 0
  },
  {
    "id": "66df61f5-70c9-4ee4-a5b4-5dcd84a6d87b",
    "data": [
      {
        "text": "find popular ",
        "userDefined": false
      },
      {
        "text": "oneway",
        "meta": "@ticket-type",
        "alias": "ticket-type",
        "userDefined": true
      },
      {
        "text": " flights from ",
        "userDefined": false
      },
      {
        "text": "Ho Chi Minh",
        "meta": "@sys.location",
        "alias": "from",
        "userDefined": true
      },
      {
        "text": " under ",
        "userDefined": false
      },
      {
        "text": "120$",
        "meta": "@sys.unit-currency",
        "alias": "price",
        "userDefined": true
      }
    ],
    "isTemplate": false,
    "count": 1,
    "lang": "en",
    "updated": 0
  },
  {
    "id": "115503a2-59e1-47b7-bb62-d047130b1c1d",
    "data": [
      {
        "text": "find me flights from ",
        "userDefined": false
      },
      {
        "text": "Singapore",
        "meta": "@sys.location",
        "alias": "from",
        "userDefined": true
      },
      {
        "text": " to ",
        "userDefined": false
      },
      {
        "text": "Bangalore",
        "meta": "@sys.location",
        "alias": "to",
        "userDefined": true
      }
    ],
    "isTemplate": false,
    "count": 0,
    "lang": "en",
    "updated": 0
  },
  {
    "id": "6d083a4e-fa48-4fa3-81b3-3c43e0dca1f1",
    "data": [
      {
        "text": "find me a ",
        "userDefined": false
      },
      {
        "text": "nonstop",
        "meta": "@nonstop",
        "alias": "nonstop",
        "userDefined": true
      },
      {
        "text": " ",
        "userDefined": false
      },
      {
        "text": "refundable",
        "meta": "@refundable",
        "alias": "refundable",
        "userDefined": true
      },
      {
        "text": " ticket to  ",
        "userDefined": false
      },
      {
        "text": "Moscow",
        "meta": "@sys.location",
        "alias": "to",
        "userDefined": true
      },
      {
        "text": " ",
        "userDefined": false
      },
      {
        "text": "tomorrow",
        "meta": "@sys.date-time",
        "alias": "departure",
        "userDefined": true
      }
    ],
    "isTemplate": false,
    "count": 0,
    "lang": "en",
    "updated": 0
  },
  {
    "id": "c52885fe-3a95-492d-a22c-f90e7c5c08fd",
    "data": [
      {
        "text": "find ",
        "userDefined": false
      },
      {
        "text": "refundable",
        "meta": "@refundable",
        "alias": "refundable",
        "userDefined": true
      },
      {
        "text": " flights to ",
        "userDefined": false
      },
      {
        "text": "Basel",
        "meta": "@sys.location",
        "alias": "to",
        "userDefined": true
      }
    ],
    "isTemplate": false,
    "count": 1,
    "lang": "en",
    "updated": 0
  },
  {
    "id": "ef71cf3d-74a3-4c37-bd4a-502e15432b4e",
    "data": [
      {
        "text": "New York",
        "meta": "@sys.location",
        "alias": "from",
        "userDefined": true
      },
      {
        "text": " to ",
        "userDefined": false
      },
      {
        "text": "Milan",
        "meta": "@sys.location",
        "alias": "to",
        "userDefined": true
      },
      {
        "text": " ",
        "userDefined": false
      },
      {
        "text": "August 19",
        "meta": "@sys.date-time",
        "alias": "departure",
        "userDefined": true
      },
      {
        "text": " returning ",
        "userDefined": false
      },
      {
        "text": "August 26",
        "meta": "@sys.date-time",
        "alias": "return",
        "userDefined": true
      }
    ],
    "isTemplate": false,
    "count": 0,
    "lang": "en",
    "updated": 0
  },
  {
    "id": "80221d57-0d6d-4dbc-afb1-595ecb481259",
    "data": [
      {
        "text": "one way",
        "meta": "@ticket-type",
        "alias": "ticket-type",
        "userDefined": true
      },
      {
        "text": " ",
        "userDefined": false
      },
      {
        "text": "JFK",
        "meta": "@sys.location",
        "alias": "from",
        "userDefined": true
      },
      {
        "text": " ",
        "userDefined": false
      },
      {
        "text": "LAX",
        "meta": "@sys.location",
        "alias": "to",
        "userDefined": true
      },
      {
        "text": " ",
        "userDefined": false
      },
      {
        "text": "tomorrow",
        "meta": "@sys.date-time",
        "alias": "departure",
        "userDefined": true
      },
      {
        "text": " ",
        "userDefined": false
      },
      {
        "text": "economy",
        "meta": "@class",
        "alias": "class",
        "userDefined": true
      }
    ],
    "isTemplate": false,
    "count": 0,
    "lang": "en",
    "updated": 0
  },
  {
    "id": "af19376d-0a44-446f-a3ae-1a837fdb5dc8",
    "data": [
      {
        "text": "find ",
        "userDefined": false
      },
      {
        "text": "me",
        "meta": "@sys.ignore",
        "userDefined": true
      },
      {
        "text": " flights from ",
        "userDefined": false
      },
      {
        "text": "Singapore",
        "meta": "@sys.location",
        "alias": "from",
        "userDefined": true
      },
      {
        "text": " to ",
        "userDefined": false
      },
      {
        "text": "Bangalore",
        "meta": "@sys.location",
        "alias": "to",
        "userDefined": true
      }
    ],
    "isTemplate": false,
    "count": 0,
    "lang": "en",
    "updated": 0
  },
  {
    "id": "6f28823e-df4c-4527-85db-99bfb5e3215a",
    "data": [
      {
        "text": "what are the ",
        "userDefined": false
      },
      {
        "text": "best",
        "meta": "@map-sort",
        "alias": "sort",
        "userDefined": true
      },
      {
        "text": " dates to fly from ",
        "userDefined": false
      },
      {
        "text": "Seattle",
        "meta": "@sys.location",
        "alias": "from",
        "userDefined": true
      },
      {
        "text": " to ",
        "userDefined": false
      },
      {
        "text": "Honolulu",
        "meta": "@sys.location",
        "alias": "to",
        "userDefined": true
      },
      {
        "text": " in the month of ",
        "userDefined": false
      },
      {
        "text": "June",
        "meta": "@sys.date-time",
        "alias": "departure",
        "userDefined": true
      }
    ],
    "isTemplate": false,
    "count": 0,
    "lang": "en",
    "updated": 0
  },
  {
    "id": "95a81872-9243-4aeb-b3fe-e560333e4c87",
    "data": [
      {
        "text": "I\u0027m searching for airplane tickets",
        "userDefined": false
      }
    ],
    "isTemplate": false,
    "count": 0,
    "lang": "en",
    "updated": 0
  },
  {
    "id": "055afc42-aebf-4607-bc92-f3eb6cee56ae",
    "data": [
      {
        "text": "find me the ",
        "userDefined": false
      },
      {
        "text": "cheapest",
        "meta": "@map-sort",
        "alias": "sort",
        "userDefined": true
      },
      {
        "text": " flights to ",
        "userDefined": false
      },
      {
        "text": "London",
        "meta": "@sys.location",
        "alias": "to",
        "userDefined": true
      },
      {
        "text": " for ",
        "userDefined": false
      },
      {
        "text": "October 3",
        "meta": "@sys.date-time",
        "alias": "departure",
        "userDefined": true
      }
    ],
    "isTemplate": false,
    "count": 0,
    "lang": "en",
    "updated": 0
  },
  {
    "id": "10c00eb9-34f7-4f34-97df-d12f473a6b7d",
    "data": [
      {
        "text": "I\u0027m going to ",
        "userDefined": false
      },
      {
        "text": "Rome",
        "meta": "@sys.location",
        "alias": "to",
        "userDefined": false
      },
      {
        "text": " ",
        "userDefined": false
      },
      {
        "text": "in 2 days",
        "meta": "@sys.date-time",
        "alias": "departure",
        "userDefined": false
      }
    ],
    "isTemplate": false,
    "count": 0,
    "lang": "en",
    "updated": 0
  },
  {
    "id": "2bd470ba-1574-4fa7-8875-b96a4a2679f6",
    "data": [
      {
        "text": "I want to fly ",
        "userDefined": false
      },
      {
        "text": "tomorrow",
        "meta": "@sys.date-time",
        "alias": "departure",
        "userDefined": true
      }
    ],
    "isTemplate": false,
    "count": 1,
    "lang": "en",
    "updated": 0
  },
  {
    "id": "fd1faadb-1027-4e91-a020-6fe3e6f43cfd",
    "data": [
      {
        "text": "I\u0027m looking for ",
        "userDefined": false
      },
      {
        "text": "direct",
        "meta": "@nonstop",
        "alias": "nonstop",
        "userDefined": true
      },
      {
        "text": " tickets to ",
        "userDefined": false
      },
      {
        "text": "Dublin",
        "meta": "@sys.location",
        "alias": "to",
        "userDefined": true
      }
    ],
    "isTemplate": false,
    "count": 0,
    "lang": "en",
    "updated": 0
  },
  {
    "id": "8699c7ea-3f48-498f-a290-4ca221bb75cb",
    "data": [
      {
        "text": "search for flights from ",
        "userDefined": false
      },
      {
        "text": "Singapore",
        "meta": "@sys.location",
        "alias": "from",
        "userDefined": true
      },
      {
        "text": " to ",
        "userDefined": false
      },
      {
        "text": "London",
        "meta": "@sys.location",
        "alias": "to",
        "userDefined": true
      },
      {
        "text": " on ",
        "userDefined": false
      },
      {
        "text": "June 25",
        "meta": "@sys.date-time",
        "alias": "departure",
        "userDefined": true
      }
    ],
    "isTemplate": false,
    "count": 0,
    "lang": "en",
    "updated": 0
  },
  {
    "id": "dd0685e6-96f0-499d-bcec-a85e6190ae5f",
    "data": [
      {
        "text": "search ",
        "userDefined": false
      },
      {
        "text": "a",
        "meta": "@sys.ignore",
        "userDefined": true
      },
      {
        "text": " ",
        "userDefined": false
      },
      {
        "text": "nonstop",
        "meta": "@nonstop",
        "alias": "nonstop",
        "userDefined": true
      },
      {
        "text": " flight for ",
        "userDefined": false
      },
      {
        "text": "tomorrow",
        "meta": "@sys.date-time",
        "alias": "departure",
        "userDefined": true
      },
      {
        "text": " for ",
        "userDefined": false
      },
      {
        "text": "1",
        "meta": "@sys.number",
        "alias": "adult",
        "userDefined": true
      },
      {
        "text": " adult",
        "userDefined": false
      }
    ],
    "isTemplate": false,
    "count": 1,
    "lang": "en",
    "updated": 0
  },
  {
    "id": "c2b7a33b-1e16-4367-bf6b-75ec908dacc9",
    "data": [
      {
        "text": "can you find any ",
        "userDefined": false
      },
      {
        "text": "cheap",
        "meta": "@map-sort",
        "alias": "sort",
        "userDefined": true
      },
      {
        "text": " return flights in ",
        "userDefined": false
      },
      {
        "text": "January",
        "meta": "@sys.date-time",
        "alias": "departure",
        "userDefined": true
      },
      {
        "text": " anywhere in ",
        "userDefined": false
      },
      {
        "text": "Asia",
        "meta": "@sys.location",
        "alias": "to",
        "userDefined": true
      }
    ],
    "isTemplate": false,
    "count": 0,
    "lang": "en",
    "updated": 0
  },
  {
    "id": "4b6a8934-9c30-48f4-b401-d3893916f0cd",
    "data": [
      {
        "text": "search",
        "meta": "@sys.ignore",
        "userDefined": false
      },
      {
        "text": " the ",
        "userDefined": false
      },
      {
        "text": "good",
        "meta": "@map-sort",
        "alias": "sort",
        "userDefined": false
      },
      {
        "text": " ",
        "userDefined": false
      },
      {
        "text": "Dubai",
        "meta": "@sys.location",
        "alias": "to",
        "userDefined": false
      },
      {
        "text": " flight",
        "userDefined": false
      }
    ],
    "isTemplate": false,
    "count": 0,
    "lang": "en",
    "updated": 0
  },
  {
    "id": "4a4a1423-dd34-430d-a13a-b086bc5bdf8f",
    "data": [
      {
        "text": "find flight from ",
        "userDefined": false
      },
      {
        "text": "Moscow",
        "meta": "@sys.location",
        "alias": "from",
        "userDefined": true
      },
      {
        "text": " to ",
        "userDefined": false
      },
      {
        "text": "Paris",
        "meta": "@sys.location",
        "alias": "to",
        "userDefined": true
      },
      {
        "text": " for less than ",
        "userDefined": false
      },
      {
        "text": "150 euro",
        "meta": "@sys.unit-currency",
        "alias": "price",
        "userDefined": true
      }
    ],
    "isTemplate": false,
    "count": 1,
    "lang": "en",
    "updated": 0
  },
  {
    "id": "c3fda10f-3975-4902-a1de-fc41d5f01549",
    "data": [
      {
        "text": "find me the ",
        "userDefined": false
      },
      {
        "text": "best",
        "meta": "@map-sort",
        "alias": "sort",
        "userDefined": true
      },
      {
        "text": " ticket to ",
        "userDefined": false
      },
      {
        "text": "London",
        "meta": "@sys.location",
        "alias": "to",
        "userDefined": true
      },
      {
        "text": " in ",
        "userDefined": false
      },
      {
        "text": "economy class",
        "meta": "@class",
        "alias": "class",
        "userDefined": true
      }
    ],
    "isTemplate": false,
    "count": 0,
    "lang": "en",
    "updated": 0
  },
  {
    "id": "87cb8b29-ac5f-4b76-bafa-5bfc3c7a07b2",
    "data": [
      {
        "text": "I need the ",
        "userDefined": false
      },
      {
        "text": "cheapest",
        "meta": "@map-sort",
        "alias": "sort",
        "userDefined": true
      },
      {
        "text": " flight to ",
        "userDefined": false
      },
      {
        "text": "Dublin",
        "meta": "@sys.location",
        "alias": "to",
        "userDefined": true
      }
    ],
    "isTemplate": false,
    "count": 0,
    "lang": "en",
    "updated": 0
  },
  {
    "id": "555e6dcf-15ac-4eb1-9203-ca72974313e3",
    "data": [
      {
        "text": "Bangkok",
        "meta": "@sys.location",
        "alias": "to",
        "userDefined": true
      },
      {
        "text": " on ",
        "userDefined": false
      },
      {
        "text": "25 July",
        "meta": "@sys.date-time",
        "alias": "departure",
        "userDefined": true
      }
    ],
    "isTemplate": false,
    "count": 1,
    "lang": "en",
    "updated": 0
  },
  {
    "id": "13006794-349c-4941-8eeb-f6cb20b4fa99",
    "data": [
      {
        "text": "find a flight ticket for me",
        "userDefined": false
      }
    ],
    "isTemplate": false,
    "count": 0,
    "lang": "en",
    "updated": 0
  },
  {
    "id": "0e0012d8-e3d0-48a5-ba32-9348f0e01d32",
    "data": [
      {
        "text": "show me flights to ",
        "userDefined": false
      },
      {
        "text": "London",
        "meta": "@sys.location",
        "alias": "to",
        "userDefined": true
      }
    ],
    "isTemplate": false,
    "count": 0,
    "lang": "en",
    "updated": 0
  },
  {
    "id": "b648e838-1d3f-4377-90b2-56ee76597f96",
    "data": [
      {
        "text": "need to fly to ",
        "userDefined": false
      },
      {
        "text": "Amsterdam",
        "meta": "@sys.location",
        "alias": "to",
        "userDefined": true
      },
      {
        "text": " ",
        "userDefined": false
      },
      {
        "text": "tomorrow",
        "meta": "@sys.date-time",
        "alias": "departure",
        "userDefined": true
      }
    ],
    "isTemplate": false,
    "count": 1,
    "lang": "en",
    "updated": 0
  },
  {
    "id": "663ce5fb-44ad-42b7-bd0c-9c2115dc8ea8",
    "data": [
      {
        "text": "need ",
        "userDefined": false
      },
      {
        "text": "a",
        "meta": "@sys.ignore",
        "userDefined": true
      },
      {
        "text": " flight to ",
        "userDefined": false
      },
      {
        "text": "Las Vegas",
        "meta": "@sys.location",
        "alias": "to",
        "userDefined": true
      },
      {
        "text": " from ",
        "userDefined": false
      },
      {
        "text": "NYC",
        "meta": "@sys.location",
        "alias": "from",
        "userDefined": true
      }
    ],
    "isTemplate": false,
    "count": 0,
    "lang": "en",
    "updated": 0
  },
  {
    "id": "49f53940-298b-40a4-af18-2bf1a9a91c05",
    "data": [
      {
        "text": "Amsterdam",
        "meta": "@sys.location",
        "alias": "from",
        "userDefined": true
      },
      {
        "text": " to ",
        "userDefined": false
      },
      {
        "text": "NYC",
        "meta": "@sys.location",
        "alias": "to",
        "userDefined": true
      },
      {
        "text": " ",
        "userDefined": false
      },
      {
        "text": "July 12",
        "meta": "@sys.date-time",
        "alias": "departure",
        "userDefined": true
      },
      {
        "text": " ",
        "userDefined": false
      },
      {
        "text": "economy class",
        "meta": "@class",
        "alias": "class",
        "userDefined": true
      }
    ],
    "isTemplate": false,
    "count": 0,
    "lang": "en",
    "updated": 0
  },
  {
    "id": "1cb8e417-1f0b-4755-8a04-487d460ec334",
    "data": [
      {
        "text": "are",
        "meta": "@sys.ignore",
        "userDefined": true
      },
      {
        "text": " there ",
        "userDefined": false
      },
      {
        "text": "any",
        "meta": "@sys.ignore",
        "userDefined": true
      },
      {
        "text": " ",
        "userDefined": false
      },
      {
        "text": "direct",
        "meta": "@nonstop",
        "alias": "nonstop",
        "userDefined": true
      },
      {
        "text": " tickets to ",
        "userDefined": false
      },
      {
        "text": "Moscow",
        "meta": "@sys.location",
        "alias": "to",
        "userDefined": true
      },
      {
        "text": " for ",
        "userDefined": false
      },
      {
        "text": "tomorrow",
        "meta": "@sys.date-time",
        "alias": "departure",
        "userDefined": true
      }
    ],
    "isTemplate": false,
    "count": 0,
    "lang": "en",
    "updated": 0
  },
  {
    "id": "2abc5579-c037-4070-912b-10f4b471bd56",
    "data": [
      {
        "text": "I want to buy ",
        "userDefined": false
      },
      {
        "text": "an",
        "meta": "@sys.ignore",
        "userDefined": true
      },
      {
        "text": " ",
        "userDefined": false
      },
      {
        "text": "airplane",
        "meta": "@sys.ignore",
        "userDefined": true
      },
      {
        "text": " ticket to ",
        "userDefined": false
      },
      {
        "text": "Moscow",
        "meta": "@sys.location",
        "alias": "to",
        "userDefined": true
      }
    ],
    "isTemplate": false,
    "count": 0,
    "lang": "en",
    "updated": 0
  },
  {
    "id": "3fdf6f78-73a1-4699-920c-5cd2b29d385b",
    "data": [
      {
        "text": "I need a ",
        "userDefined": false
      },
      {
        "text": "round",
        "meta": "@ticket-type",
        "alias": "ticket-type",
        "userDefined": true
      },
      {
        "text": " ",
        "userDefined": false
      },
      {
        "text": "airplane",
        "meta": "@sys.ignore",
        "userDefined": true
      },
      {
        "text": " ticket",
        "userDefined": false
      }
    ],
    "isTemplate": false,
    "count": 0,
    "lang": "en",
    "updated": 0
  },
  {
    "id": "5f056708-de8c-432c-91d9-20ea2d3eec60",
    "data": [
      {
        "text": "any ",
        "userDefined": false
      },
      {
        "text": "Virgin America",
        "meta": "@airline",
        "alias": "airline",
        "userDefined": true
      },
      {
        "text": " flights from ",
        "userDefined": false
      },
      {
        "text": "LA",
        "meta": "@sys.location",
        "alias": "from",
        "userDefined": true
      },
      {
        "text": " to ",
        "userDefined": false
      },
      {
        "text": "Vegas",
        "meta": "@sys.location",
        "alias": "to",
        "userDefined": true
      },
      {
        "text": " ",
        "userDefined": false
      },
      {
        "text": "this weekend",
        "meta": "@sys.date-time",
        "alias": "departure",
        "userDefined": true
      }
    ],
    "isTemplate": false,
    "count": 0,
    "lang": "en",
    "updated": 0
  },
  {
    "id": "e819cd45-0455-4ff2-a6cd-279265c68ef8",
    "data": [
      {
        "text": "flight from ",
        "userDefined": false
      },
      {
        "text": "DEL",
        "meta": "@sys.location",
        "alias": "from",
        "userDefined": true
      },
      {
        "text": " to ",
        "userDefined": false
      },
      {
        "text": "BLR",
        "meta": "@sys.location",
        "alias": "to",
        "userDefined": true
      }
    ],
    "isTemplate": false,
    "count": 0,
    "lang": "en",
    "updated": 0
  },
  {
    "id": "b12b23ac-7ac7-40ef-89e8-5c8af9ddfaeb",
    "data": [
      {
        "text": "Virgin America",
        "meta": "@airline",
        "alias": "airline",
        "userDefined": true
      },
      {
        "text": " flights ",
        "userDefined": false
      },
      {
        "text": "to",
        "meta": "@sys.ignore",
        "userDefined": true
      },
      {
        "text": " ",
        "userDefined": false
      },
      {
        "text": "Moscow",
        "meta": "@sys.location",
        "alias": "to",
        "userDefined": true
      },
      {
        "text": " ",
        "userDefined": false
      },
      {
        "text": "today",
        "meta": "@sys.date-time",
        "alias": "departure",
        "userDefined": true
      }
    ],
    "isTemplate": false,
    "count": 1,
    "lang": "en",
    "updated": 0
  },
  {
    "id": "fad5b9cb-6e51-458e-a0b5-7cb330ab53e2",
    "data": [
      {
        "text": "find tickets to ",
        "userDefined": false
      },
      {
        "text": "Moscow",
        "meta": "@sys.location",
        "alias": "to",
        "userDefined": true
      },
      {
        "text": " from here",
        "userDefined": false
      }
    ],
    "isTemplate": false,
    "count": 0,
    "lang": "en",
    "updated": 0
  },
  {
    "id": "3f339ba6-fb80-4aa2-ab7a-84f7d2018df4",
    "data": [
      {
        "text": "I\u0027m going to fly to ",
        "userDefined": false
      },
      {
        "text": "Amsterdam",
        "meta": "@sys.location",
        "alias": "to",
        "userDefined": false
      }
    ],
    "isTemplate": false,
    "count": 0,
    "lang": "en",
    "updated": 0
  },
  {
    "id": "e77180b1-1378-4fe2-a58b-16a3067487eb",
    "data": [
      {
        "text": "flight till ",
        "userDefined": false
      },
      {
        "text": "Sunday",
        "meta": "@sys.date-time",
        "alias": "return",
        "userDefined": true
      }
    ],
    "isTemplate": false,
    "count": 0,
    "lang": "en",
    "updated": 0
  },
  {
    "id": "fc0add31-3303-434b-bbe5-786830286bb3",
    "data": [
      {
        "text": "flight to ",
        "userDefined": false
      },
      {
        "text": "Barcelona",
        "meta": "@sys.location",
        "alias": "to",
        "userDefined": true
      }
    ],
    "isTemplate": false,
    "count": 0,
    "lang": "en",
    "updated": 0
  },
  {
    "id": "7b32cd18-ca6e-4aae-a3d0-89cf8baa138c",
    "data": [
      {
        "text": "find flight from ",
        "userDefined": false
      },
      {
        "text": "Denver",
        "meta": "@sys.location",
        "alias": "from",
        "userDefined": true
      },
      {
        "text": " ",
        "userDefined": false
      },
      {
        "text": "to",
        "meta": "@sys.ignore",
        "userDefined": true
      },
      {
        "text": " ",
        "userDefined": false
      },
      {
        "text": "Paris",
        "meta": "@sys.location",
        "alias": "to",
        "userDefined": true
      },
      {
        "text": " for ",
        "userDefined": false
      },
      {
        "text": "200 euro",
        "meta": "@sys.unit-currency",
        "alias": "price",
        "userDefined": true
      }
    ],
    "isTemplate": false,
    "count": 0,
    "lang": "en",
    "updated": 0
  },
  {
    "id": "82b767c0-9462-429f-b9ea-2f819d40505d",
    "data": [
      {
        "text": "economy",
        "meta": "@class",
        "alias": "class",
        "userDefined": true
      },
      {
        "text": " ",
        "userDefined": false
      },
      {
        "text": "coming",
        "meta": "@sys.ignore",
        "userDefined": true
      },
      {
        "text": " back on ",
        "userDefined": false
      },
      {
        "text": "15 August",
        "meta": "@sys.date-time",
        "alias": "return",
        "userDefined": true
      }
    ],
    "isTemplate": false,
    "count": 1,
    "lang": "en",
    "updated": 0
  },
  {
    "id": "a8cc961e-438e-46dc-ae11-89c343cadf7f",
    "data": [
      {
        "text": "I\u0027d like to fly to ",
        "userDefined": false
      },
      {
        "text": "San Diego",
        "meta": "@sys.location",
        "alias": "to",
        "userDefined": true
      },
      {
        "text": " ",
        "userDefined": false
      },
      {
        "text": "next weekend",
        "meta": "@sys.date-time",
        "alias": "departure",
        "userDefined": true
      }
    ],
    "isTemplate": false,
    "count": 0,
    "lang": "en",
    "updated": 0
  },
  {
    "id": "6bef414d-8f75-4d81-9730-c65e7fc2e1e3",
    "data": [
      {
        "text": "find flights",
        "userDefined": false
      }
    ],
    "isTemplate": false,
    "count": 0,
    "lang": "en",
    "updated": 0
  },
  {
    "id": "166f0dd8-ce0b-4bf9-91f4-7eda697a32f8",
    "data": [
      {
        "text": "I am trying to buy tickets from ",
        "userDefined": false
      },
      {
        "text": "Taiwan",
        "meta": "@sys.location",
        "alias": "from",
        "userDefined": true
      },
      {
        "text": " to the ",
        "userDefined": false
      },
      {
        "text": "United States",
        "meta": "@sys.location",
        "alias": "to",
        "userDefined": true
      },
      {
        "text": " I want to find the ",
        "userDefined": false
      },
      {
        "text": "best",
        "meta": "@map-sort",
        "alias": "sort",
        "userDefined": true
      },
      {
        "text": " flight",
        "userDefined": false
      }
    ],
    "isTemplate": false,
    "count": 0,
    "lang": "en",
    "updated": 0
  },
  {
    "id": "5f1e9453-977b-4150-904f-1c22ab4ad632",
    "data": [
      {
        "text": "search for airplane tickets to ",
        "userDefined": false
      },
      {
        "text": "Berlin",
        "meta": "@sys.location",
        "alias": "to",
        "userDefined": true
      }
    ],
    "isTemplate": false,
    "count": 0,
    "lang": "en",
    "updated": 0
  },
  {
    "id": "3ba7d0eb-22fa-401e-9ebb-8d67401a6e57",
    "data": [
      {
        "text": "NYC",
        "meta": "@sys.location",
        "alias": "from",
        "userDefined": true
      },
      {
        "text": " to ",
        "userDefined": false
      },
      {
        "text": "Milan",
        "meta": "@sys.location",
        "alias": "to",
        "userDefined": true
      },
      {
        "text": " ",
        "userDefined": false
      },
      {
        "text": "3",
        "meta": "@sys.number",
        "alias": "adult",
        "userDefined": true
      },
      {
        "text": " people ",
        "userDefined": false
      },
      {
        "text": "business",
        "meta": "@class",
        "alias": "class",
        "userDefined": true
      }
    ],
    "isTemplate": false,
    "count": 0,
    "lang": "en",
    "updated": 0
  },
  {
    "id": "527dc07c-b8cf-47c5-b165-917d9cf509c8",
    "data": [
      {
        "text": "JFK",
        "meta": "@sys.location",
        "alias": "from",
        "userDefined": true
      },
      {
        "text": " ",
        "userDefined": false
      },
      {
        "text": "LAX",
        "meta": "@sys.location",
        "alias": "to",
        "userDefined": true
      },
      {
        "text": " ",
        "userDefined": false
      },
      {
        "text": "tomorrow morning",
        "meta": "@sys.date-time",
        "alias": "departure",
        "userDefined": true
      },
      {
        "text": " ",
        "userDefined": false
      },
      {
        "text": "eco",
        "meta": "@class",
        "alias": "class",
        "userDefined": true
      }
    ],
    "isTemplate": false,
    "count": 0,
    "lang": "en",
    "updated": 0
  },
  {
    "id": "50a0b443-bac2-464f-8707-087bf763d1bc",
    "data": [
      {
        "text": "Bangkok",
        "meta": "@sys.location",
        "alias": "from",
        "userDefined": true
      },
      {
        "text": " to ",
        "userDefined": false
      },
      {
        "text": "New York",
        "meta": "@sys.location",
        "alias": "to",
        "userDefined": true
      },
      {
        "text": " ",
        "userDefined": false
      },
      {
        "text": "on",
        "meta": "@sys.ignore",
        "userDefined": true
      },
      {
        "text": " ",
        "userDefined": false
      },
      {
        "text": "the 17th",
        "meta": "@sys.date-time",
        "alias": "departure",
        "userDefined": true
      }
    ],
    "isTemplate": false,
    "count": 0,
    "lang": "en",
    "updated": 0
  },
  {
    "id": "c24c02d3-fc48-4a6b-827a-bf7068b67ebe",
    "data": [
      {
        "text": "I want to go somewhere from ",
        "userDefined": false
      },
      {
        "text": "Chicago",
        "meta": "@sys.location",
        "alias": "from",
        "userDefined": true
      },
      {
        "text": " in the ",
        "userDefined": false
      },
      {
        "text": "winter",
        "meta": "@sys.date-time",
        "alias": "departure",
        "userDefined": true
      }
    ],
    "isTemplate": false,
    "count": 0,
    "lang": "en",
    "updated": 0
  },
  {
    "id": "394cee98-4c40-462c-b307-3268c3565a7d",
    "data": [
      {
        "text": "find a flight",
        "userDefined": false
      }
    ],
    "isTemplate": false,
    "count": 1,
    "lang": "en",
    "updated": 0
  },
  {
    "id": "15053173-6c94-4253-9411-777b4351a254",
    "data": [
      {
        "text": "find flight from ",
        "userDefined": false
      },
      {
        "text": "ATH",
        "meta": "@sys.location",
        "alias": "from",
        "userDefined": true
      },
      {
        "text": " ",
        "userDefined": false
      },
      {
        "text": "to",
        "meta": "@sys.ignore",
        "userDefined": false
      },
      {
        "text": " ",
        "userDefined": false
      },
      {
        "text": "MUC",
        "meta": "@sys.location",
        "alias": "to",
        "userDefined": false
      },
      {
        "text": " ",
        "userDefined": false
      },
      {
        "text": "tomorrow",
        "meta": "@sys.date-time",
        "alias": "departure",
        "userDefined": false
      }
    ],
    "isTemplate": false,
    "count": 0,
    "lang": "en",
    "updated": 0
  },
  {
    "id": "4945d816-c982-4157-91f0-09b4374ad715",
    "data": [
      {
        "text": "search",
        "meta": "@sys.ignore",
        "userDefined": true
      },
      {
        "text": " for flights ",
        "userDefined": false
      },
      {
        "text": "with refund",
        "meta": "@refundable",
        "alias": "refundable",
        "userDefined": true
      },
      {
        "text": " only",
        "userDefined": false
      }
    ],
    "isTemplate": false,
    "count": 0,
    "lang": "en",
    "updated": 0
  },
  {
    "id": "801df9b3-342f-45c9-88b0-3fee91c82b01",
    "data": [
      {
        "text": "cheapest",
        "meta": "@map-sort",
        "alias": "sort",
        "userDefined": true
      },
      {
        "text": " ",
        "userDefined": false
      },
      {
        "text": "non stop",
        "meta": "@nonstop",
        "alias": "nonstop",
        "userDefined": true
      },
      {
        "text": " flights to ",
        "userDefined": false
      },
      {
        "text": "London",
        "meta": "@sys.location",
        "alias": "to",
        "userDefined": true
      }
    ],
    "isTemplate": false,
    "count": 0,
    "lang": "en",
    "updated": 0
  },
  {
    "id": "3530f25a-f197-49ff-86e5-ef590ddc7a2e",
    "data": [
      {
        "text": "I need ",
        "userDefined": false
      },
      {
        "text": "round",
        "meta": "@ticket-type",
        "alias": "ticket-type",
        "userDefined": true
      },
      {
        "text": " airplane tickets",
        "userDefined": false
      }
    ],
    "isTemplate": false,
    "count": 0,
    "lang": "en",
    "updated": 0
  },
  {
    "id": "4911cb71-426b-4d74-9b53-d4329aa7c4bd",
    "data": [
      {
        "text": "I need to fly from ",
        "userDefined": false
      },
      {
        "text": "San Francisco",
        "meta": "@sys.location",
        "alias": "from",
        "userDefined": true
      },
      {
        "text": " to ",
        "userDefined": false
      },
      {
        "text": "New York",
        "meta": "@sys.location",
        "alias": "to",
        "userDefined": true
      },
      {
        "text": " next ",
        "userDefined": false
      },
      {
        "text": "Friday",
        "meta": "@sys.date-time",
        "alias": "departure",
        "userDefined": true
      }
    ],
    "isTemplate": false,
    "count": 0,
    "lang": "en",
    "updated": 0
  },
  {
    "id": "a368a0d3-199b-4f16-bca0-92021f42691b",
    "data": [
      {
        "text": "I need to fly from ",
        "userDefined": false
      },
      {
        "text": "San Francisco",
        "meta": "@sys.location",
        "alias": "from",
        "userDefined": true
      },
      {
        "text": " to ",
        "userDefined": false
      },
      {
        "text": "Houston",
        "meta": "@sys.location",
        "alias": "to",
        "userDefined": true
      },
      {
        "text": " on ",
        "userDefined": false
      },
      {
        "text": "October 18-24",
        "meta": "@sys.date-time",
        "alias": "departure",
        "userDefined": true
      }
    ],
    "isTemplate": false,
    "count": 0,
    "lang": "en",
    "updated": 0
  },
  {
    "id": "7043caf5-bfcd-4df0-b57b-3d202c914262",
    "data": [
      {
        "text": "I want to fly from ",
        "userDefined": false
      },
      {
        "text": "Vienna",
        "meta": "@sys.location",
        "alias": "from",
        "userDefined": true
      },
      {
        "text": " to ",
        "userDefined": false
      },
      {
        "text": "Amsterdam",
        "meta": "@sys.location",
        "alias": "to",
        "userDefined": true
      },
      {
        "text": " on the ",
        "userDefined": false
      },
      {
        "text": "20.12",
        "meta": "@sys.date-time",
        "alias": "departure",
        "userDefined": true
      },
      {
        "text": " till ",
        "userDefined": false
      },
      {
        "text": "22.12",
        "meta": "@sys.date-time",
        "alias": "return",
        "userDefined": true
      }
    ],
    "isTemplate": false,
    "count": 13,
    "lang": "en",
    "updated": 0
  },
  {
    "id": "f28c2f29-691d-4b13-af3b-5bce63d7a5c3",
    "data": [
      {
        "text": "find me flights for ",
        "userDefined": false
      },
      {
        "text": "next week",
        "meta": "@sys.date-time",
        "alias": "departure",
        "userDefined": true
      },
      {
        "text": " from ",
        "userDefined": false
      },
      {
        "text": "London",
        "meta": "@sys.location",
        "alias": "from",
        "userDefined": true
      },
      {
        "text": " to ",
        "userDefined": false
      },
      {
        "text": "Paris",
        "meta": "@sys.location",
        "alias": "to",
        "userDefined": true
      }
    ],
    "isTemplate": false,
    "count": 0,
    "lang": "en",
    "updated": 0
  },
  {
    "id": "c57f8974-e2a4-4e47-a98b-ac9f6dd4e9c8",
    "data": [
      {
        "text": "I need a ",
        "userDefined": false
      },
      {
        "text": "one-way",
        "meta": "@ticket-type",
        "alias": "ticket-type",
        "userDefined": true
      },
      {
        "text": " ticket to ",
        "userDefined": false
      },
      {
        "text": "Zimbabwe",
        "meta": "@sys.location",
        "alias": "to",
        "userDefined": true
      },
      {
        "text": " leaving ",
        "userDefined": false
      },
      {
        "text": "tonight",
        "meta": "@sys.date-time",
        "alias": "departure",
        "userDefined": true
      }
    ],
    "isTemplate": false,
    "count": 1,
    "lang": "en",
    "updated": 0
  },
  {
    "id": "6fbf80d4-a4e8-43bd-9bc0-37d6172aae38",
    "data": [
      {
        "text": "are there still some ",
        "userDefined": false
      },
      {
        "text": "non-stop",
        "meta": "@nonstop",
        "alias": "nonstop",
        "userDefined": true
      },
      {
        "text": " flights to ",
        "userDefined": false
      },
      {
        "text": "Colorado",
        "meta": "@sys.location",
        "alias": "to",
        "userDefined": true
      },
      {
        "text": " for ",
        "userDefined": false
      },
      {
        "text": "Christmas",
        "meta": "@sys.date-time",
        "alias": "departure",
        "userDefined": true
      }
    ],
    "isTemplate": false,
    "count": 0,
    "lang": "en",
    "updated": 0
  },
  {
    "id": "f909a367-b900-4eb9-9a9f-a392e2978419",
    "data": [
      {
        "text": "free",
        "meta": "@map-sort",
        "alias": "sort",
        "userDefined": true
      },
      {
        "text": " flights to ",
        "userDefined": false
      },
      {
        "text": "Paris",
        "meta": "@sys.location",
        "alias": "to",
        "userDefined": true
      }
    ],
    "isTemplate": false,
    "count": 1,
    "lang": "en",
    "updated": 0
  },
  {
    "id": "bcb22d2a-3b3c-49fa-b027-0587557a34c7",
    "data": [
      {
        "text": "any ",
        "userDefined": false
      },
      {
        "text": "cheap",
        "meta": "@map-sort",
        "alias": "sort",
        "userDefined": true
      },
      {
        "text": " tickets to ",
        "userDefined": false
      },
      {
        "text": "Berlin",
        "meta": "@sys.location",
        "alias": "to",
        "userDefined": true
      }
    ],
    "isTemplate": false,
    "count": 0,
    "lang": "en",
    "updated": 0
  },
  {
    "id": "8da0ead5-9cee-450d-8777-fc00993dd4b7",
    "data": [
      {
        "text": "I need ",
        "userDefined": false
      },
      {
        "text": "a",
        "meta": "@sys.ignore",
        "userDefined": true
      },
      {
        "text": " ticket to ",
        "userDefined": false
      },
      {
        "text": "SFO",
        "meta": "@sys.location",
        "alias": "to",
        "userDefined": true
      },
      {
        "text": " ",
        "userDefined": false
      },
      {
        "text": "next Monday",
        "meta": "@sys.date-time",
        "alias": "departure",
        "userDefined": true
      }
    ],
    "isTemplate": false,
    "count": 0,
    "lang": "en",
    "updated": 0
  },
  {
    "id": "4c089574-83b8-49c0-a49f-5bee9345cdd2",
    "data": [
      {
        "text": "show ",
        "userDefined": false
      },
      {
        "text": "me",
        "meta": "@sys.ignore",
        "userDefined": true
      },
      {
        "text": " flights to ",
        "userDefined": false
      },
      {
        "text": "London",
        "meta": "@sys.location",
        "alias": "to",
        "userDefined": true
      }
    ],
    "isTemplate": false,
    "count": 0,
    "lang": "en",
    "updated": 0
  },
  {
    "id": "1e6436a7-1f80-438b-acd0-5602f2fba8dc",
    "data": [
      {
        "text": "I want a ",
        "userDefined": false
      },
      {
        "text": "non-stop",
        "meta": "@nonstop",
        "alias": "nonstop",
        "userDefined": true
      },
      {
        "text": " flight from ",
        "userDefined": false
      },
      {
        "text": "New York",
        "meta": "@sys.location",
        "alias": "from",
        "userDefined": true
      },
      {
        "text": " to ",
        "userDefined": false
      },
      {
        "text": "Nashville",
        "meta": "@sys.location",
        "alias": "to",
        "userDefined": true
      },
      {
        "text": " on ",
        "userDefined": false
      },
      {
        "text": "Oct 28",
        "meta": "@sys.date-time",
        "alias": "departure",
        "userDefined": true
      },
      {
        "text": " and I prefer ",
        "userDefined": false
      },
      {
        "text": "American Airlines",
        "meta": "@airline",
        "alias": "airline",
        "userDefined": true
      }
    ],
    "isTemplate": false,
    "count": 0,
    "lang": "en",
    "updated": 0
  },
  {
    "id": "1116b258-1165-4dc9-8a7f-abd684e50d33",
    "data": [
      {
        "text": "flight starting ",
        "userDefined": false
      },
      {
        "text": "tomorrow",
        "meta": "@sys.date-time",
        "alias": "departure",
        "userDefined": true
      },
      {
        "text": " until ",
        "userDefined": false
      },
      {
        "text": "Friday",
        "meta": "@sys.date-time",
        "alias": "return",
        "userDefined": true
      }
    ],
    "isTemplate": false,
    "count": 1,
    "lang": "en",
    "updated": 0
  },
  {
    "id": "ff56b854-3773-49cb-8c6b-9b9ceef89caa",
    "data": [
      {
        "text": "find flight from ",
        "userDefined": false
      },
      {
        "text": "Bangalore",
        "meta": "@sys.location",
        "alias": "from",
        "userDefined": true
      }
    ],
    "isTemplate": false,
    "count": 1,
    "lang": "en",
    "updated": 0
  },
  {
    "id": "a61f1a2c-d301-43f7-9585-b35cb77a752c",
    "data": [
      {
        "text": "give",
        "meta": "@sys.ignore",
        "userDefined": true
      },
      {
        "text": " me the ",
        "userDefined": false
      },
      {
        "text": "best",
        "meta": "@map-sort",
        "alias": "sort",
        "userDefined": true
      },
      {
        "text": " flight to ",
        "userDefined": false
      },
      {
        "text": "Moscow",
        "meta": "@sys.location",
        "alias": "to",
        "userDefined": true
      },
      {
        "text": " for ",
        "userDefined": false
      },
      {
        "text": "tomorrow",
        "meta": "@sys.date-time",
        "alias": "departure",
        "userDefined": true
      }
    ],
    "isTemplate": false,
    "count": 0,
    "lang": "en",
    "updated": 0
  },
  {
    "id": "914e4efe-4aff-42fc-b03d-4a4d4469c97e",
    "data": [
      {
        "text": "I\u0027m looking for ",
        "userDefined": false
      },
      {
        "text": "non stop",
        "meta": "@nonstop",
        "alias": "nonstop",
        "userDefined": true
      },
      {
        "text": " flights to ",
        "userDefined": false
      },
      {
        "text": "London",
        "meta": "@sys.location",
        "alias": "to",
        "userDefined": true
      },
      {
        "text": " ",
        "userDefined": false
      },
      {
        "text": "tomorrow",
        "meta": "@sys.date-time",
        "alias": "departure",
        "userDefined": true
      }
    ],
    "isTemplate": false,
    "count": 0,
    "lang": "en",
    "updated": 0
  },
  {
    "id": "fcb8371f-ee0a-4d86-8b83-c1e8d56b8c27",
    "data": [
      {
        "text": "look for an airplane ticket for ",
        "userDefined": false
      },
      {
        "text": "tomorrow",
        "meta": "@sys.date-time",
        "alias": "departure",
        "userDefined": true
      },
      {
        "text": " to ",
        "userDefined": false
      },
      {
        "text": "London",
        "meta": "@sys.location",
        "alias": "to",
        "userDefined": true
      }
    ],
    "isTemplate": false,
    "count": 0,
    "lang": "en",
    "updated": 0
  },
  {
    "id": "133b86c4-cf19-44d5-95e1-f3c78be1e42c",
    "data": [
      {
        "text": "JFK",
        "meta": "@sys.location",
        "alias": "from",
        "userDefined": true
      },
      {
        "text": " to ",
        "userDefined": false
      },
      {
        "text": "LAX",
        "meta": "@sys.location",
        "alias": "to",
        "userDefined": true
      },
      {
        "text": " ",
        "userDefined": false
      },
      {
        "text": "tomorrow",
        "meta": "@sys.date-time",
        "alias": "departure",
        "userDefined": true
      }
    ],
    "isTemplate": false,
    "count": 0,
    "lang": "en",
    "updated": 0
  }
]