[
  {
    "id": "c681b627-8899-41fc-8892-a1250284b077",
    "data": [
      {
        "text": "what about Great Chinese wall",
        "userDefined": false
      }
    ],
    "isTemplate": false,
    "count": 0,
    "lang": "en",
    "updated": 0
  },
  {
    "id": "6f74be25-501d-4d72-b879-13a84ea7bc6e",
    "data": [
      {
        "text": "bring me something to read",
        "userDefined": false
      }
    ],
    "isTemplate": false,
    "count": 0,
    "lang": "en",
    "updated": 0
  },
  {
    "id": "21b280e7-bda5-44c1-8bb4-47545d5fd0a7",
    "data": [
      {
        "text": "don\u0027t bring me beer",
        "userDefined": false
      }
    ],
    "isTemplate": false,
    "count": 0,
    "lang": "en",
    "updated": 0
  },
  {
    "id": "ffa75fab-ce47-4d6f-9856-bee099695363",
    "data": [
      {
        "text": "can you change language from Japanese to a Chinese",
        "userDefined": false
      }
    ],
    "isTemplate": false,
    "count": 0,
    "lang": "en",
    "updated": 0
  },
  {
    "id": "ca4778f0-911b-4759-a99d-55df1ad18a28",
    "data": [
      {
        "text": "how to remove strain from shirt",
        "userDefined": false
      }
    ],
    "isTemplate": false,
    "count": 0,
    "lang": "en",
    "updated": 0
  },
  {
    "id": "ea343411-b29b-405a-a386-6dedc72d40bc",
    "data": [
      {
        "text": "do not add another pizza to my order",
        "userDefined": false
      }
    ],
    "isTemplate": false,
    "count": 0,
    "lang": "en",
    "updated": 0
  },
  {
    "id": "87830f90-b2c8-4ca5-906c-8e36838c4a30",
    "data": [
      {
        "text": "I don\u0027t need potatoes to make lasagna",
        "userDefined": false
      }
    ],
    "isTemplate": false,
    "count": 0,
    "lang": "en",
    "updated": 0
  },
  {
    "id": "6afa902f-4c66-4e8a-b493-3a25f60a1800",
    "data": [
      {
        "text": "I\u0027d like to know when container with by boxes will be delivered",
        "userDefined": false
      }
    ],
    "isTemplate": false,
    "count": 0,
    "lang": "en",
    "updated": 0
  },
  {
    "id": "d1ee8f2f-ba38-4d4e-b5b5-4a28d546e0b1",
    "data": [
      {
        "text": "what do I have in my fridge",
        "userDefined": false
      }
    ],
    "isTemplate": false,
    "count": 0,
    "lang": "en",
    "updated": 0
  }
]