[
  {
    "id": "3c7c677c-8064-4d78-9ebb-2ad6e27e8b1d",
    "data": [
      {
        "text": "status of my order",
        "userDefined": false
      }
    ],
    "isTemplate": false,
    "count": 0,
    "lang": "en",
    "updated": 0
  },
  {
    "id": "2cc57338-cf62-4541-96c5-91314fc3a592",
    "data": [
      {
        "text": "where is my order",
        "userDefined": false
      }
    ],
    "isTemplate": false,
    "count": 0,
    "lang": "en",
    "updated": 0
  },
  {
    "id": "1f5f4c13-09c1-45f5-8273-dd9ea2408855",
    "data": [
      {
        "text": "check the status of my ",
        "userDefined": false
      },
      {
        "text": "delivery",
        "meta": "@sys.ignore",
        "userDefined": false
      }
    ],
    "isTemplate": false,
    "count": 0,
    "lang": "en",
    "updated": 0
  },
  {
    "id": "214e24bb-f815-4b11-a271-88d7a3a2388d",
    "data": [
      {
        "text": "check my order status",
        "userDefined": false
      }
    ],
    "isTemplate": false,
    "count": 0,
    "lang": "en",
    "updated": 0
  },
  {
    "id": "b60ffbd3-ca85-4b05-a7ca-18e6c6934c5a",
    "data": [
      {
        "text": "where is my delivery",
        "userDefined": false
      }
    ],
    "isTemplate": false,
    "count": 0,
    "lang": "en",
    "updated": 0
  },
  {
    "id": "7503cef2-6f57-4c08-812b-a4aabde7de53",
    "data": [
      {
        "text": "how soon will it be delivered",
        "userDefined": false
      }
    ],
    "isTemplate": false,
    "count": 0,
    "lang": "en",
    "updated": 0
  },
  {
    "id": "92ac4beb-7e07-41cb-8dd2-a05914d0bc8e",
    "data": [
      {
        "text": "I\u0027d like to know when my order will be delivered",
        "userDefined": false
      }
    ],
    "isTemplate": false,
    "count": 0,
    "lang": "en",
    "updated": 0
  },
  {
    "id": "078d6824-269e-4567-9305-bba59c309274",
    "data": [
      {
        "text": "check the status ",
        "userDefined": false
      },
      {
        "text": "of",
        "meta": "@sys.ignore",
        "userDefined": false
      },
      {
        "text": " my ",
        "userDefined": false
      },
      {
        "text": "delivery",
        "meta": "@sys.ignore",
        "userDefined": false
      }
    ],
    "isTemplate": false,
    "count": 0,
    "lang": "en",
    "updated": 0
  },
  {
    "id": "1e8e9f33-655c-4283-b6e8-c00aad7902a5",
    "data": [
      {
        "text": "when",
        "meta": "@sys.ignore",
        "userDefined": false
      },
      {
        "text": " should ",
        "userDefined": false
      },
      {
        "text": "I",
        "meta": "@sys.ignore",
        "userDefined": false
      },
      {
        "text": " expect ",
        "userDefined": false
      },
      {
        "text": "delivery",
        "meta": "@sys.ignore",
        "userDefined": false
      }
    ],
    "isTemplate": false,
    "count": 0,
    "lang": "en",
    "updated": 0
  },
  {
    "id": "ad6fbf82-644d-41d5-b0db-c1970dc244fa",
    "data": [
      {
        "text": "what is the status of my delivery",
        "userDefined": false
      }
    ],
    "isTemplate": false,
    "count": 0,
    "lang": "en",
    "updated": 0
  },
  {
    "id": "d51d9a12-7c4c-4f0a-b203-ac05d39798c8",
    "data": [
      {
        "text": "how ",
        "userDefined": false
      },
      {
        "text": "long",
        "meta": "@sys.ignore",
        "userDefined": false
      },
      {
        "text": " will it take to deliver my order",
        "userDefined": false
      }
    ],
    "isTemplate": false,
    "count": 0,
    "lang": "en",
    "updated": 0
  },
  {
    "id": "34771f1c-2380-44ad-8c78-0354643af58a",
    "data": [
      {
        "text": "how ",
        "userDefined": false
      },
      {
        "text": "long",
        "meta": "@sys.ignore",
        "userDefined": false
      },
      {
        "text": " ",
        "userDefined": false
      },
      {
        "text": "it",
        "meta": "@sys.ignore",
        "userDefined": false
      },
      {
        "text": " takes ",
        "userDefined": false
      },
      {
        "text": "to",
        "meta": "@sys.ignore",
        "userDefined": false
      },
      {
        "text": " ",
        "userDefined": false
      },
      {
        "text": "deliver",
        "meta": "@sys.ignore",
        "userDefined": false
      }
    ],
    "isTemplate": false,
    "count": 0,
    "lang": "en",
    "updated": 0
  },
  {
    "id": "cf3ce433-5df3-4109-a6f0-ac999bce6ea4",
    "data": [
      {
        "text": "is my order ",
        "userDefined": false
      },
      {
        "text": "coming",
        "meta": "@sys.ignore",
        "userDefined": false
      },
      {
        "text": " soon",
        "userDefined": false
      }
    ],
    "isTemplate": false,
    "count": 0,
    "lang": "en",
    "updated": 0
  },
  {
    "id": "44e6dd4c-366c-407d-b82d-2b535f3cdce7",
    "data": [
      {
        "text": "ok",
        "meta": "@sys.ignore",
        "userDefined": false
      },
      {
        "text": " how soon ",
        "userDefined": false
      },
      {
        "text": "can",
        "meta": "@sys.ignore",
        "userDefined": false
      },
      {
        "text": " you deliver",
        "userDefined": false
      }
    ],
    "isTemplate": false,
    "count": 0,
    "lang": "en",
    "updated": 0
  },
  {
    "id": "e4b2b795-ddf9-4fa9-952f-5ea7c435c848",
    "data": [
      {
        "text": "show the status of my order",
        "userDefined": false
      }
    ],
    "isTemplate": false,
    "count": 0,
    "lang": "en",
    "updated": 0
  },
  {
    "id": "76da9cc7-63d6-4f8d-8d72-8545c61b6dea",
    "data": [
      {
        "text": "can",
        "meta": "@sys.ignore",
        "userDefined": false
      },
      {
        "text": " you tell ",
        "userDefined": false
      },
      {
        "text": "me when it is",
        "meta": "@sys.ignore",
        "userDefined": false
      },
      {
        "text": " delivered",
        "userDefined": false
      }
    ],
    "isTemplate": false,
    "count": 0,
    "lang": "en",
    "updated": 0
  },
  {
    "id": "d50122a2-1bf6-4b2c-abd3-512cef19769e",
    "data": [
      {
        "text": "check ",
        "userDefined": false
      },
      {
        "text": "the",
        "meta": "@sys.ignore",
        "userDefined": false
      },
      {
        "text": " status of my order",
        "userDefined": false
      }
    ],
    "isTemplate": false,
    "count": 0,
    "lang": "en",
    "updated": 0
  },
  {
    "id": "9bce4f2a-392f-4f2c-94d5-eb143cdab96f",
    "data": [
      {
        "text": "check ",
        "userDefined": false
      },
      {
        "text": "delivery",
        "meta": "@sys.ignore",
        "userDefined": false
      },
      {
        "text": " status",
        "userDefined": false
      }
    ],
    "isTemplate": false,
    "count": 0,
    "lang": "en",
    "updated": 0
  },
  {
    "id": "e40547f7-0209-4f81-b98a-911bd7fa794e",
    "data": [
      {
        "text": "when",
        "meta": "@sys.ignore",
        "userDefined": false
      },
      {
        "text": " ",
        "userDefined": false
      },
      {
        "text": "will",
        "meta": "@sys.ignore",
        "userDefined": false
      },
      {
        "text": " ",
        "userDefined": false
      },
      {
        "text": "it",
        "meta": "@sys.ignore",
        "userDefined": false
      },
      {
        "text": " ",
        "userDefined": false
      },
      {
        "text": "get",
        "meta": "@sys.ignore",
        "userDefined": false
      },
      {
        "text": " ",
        "userDefined": false
      },
      {
        "text": "delivered",
        "meta": "@sys.ignore",
        "userDefined": false
      },
      {
        "text": " ",
        "userDefined": false
      },
      {
        "text": "to",
        "meta": "@sys.ignore",
        "userDefined": false
      },
      {
        "text": " ",
        "userDefined": false
      },
      {
        "text": "me",
        "meta": "@sys.ignore",
        "userDefined": false
      }
    ],
    "isTemplate": false,
    "count": 0,
    "lang": "en",
    "updated": 0
  },
  {
    "id": "72a70cc3-c844-49a8-91e4-3f2ed052cdf0",
    "data": [
      {
        "text": "when will I get my order",
        "userDefined": false
      }
    ],
    "isTemplate": false,
    "count": 0,
    "lang": "en",
    "updated": 0
  }
]