[
  {
    "id": "2d6a9221-f734-4316-bf73-8a4d3bd86b9f",
    "data": [
      {
        "text": "check what I have ordered",
        "userDefined": false
      }
    ],
    "isTemplate": false,
    "count": 0,
    "lang": "en",
    "updated": 0
  },
  {
    "id": "7b4b2438-b883-4c2c-97dd-d73e444fe55a",
    "data": [
      {
        "text": "check my basket",
        "userDefined": false
      }
    ],
    "isTemplate": false,
    "count": 0,
    "lang": "en",
    "updated": 0
  },
  {
    "id": "4a6923cb-d1a5-451b-b9ce-7591137a3767",
    "data": [
      {
        "text": "what\u0027s ",
        "userDefined": false
      },
      {
        "text": "in",
        "meta": "@sys.ignore",
        "userDefined": false
      },
      {
        "text": " my basket",
        "userDefined": false
      }
    ],
    "isTemplate": false,
    "count": 0,
    "lang": "en",
    "updated": 0
  },
  {
    "id": "989442df-d0e5-43b2-9630-f7693d7b6dee",
    "data": [
      {
        "text": "show ",
        "userDefined": false
      },
      {
        "text": "me",
        "meta": "@sys.ignore",
        "userDefined": false
      },
      {
        "text": " what I\u0027ve ordered",
        "userDefined": false
      }
    ],
    "isTemplate": false,
    "count": 0,
    "lang": "en",
    "updated": 0
  },
  {
    "id": "f6a8c956-0907-4e70-8ce0-65fbca01d4ee",
    "data": [
      {
        "text": "show my order",
        "userDefined": false
      }
    ],
    "isTemplate": false,
    "count": 0,
    "lang": "en",
    "updated": 0
  },
  {
    "id": "c556f95c-185e-4d10-92f8-938a63c571a4",
    "data": [
      {
        "text": "check my order",
        "userDefined": false
      }
    ],
    "isTemplate": false,
    "count": 0,
    "lang": "en",
    "updated": 0
  },
  {
    "id": "60e224e8-e096-4684-acd1-f31d27459163",
    "data": [
      {
        "text": "check my cart",
        "userDefined": false
      }
    ],
    "isTemplate": false,
    "count": 0,
    "lang": "en",
    "updated": 0
  },
  {
    "id": "4e6a17a1-239d-4748-9e9d-7eaf29445ea3",
    "data": [
      {
        "text": "what do I have ",
        "userDefined": false
      },
      {
        "text": "in",
        "meta": "@sys.ignore",
        "userDefined": false
      },
      {
        "text": " my basket",
        "userDefined": false
      }
    ],
    "isTemplate": false,
    "count": 0,
    "lang": "en",
    "updated": 0
  }
]