[
  {
    "id": "3371babe-d992-4625-bf92-8507ed19c1aa",
    "data": [
      {
        "text": "I ",
        "userDefined": false
      },
      {
        "text": "don",
        "meta": "@sys.ignore",
        "userDefined": true
      },
      {
        "text": "\u0027",
        "userDefined": false
      },
      {
        "text": "t",
        "meta": "@sys.ignore",
        "userDefined": true
      },
      {
        "text": " want to order ",
        "userDefined": false
      },
      {
        "text": "beer",
        "meta": "@delivery-product",
        "alias": "product",
        "userDefined": true
      }
    ],
    "isTemplate": false,
    "count": 0,
    "lang": "en",
    "updated": 0
  },
  {
    "id": "91c3c534-882d-465a-bca5-10496e73223b",
    "data": [
      {
        "text": "I don",
        "meta": "@sys.ignore",
        "userDefined": true
      },
      {
        "text": "\u0027",
        "userDefined": false
      },
      {
        "text": "t",
        "meta": "@sys.ignore",
        "userDefined": true
      },
      {
        "text": " want ",
        "userDefined": false
      },
      {
        "text": "to",
        "meta": "@sys.ignore",
        "userDefined": true
      },
      {
        "text": " order ",
        "userDefined": false
      },
      {
        "text": "2",
        "meta": "@sys.number",
        "alias": "amount",
        "userDefined": true
      },
      {
        "text": " ",
        "userDefined": false
      },
      {
        "text": "beers",
        "meta": "@delivery-product",
        "alias": "product",
        "userDefined": true
      }
    ],
    "isTemplate": false,
    "count": 0,
    "lang": "en",
    "updated": 0
  },
  {
    "id": "66d79edf-8b3e-45cb-aa0b-b92f465141ac",
    "data": [
      {
        "text": "remove ",
        "userDefined": false
      },
      {
        "text": "burger",
        "meta": "@delivery-product",
        "alias": "product",
        "userDefined": true
      },
      {
        "text": " from my order",
        "userDefined": false
      }
    ],
    "isTemplate": false,
    "count": 1,
    "lang": "en",
    "updated": 0
  },
  {
    "id": "4d250836-ce70-4174-aca6-6002fc596e02",
    "data": [
      {
        "text": "remove ",
        "userDefined": false
      },
      {
        "text": "everything",
        "meta": "@all",
        "alias": "all",
        "userDefined": true
      },
      {
        "text": " from my order",
        "userDefined": false
      }
    ],
    "isTemplate": false,
    "count": 0,
    "lang": "en",
    "updated": 0
  },
  {
    "id": "bb54bdca-d53c-4bcf-a234-794f7f061810",
    "data": [
      {
        "text": "get",
        "meta": "@sys.ignore",
        "userDefined": true
      },
      {
        "text": " rid of ",
        "userDefined": false
      },
      {
        "text": "sushi",
        "meta": "@delivery-product",
        "alias": "product",
        "userDefined": true
      },
      {
        "text": " ",
        "userDefined": false
      },
      {
        "text": "in",
        "meta": "@sys.ignore",
        "userDefined": true
      },
      {
        "text": " my order",
        "userDefined": false
      }
    ],
    "isTemplate": false,
    "count": 0,
    "lang": "en",
    "updated": 0
  },
  {
    "id": "4a6fc0a9-f06a-4a9f-8227-d63ddaa4f40a",
    "data": [
      {
        "text": "delete ",
        "userDefined": false
      },
      {
        "text": "pizza",
        "meta": "@delivery-product",
        "alias": "product",
        "userDefined": true
      },
      {
        "text": " from my order",
        "userDefined": false
      }
    ],
    "isTemplate": false,
    "count": 0,
    "lang": "en",
    "updated": 0
  },
  {
    "id": "ede77820-a5c8-4eca-8cd3-9c40fd992ea8",
    "data": [
      {
        "text": "remove ",
        "userDefined": false
      },
      {
        "text": "pizza",
        "meta": "@delivery-product",
        "alias": "product",
        "userDefined": true
      }
    ],
    "isTemplate": false,
    "count": 0,
    "lang": "en",
    "updated": 0
  },
  {
    "id": "c85c6af6-e609-45e3-9f16-3eb6986a1b0a",
    "data": [
      {
        "text": "remove ",
        "userDefined": false
      },
      {
        "text": "Italian",
        "meta": "@cuisine",
        "alias": "cuisine",
        "userDefined": true
      },
      {
        "text": " ",
        "userDefined": false
      },
      {
        "text": "dish",
        "meta": "@sys.ignore",
        "userDefined": true
      },
      {
        "text": " from my order",
        "userDefined": false
      }
    ],
    "isTemplate": false,
    "count": 0,
    "lang": "en",
    "updated": 0
  },
  {
    "id": "2c9272ce-0a1c-4e1a-973c-6af0576b1fe5",
    "data": [
      {
        "text": "remove ",
        "userDefined": false
      },
      {
        "text": "3",
        "meta": "@sys.number",
        "alias": "amount",
        "userDefined": true
      },
      {
        "text": " ",
        "userDefined": false
      },
      {
        "text": "pizzas",
        "meta": "@delivery-product",
        "alias": "product",
        "userDefined": true
      },
      {
        "text": " from my order",
        "userDefined": false
      }
    ],
    "isTemplate": false,
    "count": 0,
    "lang": "en",
    "updated": 0
  },
  {
    "id": "5ca2288f-6a14-4db9-a9b2-3ba8aceb23af",
    "data": [
      {
        "text": "delete ",
        "userDefined": false
      },
      {
        "text": "all",
        "meta": "@all",
        "alias": "all",
        "userDefined": true
      },
      {
        "text": " ",
        "userDefined": false
      },
      {
        "text": "Chinese",
        "meta": "@cuisine",
        "alias": "cuisine",
        "userDefined": true
      },
      {
        "text": " from my order",
        "userDefined": false
      }
    ],
    "isTemplate": false,
    "count": 0,
    "lang": "en",
    "updated": 0
  },
  {
    "id": "fd277668-0fad-49e6-bf2e-93b47d5482e8",
    "data": [
      {
        "text": "remove ",
        "userDefined": false
      },
      {
        "text": "all",
        "meta": "@all",
        "alias": "all",
        "userDefined": true
      },
      {
        "text": " products from my order",
        "userDefined": false
      }
    ],
    "isTemplate": false,
    "count": 0,
    "lang": "en",
    "updated": 0
  },
  {
    "id": "14d02829-7535-4305-b5aa-a52329a360b7",
    "data": [
      {
        "text": "and forget about ",
        "userDefined": false
      },
      {
        "text": "the",
        "meta": "@sys.ignore",
        "userDefined": true
      },
      {
        "text": " ",
        "userDefined": false
      },
      {
        "text": "bread sticks",
        "meta": "@delivery-product",
        "alias": "product",
        "userDefined": true
      }
    ],
    "isTemplate": false,
    "count": 0,
    "lang": "en",
    "updated": 0
  },
  {
    "id": "c732c890-829c-4f4a-b2d0-5376196c10ff",
    "data": [
      {
        "text": "remove ",
        "userDefined": false
      },
      {
        "text": "Coke",
        "meta": "@delivery-product",
        "alias": "product",
        "userDefined": true
      }
    ],
    "isTemplate": false,
    "count": 0,
    "lang": "en",
    "updated": 0
  },
  {
    "id": "7edde1e0-af1a-4b75-bdb7-148da0c6e486",
    "data": [
      {
        "text": "delete ",
        "userDefined": false
      },
      {
        "text": "everything",
        "meta": "@all",
        "alias": "all",
        "userDefined": true
      },
      {
        "text": " from my basket",
        "userDefined": false
      }
    ],
    "isTemplate": false,
    "count": 0,
    "lang": "en",
    "updated": 0
  },
  {
    "id": "0d760086-1eab-4526-9e5c-7e89d45a972a",
    "data": [
      {
        "text": "delete ",
        "userDefined": false
      },
      {
        "text": "the",
        "meta": "@sys.ignore",
        "userDefined": true
      },
      {
        "text": " ",
        "userDefined": false
      },
      {
        "text": "Coke",
        "meta": "@delivery-product",
        "alias": "product",
        "userDefined": true
      }
    ],
    "isTemplate": false,
    "count": 0,
    "lang": "en",
    "updated": 0
  },
  {
    "id": "711d115b-0a68-4722-a570-c90ee359660d",
    "data": [
      {
        "text": "yeah delete ",
        "userDefined": false
      },
      {
        "text": "the",
        "meta": "@sys.ignore",
        "userDefined": true
      },
      {
        "text": " ",
        "userDefined": false
      },
      {
        "text": "Coke",
        "meta": "@delivery-product",
        "alias": "product",
        "userDefined": true
      }
    ],
    "isTemplate": false,
    "count": 0,
    "lang": "en",
    "updated": 0
  },
  {
    "id": "ef8e091c-8272-44d0-a515-8ae451acd85d",
    "data": [
      {
        "text": "I ",
        "userDefined": false
      },
      {
        "text": "don",
        "meta": "@sys.ignore",
        "userDefined": true
      },
      {
        "text": "\u0027",
        "userDefined": false
      },
      {
        "text": "t",
        "meta": "@sys.ignore",
        "userDefined": true
      },
      {
        "text": " want ",
        "userDefined": false
      },
      {
        "text": "pasta",
        "meta": "@delivery-product",
        "alias": "product",
        "userDefined": true
      },
      {
        "text": " ",
        "userDefined": false
      },
      {
        "text": "in",
        "meta": "@sys.ignore",
        "userDefined": true
      },
      {
        "text": " my order",
        "userDefined": false
      }
    ],
    "isTemplate": false,
    "count": 0,
    "lang": "en",
    "updated": 0
  },
  {
    "id": "9a0b5edc-887d-4a26-9761-4b73d66c889d",
    "data": [
      {
        "text": "delete ",
        "userDefined": false
      },
      {
        "text": "the",
        "meta": "@sys.ignore",
        "userDefined": true
      },
      {
        "text": " ",
        "userDefined": false
      },
      {
        "text": "burger",
        "meta": "@delivery-product",
        "alias": "product",
        "userDefined": true
      }
    ],
    "isTemplate": false,
    "count": 0,
    "lang": "en",
    "updated": 0
  },
  {
    "id": "dac11ad5-ac0b-43d1-a86e-d9271ddfec75",
    "data": [
      {
        "text": "I don\u0027t want the ",
        "userDefined": false
      },
      {
        "text": "Coke",
        "meta": "@delivery-product",
        "alias": "product",
        "userDefined": true
      },
      {
        "text": " and ",
        "userDefined": false
      },
      {
        "text": "burger",
        "meta": "@delivery-product",
        "alias": "product",
        "userDefined": true
      }
    ],
    "isTemplate": false,
    "count": 0,
    "lang": "en",
    "updated": 0
  }
]