[
  {
    "id": "e56ef1f7-c931-4832-a58e-a3575643ddea",
    "data": [
      {
        "text": "order ",
        "userDefined": false
      },
      {
        "text": "lunch",
        "meta": "@meal",
        "alias": "meal",
        "userDefined": true
      },
      {
        "text": " delivery ",
        "userDefined": false
      },
      {
        "text": "every day",
        "meta": "@recurrence",
        "alias": "recurrence",
        "userDefined": false
      },
      {
        "text": " at ",
        "userDefined": false
      },
      {
        "text": "11 am",
        "meta": "@sys.date-time",
        "alias": "date-time",
        "userDefined": true
      }
    ],
    "isTemplate": false,
    "count": 0,
    "lang": "en",
    "updated": 0
  },
  {
    "id": "eb4e08bd-db8c-43dd-8fd0-1567372fe27a",
    "data": [
      {
        "text": "bring me some ",
        "userDefined": false
      },
      {
        "text": "beer",
        "meta": "@delivery-product",
        "alias": "product",
        "userDefined": true
      }
    ],
    "isTemplate": false,
    "count": 0,
    "lang": "en",
    "updated": 0
  },
  {
    "id": "9e07e78a-42bf-4e61-a83a-aa6e29c1df86",
    "data": [
      {
        "text": "can I get food delivered",
        "userDefined": false
      }
    ],
    "isTemplate": false,
    "count": 0,
    "lang": "en",
    "updated": 0
  },
  {
    "id": "bf131258-dcad-49bf-ab90-007a9a7b9d91",
    "data": [
      {
        "text": "I want ",
        "userDefined": false
      },
      {
        "text": "Mexican",
        "meta": "@cuisine",
        "alias": "cuisine",
        "userDefined": true
      },
      {
        "text": " food delivered",
        "userDefined": false
      }
    ],
    "isTemplate": false,
    "count": 0,
    "lang": "en",
    "updated": 0
  },
  {
    "id": "e9b83a6b-db9c-48a2-8457-140fe2f2a25b",
    "data": [
      {
        "text": "takeout with delivery",
        "userDefined": false
      }
    ],
    "isTemplate": false,
    "count": 0,
    "lang": "en",
    "updated": 0
  },
  {
    "id": "8e3f1c19-ee61-4392-8880-bb05b1001998",
    "data": [
      {
        "text": "I want ",
        "userDefined": false
      },
      {
        "text": "beer",
        "meta": "@delivery-product",
        "alias": "product",
        "userDefined": true
      },
      {
        "text": " delivered",
        "userDefined": false
      }
    ],
    "isTemplate": false,
    "count": 0,
    "lang": "en",
    "updated": 0
  },
  {
    "id": "0185e319-c1d6-45d0-8f70-ec66cf24609b",
    "data": [
      {
        "text": "I want ",
        "userDefined": false
      },
      {
        "text": "Greek",
        "meta": "@cuisine",
        "alias": "cuisine",
        "userDefined": true
      },
      {
        "text": " food delivered",
        "userDefined": false
      }
    ],
    "isTemplate": false,
    "count": 0,
    "lang": "en",
    "updated": 0
  },
  {
    "id": "8ac31197-4313-41bc-9486-92f89b074ace",
    "data": [
      {
        "text": "deliver me a ",
        "userDefined": false
      },
      {
        "text": "burger",
        "meta": "@delivery-product",
        "alias": "product",
        "userDefined": true
      }
    ],
    "isTemplate": false,
    "count": 0,
    "lang": "en",
    "updated": 0
  },
  {
    "id": "cd66aa8a-acf8-47d9-a3cc-f9945df1a32f",
    "data": [
      {
        "text": "deliver ",
        "userDefined": false
      },
      {
        "text": "Chinese",
        "meta": "@cuisine",
        "alias": "cuisine",
        "userDefined": true
      },
      {
        "text": " ",
        "userDefined": false
      },
      {
        "text": "wok",
        "meta": "@delivery-product",
        "alias": "product",
        "userDefined": true
      }
    ],
    "isTemplate": false,
    "count": 0,
    "lang": "en",
    "updated": 0
  },
  {
    "id": "2995a515-2289-4d53-a860-aaad53d2ba86",
    "data": [
      {
        "text": "I want ",
        "userDefined": false
      },
      {
        "text": "pizza",
        "meta": "@delivery-product",
        "alias": "product",
        "userDefined": true
      },
      {
        "text": " delivered for ",
        "userDefined": false
      },
      {
        "text": "dinner",
        "meta": "@meal",
        "alias": "meal",
        "userDefined": true
      }
    ],
    "isTemplate": false,
    "count": 0,
    "lang": "en",
    "updated": 0
  },
  {
    "id": "f62dc058-606c-4062-8ac1-8af3b362b149",
    "data": [
      {
        "text": "can I get a ",
        "userDefined": false
      },
      {
        "text": "pizza",
        "meta": "@delivery-product",
        "alias": "product",
        "userDefined": true
      },
      {
        "text": " delivered",
        "userDefined": false
      }
    ],
    "isTemplate": false,
    "count": 0,
    "lang": "en",
    "updated": 0
  },
  {
    "id": "c0d045e6-b4ea-4803-be3f-d3f0c2e6c39b",
    "data": [
      {
        "text": "I need ",
        "userDefined": false
      },
      {
        "text": "tacos",
        "meta": "@delivery-product",
        "alias": "product",
        "userDefined": true
      },
      {
        "text": " delivered ",
        "userDefined": false
      },
      {
        "text": "tonight",
        "meta": "@sys.date-time",
        "alias": "date-time",
        "userDefined": true
      }
    ],
    "isTemplate": false,
    "count": 0,
    "lang": "en",
    "updated": 0
  },
  {
    "id": "93b77cdb-7f5f-4e7e-b37c-68ad388ff732",
    "data": [
      {
        "text": "Chinese",
        "meta": "@cuisine",
        "alias": "cuisine",
        "userDefined": true
      },
      {
        "text": " ",
        "userDefined": false
      },
      {
        "text": "wok",
        "meta": "@delivery-product",
        "alias": "product",
        "userDefined": true
      },
      {
        "text": " delivery ",
        "userDefined": false
      },
      {
        "text": "nearby",
        "meta": "@map-sort",
        "alias": "sort",
        "userDefined": true
      }
    ],
    "isTemplate": false,
    "count": 0,
    "lang": "en",
    "updated": 0
  },
  {
    "id": "93378048-ab9d-424a-9c14-7af1ffb6bfe5",
    "data": [
      {
        "text": "best",
        "meta": "@map-sort",
        "alias": "sort",
        "userDefined": true
      },
      {
        "text": " ",
        "userDefined": false
      },
      {
        "text": "pizza",
        "meta": "@delivery-product",
        "alias": "product",
        "userDefined": true
      },
      {
        "text": " delivery",
        "userDefined": false
      }
    ],
    "isTemplate": false,
    "count": 0,
    "lang": "en",
    "updated": 0
  },
  {
    "id": "a3449789-7d2c-480d-bf3e-4a99b59cd640",
    "data": [
      {
        "text": "where can I order ",
        "userDefined": false
      },
      {
        "text": "pizza",
        "meta": "@delivery-product",
        "alias": "product",
        "userDefined": true
      }
    ],
    "isTemplate": false,
    "count": 0,
    "lang": "en",
    "updated": 0
  },
  {
    "id": "e8c5317e-ed35-41e2-b34e-166cb5a6c989",
    "data": [
      {
        "text": "bring me something to ",
        "userDefined": false
      },
      {
        "text": "eat",
        "meta": "@sys.ignore",
        "userDefined": true
      }
    ],
    "isTemplate": false,
    "count": 0,
    "lang": "en",
    "updated": 0
  },
  {
    "id": "dbd0b0a0-6406-4cb8-9eb7-be3761ee5423",
    "data": [
      {
        "text": "food",
        "meta": "@sys.ignore",
        "userDefined": true
      },
      {
        "text": " delivery in ",
        "userDefined": false
      },
      {
        "text": "Palo Alto",
        "meta": "@sys.location",
        "alias": "address",
        "userDefined": true
      }
    ],
    "isTemplate": false,
    "count": 0,
    "lang": "en",
    "updated": 0
  },
  {
    "id": "c279ca63-3dc5-4a68-b076-bdd3092be8ea",
    "data": [
      {
        "text": "bring me a drink",
        "userDefined": false
      }
    ],
    "isTemplate": false,
    "count": 0,
    "lang": "en",
    "updated": 0
  },
  {
    "id": "a898e4f9-2f48-49a7-9cbc-29cb77c22e9a",
    "data": [
      {
        "text": "I want big pizza delivered to ",
        "userDefined": false
      },
      {
        "text": "Delhi",
        "meta": "@sys.location",
        "alias": "address",
        "userDefined": true
      }
    ],
    "isTemplate": false,
    "count": 0,
    "lang": "en",
    "updated": 0
  },
  {
    "id": "0952329b-a700-4001-aaa3-9d52d2a882b6",
    "data": [
      {
        "text": "I want some ",
        "userDefined": false
      },
      {
        "text": "tacos",
        "meta": "@delivery-product",
        "alias": "product",
        "userDefined": true
      },
      {
        "text": " delivered",
        "userDefined": false
      }
    ],
    "isTemplate": false,
    "count": 0,
    "lang": "en",
    "updated": 0
  },
  {
    "id": "01174843-51e7-4296-bf07-49d9ff7872f1",
    "data": [
      {
        "text": "I would like a medium ",
        "userDefined": false
      },
      {
        "text": "pepperoni pizza",
        "meta": "@delivery-product",
        "alias": "product",
        "userDefined": true
      },
      {
        "text": " delivered to ",
        "userDefined": false
      },
      {
        "text": "Los Robles Avenue, Pasadena, California",
        "meta": "@sys.location",
        "alias": "address",
        "userDefined": true
      },
      {
        "text": " ",
        "userDefined": false
      },
      {
        "text": "in 30 minutes",
        "meta": "@sys.date-time",
        "alias": "date-time",
        "userDefined": true
      }
    ],
    "isTemplate": false,
    "count": 0,
    "lang": "en",
    "updated": 0
  },
  {
    "id": "59fb1780-92d8-49ad-b589-0ebead24f3cf",
    "data": [
      {
        "text": "I",
        "meta": "@sys.ignore",
        "userDefined": false
      },
      {
        "text": " want some ",
        "userDefined": false
      },
      {
        "text": "tacos",
        "meta": "@delivery-product",
        "alias": "product",
        "userDefined": false
      },
      {
        "text": " ",
        "userDefined": false
      },
      {
        "text": "delivered",
        "meta": "@sys.ignore",
        "userDefined": false
      },
      {
        "text": " ",
        "userDefined": false
      },
      {
        "text": "to",
        "meta": "@sys.ignore",
        "userDefined": false
      },
      {
        "text": " ",
        "userDefined": false
      },
      {
        "text": "me",
        "meta": "@sys.ignore",
        "userDefined": false
      }
    ],
    "isTemplate": false,
    "count": 0,
    "lang": "en",
    "updated": 0
  },
  {
    "id": "d1c901b7-987a-43f2-8c42-89d28e3658f5",
    "data": [
      {
        "text": "pizza",
        "meta": "@delivery-product",
        "alias": "product",
        "userDefined": true
      },
      {
        "text": " delivery ",
        "userDefined": false
      },
      {
        "text": "nearby",
        "meta": "@map-sort",
        "alias": "sort",
        "userDefined": true
      }
    ],
    "isTemplate": false,
    "count": 0,
    "lang": "en",
    "updated": 0
  },
  {
    "id": "11e1c495-62ed-4d42-9aac-d03ca568c2b1",
    "data": [
      {
        "text": "find me a ",
        "userDefined": false
      },
      {
        "text": "pizza",
        "meta": "@delivery-product",
        "alias": "product",
        "userDefined": true
      },
      {
        "text": " for delivery",
        "userDefined": false
      }
    ],
    "isTemplate": false,
    "count": 0,
    "lang": "en",
    "updated": 0
  },
  {
    "id": "a9e695c7-c1eb-4607-92f5-bd10b314568c",
    "data": [
      {
        "text": "I\u0027m hungry who delivers ",
        "userDefined": false
      },
      {
        "text": "breakfast",
        "meta": "@meal",
        "alias": "meal",
        "userDefined": true
      }
    ],
    "isTemplate": false,
    "count": 0,
    "lang": "en",
    "updated": 0
  },
  {
    "id": "e8da2fe5-d678-42ba-85fb-88073e8f5c2c",
    "data": [
      {
        "text": "I need ",
        "userDefined": false
      },
      {
        "text": "pizza",
        "meta": "@delivery-product",
        "alias": "product",
        "userDefined": true
      },
      {
        "text": " delivery",
        "userDefined": false
      }
    ],
    "isTemplate": false,
    "count": 0,
    "lang": "en",
    "updated": 0
  },
  {
    "id": "4d8746bf-1c7d-498f-876a-8acb686a1305",
    "data": [
      {
        "text": "bring me ",
        "userDefined": false
      },
      {
        "text": "coffee",
        "meta": "@delivery-product",
        "alias": "product",
        "userDefined": true
      }
    ],
    "isTemplate": false,
    "count": 0,
    "lang": "en",
    "updated": 0
  },
  {
    "id": "c6a834bc-b98c-447f-b659-679a1b847ccc",
    "data": [
      {
        "text": "I need ",
        "userDefined": false
      },
      {
        "text": "coffee",
        "meta": "@delivery-product",
        "alias": "product",
        "userDefined": true
      },
      {
        "text": " to ",
        "userDefined": false
      },
      {
        "text": "Baxter Building 42nd street, Manhattan",
        "meta": "@sys.location",
        "alias": "address",
        "userDefined": true
      }
    ],
    "isTemplate": false,
    "count": 11,
    "lang": "en",
    "updated": 0
  },
  {
    "id": "441fd83a-44e3-4e62-83c7-b5d9517c4471",
    "data": [
      {
        "text": "deliver a product",
        "userDefined": false
      }
    ],
    "isTemplate": false,
    "count": 0,
    "lang": "en",
    "updated": 0
  },
  {
    "id": "53b141b2-c2e4-4b6c-b128-b93bc1873c29",
    "data": [
      {
        "text": "order some food",
        "userDefined": false
      }
    ],
    "isTemplate": false,
    "count": 0,
    "lang": "en",
    "updated": 0
  },
  {
    "id": "84f7b19d-7286-45dd-a253-814cf867cc9d",
    "data": [
      {
        "text": "order ",
        "userDefined": false
      },
      {
        "text": "pizza",
        "meta": "@delivery-product",
        "alias": "product",
        "userDefined": true
      },
      {
        "text": " to ",
        "userDefined": false
      },
      {
        "text": "420 Paper St. Wilmington, DE 19886",
        "meta": "@sys.location",
        "alias": "address",
        "userDefined": true
      }
    ],
    "isTemplate": false,
    "count": 0,
    "lang": "en",
    "updated": 0
  },
  {
    "id": "a91fd28d-f90b-4aff-92bd-51f86d7100fd",
    "data": [
      {
        "text": "can I get a ",
        "userDefined": false
      },
      {
        "text": "hamburger",
        "meta": "@delivery-product",
        "alias": "product",
        "userDefined": true
      },
      {
        "text": " delivered to me",
        "userDefined": false
      }
    ],
    "isTemplate": false,
    "count": 0,
    "lang": "en",
    "updated": 0
  },
  {
    "id": "74eb7a11-e656-4e79-a743-8a77974a1396",
    "data": [
      {
        "text": "I\u0027m hungry bring me some ",
        "userDefined": false
      },
      {
        "text": "McDonald\u0027s",
        "meta": "@venue-eating-out-chain",
        "alias": "venue-chain",
        "userDefined": true
      }
    ],
    "isTemplate": false,
    "count": 0,
    "lang": "en",
    "updated": 0
  },
  {
    "id": "66c3ae9b-c749-4ccb-a0bb-5dd0956c514a",
    "data": [
      {
        "text": "delivery",
        "userDefined": false
      }
    ],
    "isTemplate": false,
    "count": 0,
    "lang": "en",
    "updated": 0
  },
  {
    "id": "183c0fb8-7aa7-4ad6-ad56-a71fd61e9666",
    "data": [
      {
        "text": "sushi",
        "meta": "@delivery-product",
        "alias": "product",
        "userDefined": true
      },
      {
        "text": " delivery",
        "userDefined": false
      }
    ],
    "isTemplate": false,
    "count": 0,
    "lang": "en",
    "updated": 0
  },
  {
    "id": "f55c2b53-e391-4238-bef7-5c5cfeb695ab",
    "data": [
      {
        "text": "I want to get a ",
        "userDefined": false
      },
      {
        "text": "salami pizza",
        "meta": "@delivery-product",
        "alias": "product",
        "userDefined": true
      },
      {
        "text": " delivered",
        "userDefined": false
      }
    ],
    "isTemplate": false,
    "count": 0,
    "lang": "en",
    "updated": 0
  },
  {
    "id": "f2abf23a-4b1b-4b5c-aa41-e9b780cebc0c",
    "data": [
      {
        "text": "I want to order ",
        "userDefined": false
      },
      {
        "text": "3",
        "meta": "@sys.number",
        "alias": "amount",
        "userDefined": true
      },
      {
        "text": " ",
        "userDefined": false
      },
      {
        "text": "pizzas",
        "meta": "@delivery-product",
        "alias": "product",
        "userDefined": true
      },
      {
        "text": " and ",
        "userDefined": false
      },
      {
        "text": "6",
        "meta": "@sys.number",
        "alias": "amount",
        "userDefined": true
      },
      {
        "text": " bottles of ",
        "userDefined": false
      },
      {
        "text": "sparkling water",
        "meta": "@delivery-product",
        "alias": "product",
        "userDefined": true
      }
    ],
    "isTemplate": false,
    "count": 0,
    "lang": "en",
    "updated": 0
  },
  {
    "id": "5921a1be-c696-4a08-a1fe-91e37bae145b",
    "data": [
      {
        "text": "I am hungry and I need a food delivery",
        "userDefined": false
      }
    ],
    "isTemplate": false,
    "count": 0,
    "lang": "en",
    "updated": 0
  },
  {
    "id": "6f600218-bf17-4f1e-9fed-d2fdb3e32266",
    "data": [
      {
        "text": "can you get me a ",
        "userDefined": false
      },
      {
        "text": "pizza",
        "meta": "@delivery-product",
        "alias": "product",
        "userDefined": true
      },
      {
        "text": " delivered",
        "userDefined": false
      }
    ],
    "isTemplate": false,
    "count": 0,
    "lang": "en",
    "updated": 0
  },
  {
    "id": "27ca18fc-9526-4786-b6c3-acd72455b52c",
    "data": [
      {
        "text": "deliver me ",
        "userDefined": false
      },
      {
        "text": "pizza",
        "meta": "@delivery-product",
        "alias": "product",
        "userDefined": true
      },
      {
        "text": " to ",
        "userDefined": false
      },
      {
        "text": "420 Paper St. Wilmington, DE 19886",
        "meta": "@sys.location",
        "alias": "address",
        "userDefined": true
      }
    ],
    "isTemplate": false,
    "count": 0,
    "lang": "en",
    "updated": 0
  },
  {
    "id": "373363e7-5067-411f-a17b-0b730c433351",
    "data": [
      {
        "text": "order ",
        "userDefined": false
      },
      {
        "text": "pizza",
        "meta": "@delivery-product",
        "alias": "product",
        "userDefined": true
      }
    ],
    "isTemplate": false,
    "count": 0,
    "lang": "en",
    "updated": 0
  },
  {
    "id": "b56adc0d-c523-4ad2-a1c6-1d315937f42a",
    "data": [
      {
        "text": "food",
        "meta": "@sys.ignore",
        "userDefined": true
      },
      {
        "text": " takeout with delivery service",
        "userDefined": false
      }
    ],
    "isTemplate": false,
    "count": 0,
    "lang": "en",
    "updated": 0
  },
  {
    "id": "3f549f33-82fe-4784-97de-11d029d8bb54",
    "data": [
      {
        "text": "beer",
        "meta": "@delivery-product",
        "alias": "product",
        "userDefined": true
      },
      {
        "text": " delivery",
        "userDefined": false
      }
    ],
    "isTemplate": false,
    "count": 0,
    "lang": "en",
    "updated": 0
  },
  {
    "id": "7c845d19-27c5-45e6-b299-976df7eabe65",
    "data": [
      {
        "text": "I want something to order",
        "userDefined": false
      }
    ],
    "isTemplate": false,
    "count": 0,
    "lang": "en",
    "updated": 0
  },
  {
    "id": "e6580d55-4bde-4db4-90b3-38ac8decf777",
    "data": [
      {
        "text": "deliver me ",
        "userDefined": false
      },
      {
        "text": "beer",
        "meta": "@delivery-product",
        "alias": "product",
        "userDefined": true
      },
      {
        "text": " ",
        "userDefined": false
      },
      {
        "text": "every day",
        "meta": "@recurrence",
        "alias": "recurrence",
        "userDefined": true
      }
    ],
    "isTemplate": false,
    "count": 0,
    "lang": "en",
    "updated": 0
  },
  {
    "id": "4ee216e9-6928-4feb-868c-12f3635965e0",
    "data": [
      {
        "text": "can I get a ",
        "userDefined": false
      },
      {
        "text": "pizza",
        "meta": "@delivery-product",
        "alias": "product",
        "userDefined": true
      },
      {
        "text": " delivered to my ",
        "userDefined": false
      },
      {
        "text": "home",
        "meta": "@sys.location",
        "alias": "address",
        "userDefined": true
      }
    ],
    "isTemplate": false,
    "count": 0,
    "lang": "en",
    "updated": 0
  },
  {
    "id": "1d6805f9-a4f8-4499-ab04-ca4ae048c475",
    "data": [
      {
        "text": "bring me ",
        "userDefined": false
      },
      {
        "text": "food",
        "meta": "@sys.ignore",
        "userDefined": true
      }
    ],
    "isTemplate": false,
    "count": 0,
    "lang": "en",
    "updated": 0
  },
  {
    "id": "f81873ca-9ffa-405d-84e1-bcb440e6c07a",
    "data": [
      {
        "text": "I\u0027d like to have ",
        "userDefined": false
      },
      {
        "text": "pizza",
        "meta": "@delivery-product",
        "alias": "product",
        "userDefined": true
      },
      {
        "text": " delivered",
        "userDefined": false
      }
    ],
    "isTemplate": false,
    "count": 0,
    "lang": "en",
    "updated": 0
  },
  {
    "id": "aa2e71fc-59a4-48bb-80e8-8c37d88fb556",
    "data": [
      {
        "text": "I want a ",
        "userDefined": false
      },
      {
        "text": "bagel",
        "meta": "@delivery-product",
        "alias": "product",
        "userDefined": true
      },
      {
        "text": " can you bring me one",
        "userDefined": false
      }
    ],
    "isTemplate": false,
    "count": 0,
    "lang": "en",
    "updated": 0
  },
  {
    "id": "3beb80d9-d084-413e-9709-2f7ece01082f",
    "data": [
      {
        "text": "delivery service",
        "userDefined": false
      }
    ],
    "isTemplate": false,
    "count": 0,
    "lang": "en",
    "updated": 0
  },
  {
    "id": "e18c9f03-d7ea-4ea5-ae6b-76e79a495e2c",
    "data": [
      {
        "text": "Mexican",
        "meta": "@cuisine",
        "alias": "cuisine",
        "userDefined": true
      },
      {
        "text": " delivery",
        "userDefined": false
      }
    ],
    "isTemplate": false,
    "count": 0,
    "lang": "en",
    "updated": 0
  },
  {
    "id": "567229e8-1ecb-422d-98b2-24170e010a56",
    "data": [
      {
        "text": "I\u0027m hungry bring me some food please",
        "userDefined": false
      }
    ],
    "isTemplate": false,
    "count": 0,
    "lang": "en",
    "updated": 0
  },
  {
    "id": "91690958-7001-498c-bb28-cbe7a9feeac7",
    "data": [
      {
        "text": "I\u0027m looking to get ",
        "userDefined": false
      },
      {
        "text": "Starbucks",
        "meta": "@venue-eating-out-chain",
        "alias": "venue-chain",
        "userDefined": true
      },
      {
        "text": " delivered",
        "userDefined": false
      }
    ],
    "isTemplate": false,
    "count": 0,
    "lang": "en",
    "updated": 0
  },
  {
    "id": "bd96f363-d4c4-4107-a452-246c76e6408c",
    "data": [
      {
        "text": "can you bring me some food from ",
        "userDefined": false
      },
      {
        "text": "McDonald\u0027s",
        "meta": "@venue-eating-out-chain",
        "alias": "venue-chain",
        "userDefined": true
      }
    ],
    "isTemplate": false,
    "count": 0,
    "lang": "en",
    "updated": 0
  },
  {
    "id": "3531d760-c7cc-452e-83a8-ac6daf04de13",
    "data": [
      {
        "text": "deliver ",
        "userDefined": false
      },
      {
        "text": "pizza",
        "meta": "@delivery-product",
        "alias": "product",
        "userDefined": true
      },
      {
        "text": " to my ",
        "userDefined": false
      },
      {
        "text": "home",
        "meta": "@sys.location",
        "alias": "address",
        "userDefined": true
      }
    ],
    "isTemplate": false,
    "count": 0,
    "lang": "en",
    "updated": 0
  },
  {
    "id": "34f724bd-380b-4810-aaeb-bd6e18743bf5",
    "data": [
      {
        "text": "food",
        "meta": "@sys.ignore",
        "userDefined": true
      },
      {
        "text": " delivery ",
        "userDefined": false
      },
      {
        "text": "near me",
        "meta": "@map-sort",
        "alias": "sort",
        "userDefined": true
      }
    ],
    "isTemplate": false,
    "count": 0,
    "lang": "en",
    "updated": 0
  },
  {
    "id": "33332a87-e906-4b9f-84c0-379c4a529d31",
    "data": [
      {
        "text": "best",
        "meta": "@map-sort",
        "alias": "sort",
        "userDefined": true
      },
      {
        "text": " ",
        "userDefined": false
      },
      {
        "text": "nearest",
        "meta": "@map-sort",
        "alias": "sort",
        "userDefined": true
      },
      {
        "text": " ",
        "userDefined": false
      },
      {
        "text": "pizza",
        "meta": "@delivery-product",
        "alias": "product",
        "userDefined": true
      },
      {
        "text": " ",
        "userDefined": false
      },
      {
        "text": "delivery",
        "meta": "@sys.ignore",
        "userDefined": true
      }
    ],
    "isTemplate": false,
    "count": 0,
    "lang": "en",
    "updated": 0
  },
  {
    "id": "3ccc15ce-ffe5-44aa-b660-ccdaa43c4df9",
    "data": [
      {
        "text": "fast food",
        "meta": "@sys.ignore",
        "userDefined": true
      },
      {
        "text": " delivery",
        "userDefined": false
      }
    ],
    "isTemplate": false,
    "count": 0,
    "lang": "en",
    "updated": 0
  },
  {
    "id": "52fdd8a3-fd69-423f-acef-6c5b2a1e4fa7",
    "data": [
      {
        "text": "what can I have delivered",
        "userDefined": false
      }
    ],
    "isTemplate": false,
    "count": 0,
    "lang": "en",
    "updated": 0
  },
  {
    "id": "a05aad22-2d73-4403-ad95-41e6a239e87b",
    "data": [
      {
        "text": "I want to get ",
        "userDefined": false
      },
      {
        "text": "dinner",
        "meta": "@meal",
        "alias": "meal",
        "userDefined": true
      },
      {
        "text": " delivered ",
        "userDefined": false
      },
      {
        "text": "at 8 pm",
        "meta": "@sys.date-time",
        "alias": "date-time",
        "userDefined": true
      }
    ],
    "isTemplate": false,
    "count": 0,
    "lang": "en",
    "updated": 0
  }
]