[
  {
    "id": "0614a222-9d83-4e85-aae1-8d13a5d88227",
    "data": [
      {
        "text": "add ",
        "userDefined": false
      },
      {
        "text": "3",
        "meta": "@sys.number",
        "alias": "amount",
        "userDefined": true
      },
      {
        "text": " ",
        "userDefined": false
      },
      {
        "text": "pizzas",
        "meta": "@delivery-product",
        "alias": "product",
        "userDefined": true
      },
      {
        "text": " and ",
        "userDefined": false
      },
      {
        "text": "2",
        "meta": "@sys.number",
        "alias": "amount",
        "userDefined": true
      },
      {
        "text": " ",
        "userDefined": false
      },
      {
        "text": "diet Cokes",
        "meta": "@delivery-product",
        "alias": "product",
        "userDefined": true
      }
    ],
    "isTemplate": false,
    "count": 0,
    "lang": "en",
    "updated": 0
  },
  {
    "id": "97c9955f-52f6-465b-940a-f55574891731",
    "data": [
      {
        "text": "can",
        "meta": "@sys.ignore",
        "userDefined": true
      },
      {
        "text": " I have ",
        "userDefined": false
      },
      {
        "text": "2",
        "meta": "@sys.number",
        "alias": "amount",
        "userDefined": true
      },
      {
        "text": " ",
        "userDefined": false
      },
      {
        "text": "burgers",
        "meta": "@delivery-product",
        "alias": "product",
        "userDefined": true
      },
      {
        "text": " with ",
        "userDefined": false
      },
      {
        "text": "fries",
        "meta": "@delivery-product",
        "alias": "product",
        "userDefined": true
      }
    ],
    "isTemplate": false,
    "count": 0,
    "lang": "en",
    "updated": 0
  },
  {
    "id": "8fa82316-311b-4aed-8633-45232cefef39",
    "data": [
      {
        "text": "another ",
        "userDefined": false
      },
      {
        "text": "salad",
        "meta": "@delivery-product",
        "alias": "product",
        "userDefined": true
      }
    ],
    "isTemplate": false,
    "count": 0,
    "lang": "en",
    "updated": 0
  },
  {
    "id": "b498d9c6-d02c-4685-9353-bcf21cedced8",
    "data": [
      {
        "text": "can",
        "meta": "@sys.ignore",
        "userDefined": true
      },
      {
        "text": " I ",
        "userDefined": false
      },
      {
        "text": "get",
        "meta": "@sys.ignore",
        "userDefined": true
      },
      {
        "text": " ",
        "userDefined": false
      },
      {
        "text": "4",
        "meta": "@sys.number",
        "alias": "amount",
        "userDefined": true
      },
      {
        "text": " ",
        "userDefined": false
      },
      {
        "text": "burgers",
        "meta": "@delivery-product",
        "alias": "product",
        "userDefined": true
      }
    ],
    "isTemplate": false,
    "count": 0,
    "lang": "en",
    "updated": 0
  },
  {
    "id": "4a3a89af-2d9f-434e-8b47-df077863d8ba",
    "data": [
      {
        "text": "add extra ",
        "userDefined": false
      },
      {
        "text": "cheese",
        "meta": "@delivery-product",
        "alias": "product",
        "userDefined": false
      }
    ],
    "isTemplate": false,
    "count": 0,
    "lang": "en",
    "updated": 0
  },
  {
    "id": "1578ecad-c373-4d7d-ab90-bd217900d621",
    "data": [
      {
        "text": "can I have a pepperoni ",
        "userDefined": false
      },
      {
        "text": "pizza",
        "meta": "@delivery-product",
        "alias": "product",
        "userDefined": true
      },
      {
        "text": " and a ",
        "userDefined": false
      },
      {
        "text": "hawaiian pizza",
        "meta": "@delivery-product",
        "alias": "product",
        "userDefined": true
      }
    ],
    "isTemplate": false,
    "count": 0,
    "lang": "en",
    "updated": 0
  },
  {
    "id": "d0436bfd-9658-4b43-98da-6489c617ed41",
    "data": [
      {
        "text": "add another ",
        "userDefined": false
      },
      {
        "text": "pizza",
        "meta": "@delivery-product",
        "alias": "product",
        "userDefined": true
      },
      {
        "text": " to my order",
        "userDefined": false
      }
    ],
    "isTemplate": false,
    "count": 0,
    "lang": "en",
    "updated": 0
  },
  {
    "id": "1b43ac37-e686-4631-9453-34b83175c593",
    "data": [
      {
        "text": "please add a ",
        "userDefined": false
      },
      {
        "text": "large pepperoni pizza",
        "meta": "@delivery-product",
        "alias": "product",
        "userDefined": true
      },
      {
        "text": " a ",
        "userDefined": false
      },
      {
        "text": "regular diet Pepsi",
        "meta": "@delivery-product",
        "alias": "product",
        "userDefined": true
      },
      {
        "text": " ",
        "userDefined": false
      },
      {
        "text": "brownie",
        "meta": "@delivery-product",
        "alias": "product",
        "userDefined": true
      },
      {
        "text": " and ",
        "userDefined": false
      },
      {
        "text": "bread sticks",
        "meta": "@delivery-product",
        "alias": "product",
        "userDefined": true
      }
    ],
    "isTemplate": false,
    "count": 0,
    "lang": "en",
    "updated": 0
  },
  {
    "id": "a52333cb-cfb1-4275-a826-c26757795fe1",
    "data": [
      {
        "text": "can",
        "meta": "@sys.ignore",
        "userDefined": true
      },
      {
        "text": " you add ",
        "userDefined": false
      },
      {
        "text": "one",
        "meta": "@sys.number",
        "alias": "amount",
        "userDefined": true
      },
      {
        "text": " more ",
        "userDefined": false
      },
      {
        "text": "milkshake",
        "meta": "@delivery-product",
        "alias": "product",
        "userDefined": true
      },
      {
        "text": " to my order",
        "userDefined": false
      }
    ],
    "isTemplate": false,
    "count": 0,
    "lang": "en",
    "updated": 0
  },
  {
    "id": "03e53ee9-b21a-4ad5-ae7c-1f59ecb7a7e9",
    "data": [
      {
        "text": "add ",
        "userDefined": false
      },
      {
        "text": "one",
        "meta": "@sys.number",
        "alias": "amount",
        "userDefined": false
      },
      {
        "text": " more portion of ",
        "userDefined": false
      },
      {
        "text": "fries",
        "meta": "@delivery-product",
        "alias": "product",
        "userDefined": false
      }
    ],
    "isTemplate": false,
    "count": 0,
    "lang": "en",
    "updated": 0
  },
  {
    "id": "adbe538f-17a0-4663-904f-819c1e444f38",
    "data": [
      {
        "text": "another ",
        "userDefined": false
      },
      {
        "text": "burger",
        "meta": "@delivery-product",
        "alias": "product",
        "userDefined": false
      },
      {
        "text": " please",
        "userDefined": false
      }
    ],
    "isTemplate": false,
    "count": 0,
    "lang": "en",
    "updated": 0
  },
  {
    "id": "dd02d03b-cc6c-468a-89f5-523ce02d4571",
    "data": [
      {
        "text": "I ",
        "userDefined": false
      },
      {
        "text": "wish",
        "meta": "@sys.ignore",
        "userDefined": false
      },
      {
        "text": " ",
        "userDefined": false
      },
      {
        "text": "one",
        "meta": "@sys.number",
        "alias": "amount",
        "userDefined": false
      },
      {
        "text": " ",
        "userDefined": false
      },
      {
        "text": "pizza",
        "meta": "@delivery-product",
        "alias": "product",
        "userDefined": false
      },
      {
        "text": " more",
        "userDefined": false
      }
    ],
    "isTemplate": false,
    "count": 0,
    "lang": "en",
    "updated": 0
  },
  {
    "id": "5c381971-0a3d-49fc-a3e6-43e6c31cffdf",
    "data": [
      {
        "text": "I\u0027d like to have more ",
        "userDefined": false
      },
      {
        "text": "fries",
        "meta": "@delivery-product",
        "alias": "product",
        "userDefined": true
      }
    ],
    "isTemplate": false,
    "count": 0,
    "lang": "en",
    "updated": 0
  },
  {
    "id": "1a8ae694-5ce3-4800-8fc0-9745dad651e0",
    "data": [
      {
        "text": "add ",
        "userDefined": false
      },
      {
        "text": "burger",
        "meta": "@delivery-product",
        "alias": "product",
        "userDefined": true
      },
      {
        "text": " to my basket",
        "userDefined": false
      }
    ],
    "isTemplate": false,
    "count": 0,
    "lang": "en",
    "updated": 0
  }
]