[
  {
    "id": "d15060a9-6c04-4b9a-9850-773bf589f874",
    "data": [
      {
        "text": "and ",
        "userDefined": false
      },
      {
        "text": "tomatoes",
        "meta": "@delivery-product",
        "alias": "product",
        "userDefined": false
      }
    ],
    "isTemplate": false,
    "count": 0,
    "lang": "en",
    "updated": 0
  },
  {
    "id": "ce26943a-bfbe-4078-b3cd-8777a9bd99b3",
    "data": [
      {
        "text": "Coke",
        "meta": "@delivery-product",
        "alias": "product",
        "userDefined": true
      },
      {
        "text": " and ",
        "userDefined": false
      },
      {
        "text": "beer",
        "meta": "@delivery-product",
        "alias": "product",
        "userDefined": true
      }
    ],
    "isTemplate": false,
    "count": 1,
    "lang": "en",
    "updated": 0
  },
  {
    "id": "771b3e15-9cb0-4e4c-834c-c4ed656ebae3",
    "data": [
      {
        "text": "now",
        "meta": "@sys.ignore",
        "userDefined": false
      },
      {
        "text": " ",
        "userDefined": false
      },
      {
        "text": "milkshake",
        "meta": "@delivery-product",
        "alias": "product",
        "userDefined": false
      }
    ],
    "isTemplate": false,
    "count": 0,
    "lang": "en",
    "updated": 0
  },
  {
    "id": "39610370-d4fe-4be2-9a13-ff7766308c12",
    "data": [
      {
        "text": "I don\u0027t need ",
        "userDefined": false
      },
      {
        "text": "tomatoes",
        "meta": "@delivery-product",
        "alias": "product",
        "userDefined": false
      }
    ],
    "isTemplate": false,
    "count": 0,
    "lang": "en",
    "updated": 0
  },
  {
    "id": "7efa1220-3aa0-4e6f-9f7b-6649f69869dd",
    "data": [
      {
        "text": "I don\u0027t need ",
        "userDefined": false
      },
      {
        "text": "fish",
        "meta": "@delivery-product",
        "alias": "product",
        "userDefined": true
      }
    ],
    "isTemplate": false,
    "count": 0,
    "lang": "en",
    "updated": 0
  },
  {
    "id": "867fa026-f2d0-422a-b642-e5c6879bf077",
    "data": [
      {
        "text": "butter",
        "meta": "@delivery-product",
        "alias": "product",
        "userDefined": false
      },
      {
        "text": " is not needed",
        "userDefined": false
      }
    ],
    "isTemplate": false,
    "count": 0,
    "lang": "en",
    "updated": 0
  },
  {
    "id": "d5befaf5-c0c4-4bf7-b18f-76cb804f433c",
    "data": [
      {
        "text": "and ",
        "userDefined": false
      },
      {
        "text": "Coke",
        "meta": "@delivery-product",
        "alias": "product",
        "userDefined": false
      }
    ],
    "isTemplate": false,
    "count": 0,
    "lang": "en",
    "updated": 0
  },
  {
    "id": "0b4823d8-ff53-4ec5-ae08-be2fded4e1d3",
    "data": [
      {
        "text": "pizza",
        "meta": "@delivery-product",
        "alias": "product",
        "userDefined": false
      },
      {
        "text": " too",
        "userDefined": false
      }
    ],
    "isTemplate": false,
    "count": 0,
    "lang": "en",
    "updated": 0
  },
  {
    "id": "81fcdee8-2793-47d2-a25e-391b408a5af1",
    "data": [
      {
        "text": "Coke",
        "meta": "@delivery-product",
        "alias": "product",
        "userDefined": false
      },
      {
        "text": " as ",
        "userDefined": false
      },
      {
        "text": "well",
        "meta": "@sys.ignore",
        "userDefined": false
      }
    ],
    "isTemplate": false,
    "count": 0,
    "lang": "en",
    "updated": 0
  },
  {
    "id": "88dd3804-cfe7-46ac-9681-ab4e365979a6",
    "data": [
      {
        "text": "these ",
        "userDefined": false
      },
      {
        "text": "apples",
        "meta": "@delivery-product",
        "alias": "product",
        "userDefined": false
      },
      {
        "text": " too",
        "userDefined": false
      }
    ],
    "isTemplate": false,
    "count": 0,
    "lang": "en",
    "updated": 0
  },
  {
    "id": "bc4ae1b6-af7c-4e12-964a-3b22761ff303",
    "data": [
      {
        "text": "and ",
        "userDefined": false
      },
      {
        "text": "beer",
        "meta": "@delivery-product",
        "alias": "product",
        "userDefined": false
      },
      {
        "text": " too",
        "userDefined": false
      }
    ],
    "isTemplate": false,
    "count": 0,
    "lang": "en",
    "updated": 0
  }
]