[
  {
    "id": "4c8babce-4c97-4d11-bdd2-17fbf9e6f319",
    "data": [
      {
        "text": "I need a ",
        "userDefined": false
      },
      {
        "text": "cheeseburger",
        "meta": "@delivery-product",
        "alias": "product",
        "userDefined": true
      },
      {
        "text": " as well",
        "userDefined": false
      }
    ],
    "isTemplate": false,
    "count": 0,
    "lang": "en",
    "updated": 0
  },
  {
    "id": "c09a4305-5f30-43f3-a83b-12938c3c32bf",
    "data": [
      {
        "text": "I would ",
        "userDefined": false
      },
      {
        "text": "like",
        "meta": "@sys.ignore",
        "userDefined": false
      },
      {
        "text": " ",
        "userDefined": false
      },
      {
        "text": "to",
        "meta": "@sys.ignore",
        "userDefined": false
      },
      {
        "text": " take a ",
        "userDefined": false
      },
      {
        "text": "pizza",
        "meta": "@delivery-product",
        "alias": "product",
        "userDefined": false
      },
      {
        "text": " too",
        "userDefined": false
      }
    ],
    "isTemplate": false,
    "count": 0,
    "lang": "en",
    "updated": 0
  },
  {
    "id": "890b0a7b-f00b-4ad9-ae08-9b7f7452c55f",
    "data": [
      {
        "text": "what about ",
        "userDefined": false
      },
      {
        "text": "pizza",
        "meta": "@delivery-product",
        "alias": "product",
        "userDefined": true
      }
    ],
    "isTemplate": false,
    "count": 0,
    "lang": "en",
    "updated": 0
  },
  {
    "id": "0e6d0622-1914-41a8-b854-55d110681997",
    "data": [
      {
        "text": "and ",
        "userDefined": false
      },
      {
        "text": "burger",
        "meta": "@delivery-product",
        "alias": "product",
        "userDefined": true
      },
      {
        "text": " and ",
        "userDefined": false
      },
      {
        "text": "fries",
        "meta": "@delivery-product",
        "alias": "product",
        "userDefined": true
      }
    ],
    "isTemplate": false,
    "count": 0,
    "lang": "en",
    "updated": 0
  },
  {
    "id": "32a90d2e-e625-489d-ad07-7259f390f32d",
    "data": [
      {
        "text": "take ",
        "userDefined": false
      },
      {
        "text": "pizza",
        "meta": "@delivery-product",
        "alias": "product",
        "userDefined": true
      },
      {
        "text": " too",
        "userDefined": false
      }
    ],
    "isTemplate": false,
    "count": 0,
    "lang": "en",
    "updated": 0
  },
  {
    "id": "2bc83b7a-c00f-4198-9965-5c314935abab",
    "data": [
      {
        "text": "and ",
        "userDefined": false
      },
      {
        "text": "Italian",
        "meta": "@cuisine",
        "alias": "cuisine",
        "userDefined": true
      },
      {
        "text": " ",
        "userDefined": false
      },
      {
        "text": "food",
        "meta": "@sys.ignore",
        "userDefined": true
      }
    ],
    "isTemplate": false,
    "count": 0,
    "lang": "en",
    "updated": 0
  },
  {
    "id": "fe351044-0371-48b9-bda4-53b8d7a68616",
    "data": [
      {
        "text": "and ",
        "userDefined": false
      },
      {
        "text": "French",
        "meta": "@cuisine",
        "alias": "cuisine",
        "userDefined": false
      },
      {
        "text": " ",
        "userDefined": false
      },
      {
        "text": "food",
        "meta": "@sys.ignore",
        "userDefined": false
      }
    ],
    "isTemplate": false,
    "count": 0,
    "lang": "en",
    "updated": 0
  },
  {
    "id": "272937a0-1b34-4f6e-a7e5-6e0f6c03f6a5",
    "data": [
      {
        "text": "and ",
        "userDefined": false
      },
      {
        "text": "burger",
        "meta": "@delivery-product",
        "alias": "product",
        "userDefined": true
      },
      {
        "text": " too",
        "userDefined": false
      }
    ],
    "isTemplate": false,
    "count": 0,
    "lang": "en",
    "updated": 0
  },
  {
    "id": "15bd40c6-10b4-4bbd-a9a8-53d0264320dd",
    "data": [
      {
        "text": "what about ",
        "userDefined": false
      },
      {
        "text": "Chinese",
        "meta": "@cuisine",
        "alias": "cuisine",
        "userDefined": true
      },
      {
        "text": " food",
        "userDefined": false
      }
    ],
    "isTemplate": false,
    "count": 0,
    "lang": "en",
    "updated": 0
  },
  {
    "id": "64c5d06c-b2c1-4b88-b154-ad6749033c9b",
    "data": [
      {
        "text": "and ",
        "userDefined": false
      },
      {
        "text": "pizza",
        "meta": "@delivery-product",
        "alias": "product",
        "userDefined": true
      }
    ],
    "isTemplate": false,
    "count": 0,
    "lang": "en",
    "updated": 0
  }
]