[
  {
    "id": "272426af-e499-4483-8a7e-feb9d590ce59",
    "data": [
      {
        "text": "12 year",
        "alias": "age",
        "meta": "@sys.age",
        "userDefined": false
      }
    ],
    "isTemplate": false,
    "count": 0,
    "updated": 0
  },
  {
    "id": "99f58db9-48d4-427c-a6af-84b2accde566",
    "data": [
      {
        "text": "40 years",
        "alias": "age",
        "meta": "@sys.age",
        "userDefined": false
      }
    ],
    "isTemplate": false,
    "count": 0,
    "updated": 0
  },
  {
    "id": "78ef84db-95b1-4b15-8e84-1b38e3e3e98d",
    "data": [
      {
        "text": "I am ",
        "userDefined": false
      },
      {
        "text": "40 years old",
        "alias": "age",
        "meta": "@sys.age",
        "userDefined": false
      }
    ],
    "isTemplate": false,
    "count": 0,
    "updated": 0
  }
]