[
  {
    "id": "833b909a-1ab1-409b-a891-8b6091e21dc8",
    "data": [
      {
        "text": "I haven\u0027t reports",
        "userDefined": false
      }
    ],
    "isTemplate": false,
    "count": 0,
    "updated": 0
  },
  {
    "id": "155f7941-f83f-4355-80d0-204193b4bb97",
    "data": [
      {
        "text": "No",
        "userDefined": false
      }
    ],
    "isTemplate": false,
    "count": 0,
    "updated": 0
  },
  {
    "id": "7f2b45a3-f0dc-4863-a806-671881e1a535",
    "data": [
      {
        "text": "not yet get reports",
        "userDefined": false
      }
    ],
    "isTemplate": false,
    "count": 0,
    "updated": 0
  },
  {
    "id": "57119c8f-7b44-4bdb-8d5f-7cd3c3a3cf28",
    "data": [
      {
        "text": "not yet",
        "userDefined": false
      }
    ],
    "isTemplate": false,
    "count": 0,
    "updated": 0
  },
  {
    "id": "313d2288-11bb-41fd-bd6d-a7a8c943e631",
    "data": [
      {
        "text": "i did not get",
        "userDefined": false
      }
    ],
    "isTemplate": false,
    "count": 0,
    "updated": 0
  },
  {
    "id": "e84b46ef-d0ad-45bf-b2b6-7c0bbb9e5df9",
    "data": [
      {
        "text": "i have no reports",
        "userDefined": false
      }
    ],
    "isTemplate": false,
    "count": 1,
    "updated": 0
  }
]