[
  {
    "id": "6a4df5a0-a987-4746-ae15-50b6015c0915",
    "data": [
      {
        "text": "CKD problem",
        "userDefined": false
      }
    ],
    "isTemplate": false,
    "count": 0,
    "updated": 0
  },
  {
    "id": "6b53a06c-241c-496f-a020-dfe621596cfe",
    "data": [
      {
        "text": "I have",
        "meta": "@sys.ignore",
        "userDefined": false
      },
      {
        "text": " a problem",
        "userDefined": false
      }
    ],
    "isTemplate": false,
    "count": 0,
    "updated": 0
  },
  {
    "id": "7fa46a18-d2db-41fd-be8a-749f7c93bc43",
    "data": [
      {
        "text": "Can I ask a question?",
        "userDefined": false
      }
    ],
    "isTemplate": false,
    "count": 0,
    "updated": 0
  },
  {
    "id": "62b04e26-ddce-4914-9852-2c012f9325a8",
    "data": [
      {
        "text": "CKD questions",
        "userDefined": false
      }
    ],
    "isTemplate": false,
    "count": 0,
    "updated": 0
  },
  {
    "id": "325e5ce7-0d73-48ca-8e32-d3a8d5c8efff",
    "data": [
      {
        "text": "Can I know something?",
        "userDefined": false
      }
    ],
    "isTemplate": false,
    "count": 0,
    "updated": 0
  },
  {
    "id": "1eb70aaa-b3ad-47eb-a92c-e399183f3a0d",
    "data": [
      {
        "text": "I have",
        "meta": "@sys.ignore",
        "userDefined": false
      },
      {
        "text": " questions for you?",
        "userDefined": false
      }
    ],
    "isTemplate": false,
    "count": 0,
    "updated": 0
  },
  {
    "id": "19011d14-7455-45b9-9875-0b3d217a601f",
    "data": [
      {
        "text": "I have",
        "meta": "@sys.ignore",
        "userDefined": false
      },
      {
        "text": " some questions?",
        "userDefined": false
      }
    ],
    "isTemplate": false,
    "count": 0,
    "updated": 0
  }
]