[
  {
    "id": "b86b6d73-271b-440b-82c4-9d01b9a013be",
    "data": [
      {
        "text": "yes",
        "userDefined": false
      }
    ],
    "isTemplate": false,
    "count": 0,
    "updated": 0
  },
  {
    "id": "953b38f7-0dfc-40c4-b351-039893330a88",
    "data": [
      {
        "text": "I got it",
        "userDefined": false
      }
    ],
    "isTemplate": false,
    "count": 0,
    "updated": 0
  },
  {
    "id": "58ec83f4-01bf-4348-b48c-3d132af5103b",
    "data": [
      {
        "text": "i get it",
        "userDefined": false
      }
    ],
    "isTemplate": false,
    "count": 0,
    "updated": 0
  },
  {
    "id": "40f6b36b-9409-470e-9f37-b5aa5a097431",
    "data": [
      {
        "text": "yep",
        "userDefined": false
      }
    ],
    "isTemplate": false,
    "count": 0,
    "updated": 0
  },
  {
    "id": "3ebb95bf-5da5-4e5a-b194-027fadcacf9b",
    "data": [
      {
        "text": "yes i have reports",
        "userDefined": false
      }
    ],
    "isTemplate": false,
    "count": 0,
    "updated": 0
  },
  {
    "id": "7d21af7d-dbb3-48b6-9b29-111c7f15ea82",
    "data": [
      {
        "text": "yes i have",
        "userDefined": false
      }
    ],
    "isTemplate": false,
    "count": 1,
    "updated": 0
  }
]