[
  {
    "id": "b9ddb8f6-c442-4991-a360-ad0e21042c92",
    "data": [
      {
        "text": "your name?",
        "userDefined": false
      }
    ],
    "isTemplate": false,
    "count": 0,
    "updated": 0
  },
  {
    "id": "3c84a10e-a9bf-4af8-952b-85550311c309",
    "data": [
      {
        "text": "name?",
        "userDefined": false
      }
    ],
    "isTemplate": false,
    "count": 0,
    "updated": 0
  },
  {
    "id": "6490dcba-b0ab-45e4-92ea-bc96cce3815c",
    "data": [
      {
        "text": "what is your name?",
        "userDefined": false
      }
    ],
    "isTemplate": false,
    "count": 0,
    "updated": 0
  }
]