[
  {
    "id": "aa844dad-06dc-443f-bb35-a2983e0a776f",
    "data": [
      {
        "text": "prediction",
        "userDefined": false
      }
    ],
    "isTemplate": false,
    "count": 0,
    "updated": 0
  },
  {
    "id": "02c572fe-a3db-4f08-a21c-9ca3ba817339",
    "data": [
      {
        "text": "I want to get prediction",
        "userDefined": false
      }
    ],
    "isTemplate": false,
    "count": 0,
    "updated": 0
  },
  {
    "id": "3b215eee-8c43-4281-91a0-b380c22628d2",
    "data": [
      {
        "text": "prediction part",
        "userDefined": false
      }
    ],
    "isTemplate": false,
    "count": 0,
    "updated": 0
  },
  {
    "id": "2ea846ad-334f-4d3c-9767-00e336b1db57",
    "data": [
      {
        "text": "prediction form",
        "userDefined": false
      }
    ],
    "isTemplate": false,
    "count": 0,
    "updated": 0
  },
  {
    "id": "cd22e3c0-5189-4588-8950-232996c9447c",
    "data": [
      {
        "text": "get Prediction",
        "userDefined": false
      }
    ],
    "isTemplate": false,
    "count": 0,
    "updated": 0
  },
  {
    "id": "0f09e840-77b5-43ff-8eee-d432629401e2",
    "data": [
      {
        "text": "I want to predict chronicle kidney disease",
        "userDefined": false
      }
    ],
    "isTemplate": false,
    "count": 0,
    "updated": 0
  },
  {
    "id": "8475b30a-48ad-4fe4-9250-95a22907d11d",
    "data": [
      {
        "text": "I want to predict CKD",
        "userDefined": false
      }
    ],
    "isTemplate": false,
    "count": 0,
    "updated": 0
  }
]