[
  {
    "id": "597c84aa-5948-4555-a1dd-7a815d61eb4b",
    "data": [
      {
        "text": "can we message in telegram?",
        "userDefined": false
      }
    ],
    "isTemplate": false,
    "count": 0,
    "updated": 0
  },
  {
    "id": "b073562e-db56-40e5-bf96-1dc397401d9c",
    "data": [
      {
        "text": "Can we msg in telegram",
        "userDefined": false
      }
    ],
    "isTemplate": false,
    "count": 0,
    "updated": 0
  },
  {
    "id": "25c5b9ba-04f9-4641-ab4d-cf011afeaf1c",
    "data": [
      {
        "text": "I want your telegram",
        "userDefined": false
      }
    ],
    "isTemplate": false,
    "count": 0,
    "updated": 0
  },
  {
    "id": "7e22c720-54db-4157-8438-8f47899b01c0",
    "data": [
      {
        "text": "Are you in telegram",
        "userDefined": false
      }
    ],
    "isTemplate": false,
    "count": 0,
    "updated": 0
  },
  {
    "id": "791c0fce-3698-46fb-8012-5ad0736f0a7e",
    "data": [
      {
        "text": "Are you use telegram",
        "userDefined": false
      }
    ],
    "isTemplate": false,
    "count": 0,
    "updated": 0
  },
  {
    "id": "f0cae2ac-9c94-4129-bf8d-fa0d5aeaafdb",
    "data": [
      {
        "text": "Can we have chat in telegram",
        "userDefined": false
      }
    ],
    "isTemplate": false,
    "count": 0,
    "updated": 0
  },
  {
    "id": "c5067b48-85dd-49e7-ae80-da97c912e4c0",
    "data": [
      {
        "text": "I want to add you to telegram",
        "userDefined": false
      }
    ],
    "isTemplate": false,
    "count": 0,
    "updated": 0
  },
  {
    "id": "b513b4d0-d6c1-4a17-92b0-447a7c9bf4a4",
    "data": [
      {
        "text": "Telegram link",
        "userDefined": false
      }
    ],
    "isTemplate": false,
    "count": 0,
    "updated": 0
  }
]