[
  {
    "id": "555d0289-d637-4b63-ab78-29d4b2cd3d12",
    "data": [
      {
        "text": "who\u0027s in that?",
        "userDefined": false
      }
    ],
    "isTemplate": false,
    "count": 0,
    "updated": 0
  },
  {
    "id": "db54b784-b839-4494-86ef-811ed48c99bc",
    "data": [
      {
        "text": "Who\u0027s here?",
        "userDefined": false
      }
    ],
    "isTemplate": false,
    "count": 0,
    "updated": 0
  },
  {
    "id": "9ce0e4ec-e3a7-40e2-9199-07aeaec257d7",
    "data": [
      {
        "text": "Is there anyone?",
        "userDefined": false
      }
    ],
    "isTemplate": false,
    "count": 0,
    "updated": 0
  },
  {
    "id": "45039839-5389-4d5e-972a-7c73f5436b73",
    "data": [
      {
        "text": "Anyone there?",
        "userDefined": false
      }
    ],
    "isTemplate": false,
    "count": 0,
    "updated": 0
  },
  {
    "id": "d554198b-117c-4b28-966b-ea80f873989d",
    "data": [
      {
        "text": "is anyone in here?",
        "userDefined": false
      }
    ],
    "isTemplate": false,
    "count": 0,
    "updated": 0
  }
]