[
  {
    "id": "8c4607b8-1896-43ed-95a9-f3f3c2cd7803",
    "data": [
      {
        "text": "what is woodchuck",
        "userDefined": false
      }
    ],
    "isTemplate": false,
    "count": 0,
    "lang": "en",
    "updated": 0
  },
  {
    "id": "691b5b26-073d-42bf-bcbb-c30ddc65f010",
    "data": [
      {
        "text": "how to cross the road",
        "userDefined": false
      }
    ],
    "isTemplate": false,
    "count": 0,
    "lang": "en",
    "updated": 0
  },
  {
    "id": "5c2fb2d0-47b5-44bb-87fb-98950a8f32b4",
    "data": [
      {
        "text": "show me the meaning of love",
        "userDefined": false
      }
    ],
    "isTemplate": false,
    "count": 0,
    "lang": "en",
    "updated": 0
  },
  {
    "id": "8795c962-712d-4e1a-88a4-e70328490750",
    "data": [
      {
        "text": "can you tell me the life quality rating of Canada",
        "userDefined": false
      }
    ],
    "isTemplate": false,
    "count": 0,
    "lang": "en",
    "updated": 0
  },
  {
    "id": "73c092ce-a8cc-4d0c-9581-90bd07fe94d2",
    "data": [
      {
        "text": "what sound does an airplane make",
        "userDefined": false
      }
    ],
    "isTemplate": false,
    "count": 0,
    "lang": "en",
    "updated": 0
  },
  {
    "id": "cd6cf97c-8929-495e-b97d-01bc6bd96657",
    "data": [
      {
        "text": "fox doesn\u0027t say",
        "userDefined": false
      }
    ],
    "isTemplate": false,
    "count": 0,
    "lang": "en",
    "updated": 0
  }
]