[
  {
    "id": "ddf91097-7008-4106-9e4e-18c3dca1c005",
    "data": [
      {
        "text": "do you know what does the fox say",
        "userDefined": false
      }
    ],
    "isTemplate": false,
    "count": 1,
    "lang": "en",
    "updated": 0
  },
  {
    "id": "6337402e-ffc6-4112-b4c4-4c3aa0ea15c2",
    "data": [
      {
        "text": "can you answer me what does the fox say",
        "userDefined": false
      }
    ],
    "isTemplate": false,
    "count": 0,
    "lang": "en",
    "updated": 0
  },
  {
    "id": "a2394cfc-9c07-47e0-b83a-71734dafb7ba",
    "data": [
      {
        "text": "what sounds does a fox make",
        "userDefined": false
      }
    ],
    "isTemplate": false,
    "count": 0,
    "lang": "en",
    "updated": 0
  },
  {
    "id": "fa1788ce-9a20-4aa5-9a4b-c674a965079a",
    "data": [
      {
        "text": "find out what sound does a fox make",
        "userDefined": false
      }
    ],
    "isTemplate": false,
    "count": 0,
    "lang": "en",
    "updated": 0
  },
  {
    "id": "a90964a0-c390-40e3-bcef-024d8fad7522",
    "data": [
      {
        "text": "fox says",
        "userDefined": false
      }
    ],
    "isTemplate": false,
    "count": 0,
    "lang": "en",
    "updated": 0
  },
  {
    "id": "a107a131-bae4-4646-bae1-588237747276",
    "data": [
      {
        "text": "do you have an idea what does the fox say",
        "userDefined": false
      }
    ],
    "isTemplate": false,
    "count": 0,
    "lang": "en",
    "updated": 0
  },
  {
    "id": "16634e9f-4b13-4fcf-9d17-088469233ee0",
    "data": [
      {
        "text": "what does the fox say",
        "userDefined": false
      }
    ],
    "isTemplate": false,
    "count": 0,
    "lang": "en",
    "updated": 0
  },
  {
    "id": "9de89eb3-0ba6-4a83-9459-3f1ed027168c",
    "data": [
      {
        "text": "what sound does a fox make",
        "userDefined": false
      }
    ],
    "isTemplate": false,
    "count": 1,
    "lang": "en",
    "updated": 0
  },
  {
    "id": "7d1aebfd-a7ef-4c2c-9239-ec37fb498b2a",
    "data": [
      {
        "text": "can you tell me what does the fox say",
        "userDefined": false
      }
    ],
    "isTemplate": false,
    "count": 0,
    "lang": "en",
    "updated": 0
  },
  {
    "id": "be2ee1c6-bed7-4a1e-8f13-c9e1abefed4c",
    "data": [
      {
        "text": "can you show me what does the ",
        "userDefined": false
      },
      {
        "text": "fox say",
        "meta": "@sys.ignore",
        "userDefined": false
      }
    ],
    "isTemplate": false,
    "count": 0,
    "lang": "en",
    "updated": 0
  }
]