[
  {
    "id": "49d5c8a9-cfe4-4550-9a8e-20b873aa1310",
    "data": [
      {
        "text": "hey there",
        "userDefined": false
      }
    ],
    "isTemplate": false,
    "count": 0,
    "updated": 0
  },
  {
    "id": "9140c012-dc94-43b5-9edb-2ec5d73531c9",
    "data": [
      {
        "text": "hey",
        "userDefined": false
      }
    ],
    "isTemplate": false,
    "count": 0,
    "updated": 0
  },
  {
    "id": "95b8edfa-e36f-453e-aacd-838b36430558",
    "data": [
      {
        "text": "hi",
        "userDefined": false
      }
    ],
    "isTemplate": false,
    "count": 0,
    "updated": 0
  },
  {
    "id": "11d1f6e2-b8eb-4426-9c58-ec3ba5bcb048",
    "data": [
      {
        "text": "hello",
        "meta": "@sys.ignore",
        "userDefined": false
      }
    ],
    "isTemplate": false,
    "count": 0,
    "updated": 0
  }
]