[
  {
    "id": "7e2de3e4-f25b-4ddb-ab5c-85feaa0ee5db",
    "data": [
      {
        "text": "I need support",
        "userDefined": false
      }
    ],
    "isTemplate": false,
    "count": 0,
    "updated": 0
  },
  {
    "id": "6848faf4-386a-4725-a6d5-f194cf44661d",
    "data": [
      {
        "text": "i need customer support",
        "userDefined": false
      }
    ],
    "isTemplate": false,
    "count": 0,
    "updated": 0
  },
  {
    "id": "c0a1c868-ec2d-4ca5-8cdf-3e3e01a27649",
    "data": [
      {
        "text": "help me",
        "userDefined": false
      }
    ],
    "isTemplate": false,
    "count": 0,
    "updated": 0
  },
  {
    "id": "e4bc9931-cc81-47d2-bd7c-7b667bb56678",
    "data": [
      {
        "text": "Please help me",
        "userDefined": false
      }
    ],
    "isTemplate": false,
    "count": 0,
    "updated": 0
  },
  {
    "id": "3621781c-ee4c-490d-9950-4ceccd7a35fd",
    "data": [
      {
        "text": "I need help",
        "userDefined": false
      }
    ],
    "isTemplate": false,
    "count": 0,
    "updated": 0
  }
]