{
  "id": "978663f9-081b-4a9e-87a0-a6a7f0ed460e",
  "name": "music",
  "isOverridable": true,
  "entries": [
    {
      "value": "electro",
      "synonyms": [
        "electro",
        "electro swing"
      ]
    },
    {
      "value": "chill",
      "synonyms": [
        "chill",
        "chillstep"
      ]
    },
    {
      "value": "classical",
      "synonyms": [
        "classical"
      ]
    },
    {
      "value": "retro",
      "synonyms": [
        "retro",
        "retro renegade"
      ]
    },
    {
      "value": "metal",
      "synonyms": [
        "metal"
      ]
    },
    {
      "value": "hiphop",
      "synonyms": [
        "hip-hop",
        "hiphop",
        "hop"
      ]
    },
    {
      "value": "rock",
      "synonyms": [
        "rock-n-roll",
        "rock"
      ]
    },
    {
      "value": "jazz",
      "synonyms": [
        "jazz"
      ]
    },
    {
      "value": "pop",
      "synonyms": [
        "pop"
      ]
    }
  ],
  "isEnum": false,
  "automatedExpansion": true
}