{
  "id": "e9aeb5ad-5061-4ef3-9eb2-6c7b0086c411",
  "name": "song",
  "isOverridable": true,
  "entries": [
    {
      "value": "History has Its eyes on you",
      "synonyms": [
        "History has Its eyes on you"
      ]
    },
    {
      "value": "Up In Flame by Icon for Hire",
      "synonyms": [
        "Up In Flame by Icon for Hire",
        "Up In Flame"
      ]
    },
    {
      "value": "It\u0027s a Sin by Hidden Citizens",
      "synonyms": [
        "It\u0027s a Sin by Hidden Citizens"
      ]
    },
    {
      "value": "Bad Men by Super Rock",
      "synonyms": [
        "Bad Men by Super Rock"
      ]
    },
    {
      "value": "I Just Died In Your Arms by Hidden Citizens",
      "synonyms": [
        "I Just Died In Your Arms by Hidden Citizens",
        "I Just Died In Your Arms"
      ]
    },
    {
      "value": "Jamie N Commons - Not Gonna Break Me",
      "synonyms": [
        "Jamie N Commons - Not Gonna Break Me",
        "Jamie N Commons",
        "Not Gonna Break Me"
      ]
    },
    {
      "value": "Sonic Samurai - Legendary",
      "synonyms": [
        "Sonic Samurai - Legendary",
        "Sonic Samurai"
      ]
    },
    {
      "value": "Dirty Palm - Fucked Up",
      "synonyms": [
        "Dirty Palm - Fucked Up",
        "Dirty Palm"
      ]
    },
    {
      "value": "Rag\u0027n\u0027Bone Man - Human",
      "synonyms": [
        "Rag\u0027n\u0027Bone Man - Human",
        "Rag\u0027nBone Man",
        "Human"
      ]
    },
    {
      "value": "Shakey Graves - Built to Roam",
      "synonyms": [
        "Shakey Graves - Built to Roam",
        "Shakey Graves",
        "Built to Roam"
      ]
    },
    {
      "value": "Hans Zimmer - Interstellar",
      "synonyms": [
        "Hans Zimmer - Interstellar",
        "Hans Zimmer"
      ]
    },
    {
      "value": "Woodkid - Run Boy Run",
      "synonyms": [
        "Woodkid - Run Boy Run",
        "Woodkid",
        "Run Boy Run"
      ]
    },
    {
      "value": "Rose \u0026 The Howling North \u0027Cuckoo\u0027",
      "synonyms": [
        "Rose \u0026 The Howling North \u0027Cuckoo\u0027",
        "Rose \u0026 The Howling North",
        "The Howling North",
        "Cuckoo"
      ]
    },
    {
      "value": "Ed Sheeran - Small Bump",
      "synonyms": [
        "Ed Sheeran - Small Bump",
        "Ed Sheeran"
      ]
    },
    {
      "value": "Blackbird",
      "synonyms": [
        "Blackbird"
      ]
    },
    {
      "value": "Youve Got A Friend In Me",
      "synonyms": [
        "Youve Got A Friend In Me"
      ]
    },
    {
      "value": "Good riddance Time of your life",
      "synonyms": [
        "Good riddance Time of your life"
      ]
    },
    {
      "value": "Jolene",
      "synonyms": [
        "Jolene"
      ]
    },
    {
      "value": "Boulevard of Broken Dreams",
      "synonyms": [
        "Boulevard of Broken Dreams"
      ]
    },
    {
      "value": "Im not the only one",
      "synonyms": [
        "Im not the only one"
      ]
    },
    {
      "value": "Say something",
      "synonyms": [
        "Say something"
      ]
    },
    {
      "value": "Castle on the hill",
      "synonyms": [
        "Castle on the hill"
      ]
    },
    {
      "value": "Love on the Brain",
      "synonyms": [
        "Love on the Brain"
      ]
    },
    {
      "value": "Starvin",
      "synonyms": [
        "Starvin"
      ]
    },
    {
      "value": "I wont give up",
      "synonyms": [
        "I wont give up"
      ]
    },
    {
      "value": "Love",
      "synonyms": [
        "Love"
      ]
    },
    {
      "value": "Shape of you",
      "synonyms": [
        "Shape of you"
      ]
    },
    {
      "value": "Chasing Cars",
      "synonyms": [
        "Chasing Cars"
      ]
    },
    {
      "value": "Hey Jude",
      "synonyms": [
        "Hey Jude"
      ]
    },
    {
      "value": "Imagine",
      "synonyms": [
        "Imagine"
      ]
    },
    {
      "value": "Hello",
      "synonyms": [
        "Hello"
      ]
    },
    {
      "value": "Redemption Song",
      "synonyms": [
        "Redemption Song"
      ]
    },
    {
      "value": "Lost Boy Acoustic",
      "synonyms": [
        "Lost Boy Acoustic"
      ]
    },
    {
      "value": "Make you feel my love",
      "synonyms": [
        "Make you feel my love"
      ]
    },
    {
      "value": "Closer",
      "synonyms": [
        "Closer"
      ]
    },
    {
      "value": "I dont wanna live forever",
      "synonyms": [
        "I dont wanna live forever"
      ]
    },
    {
      "value": "Wonderwall",
      "synonyms": [
        "Wonderwall"
      ]
    },
    {
      "value": "Shape of you",
      "synonyms": [
        "Shape of you"
      ]
    },
    {
      "value": "Nothing else matters",
      "synonyms": [
        "Nothing else matters"
      ]
    },
    {
      "value": "Someone like you",
      "synonyms": [
        "Someone like you"
      ]
    },
    {
      "value": "Something just like this",
      "synonyms": [
        "Something just like this"
      ]
    },
    {
      "value": "Wish you were here",
      "synonyms": [
        "Wish you were here"
      ]
    },
    {
      "value": "When I was your man",
      "synonyms": [
        "When I was your man"
      ]
    },
    {
      "value": "A thousand years",
      "synonyms": [
        "A thousand years"
      ]
    },
    {
      "value": "Stay with me",
      "synonyms": [
        "Stay with me"
      ]
    },
    {
      "value": "Let it go",
      "synonyms": [
        "Let it go"
      ]
    },
    {
      "value": "Dancing on my own",
      "synonyms": [
        "Dancing on my own"
      ]
    },
    {
      "value": "City of stars",
      "synonyms": [
        "City of stars"
      ]
    },
    {
      "value": "Treat you better",
      "synonyms": [
        "Treat you better"
      ]
    },
    {
      "value": "Versace on the floor",
      "synonyms": [
        "Versace on the floor"
      ]
    },
    {
      "value": "All I want",
      "synonyms": [
        "All I want"
      ]
    },
    {
      "value": "This Town",
      "synonyms": [
        "This Town"
      ]
    },
    {
      "value": "Fix you",
      "synonyms": [
        "Fix you"
      ]
    },
    {
      "value": "Hallelujah",
      "synonyms": [
        "Hallelujah"
      ]
    },
    {
      "value": "Mercy",
      "synonyms": [
        "Mercy"
      ]
    },
    {
      "value": "Sound of silence",
      "synonyms": [
        "Sound of silence"
      ]
    },
    {
      "value": "Let it be",
      "synonyms": [
        "Let it be"
      ]
    },
    {
      "value": "7 years",
      "synonyms": [
        "7 years"
      ]
    },
    {
      "value": "More than words",
      "synonyms": [
        "More than words"
      ]
    },
    {
      "value": "All I ask",
      "synonyms": [
        "All I ask"
      ]
    },
    {
      "value": "La La Land",
      "synonyms": [
        "La La Land"
      ]
    },
    {
      "value": "House of the rising sun",
      "synonyms": [
        "House of the rising sun"
      ]
    },
    {
      "value": "Skinny love",
      "synonyms": [
        "Skinny love"
      ]
    },
    {
      "value": "Rockabye",
      "synonyms": [
        "Rockabye"
      ]
    },
    {
      "value": "wonderwall",
      "synonyms": [
        "wonderwall"
      ]
    },
    {
      "value": "Human",
      "synonyms": [
        "Human"
      ]
    },
    {
      "value": "Yellow Acoustic",
      "synonyms": [
        "Yellow Acoustic"
      ]
    },
    {
      "value": "City of Stars",
      "synonyms": [
        "City of Stars"
      ]
    },
    {
      "value": "Hey there Delilah",
      "synonyms": [
        "Hey there Delilah"
      ]
    },
    {
      "value": "Hey Soul Sister",
      "synonyms": [
        "Hey Soul Sister"
      ]
    },
    {
      "value": "Heathens",
      "synonyms": [
        "Heathens"
      ]
    },
    {
      "value": "We dont talk anymore",
      "synonyms": [
        "We dont talk anymore"
      ]
    },
    {
      "value": "Halo",
      "synonyms": [
        "Halo"
      ]
    },
    {
      "value": "Faded",
      "synonyms": [
        "Faded"
      ]
    },
    {
      "value": "Radioactive",
      "synonyms": [
        "Radioactive"
      ]
    },
    {
      "value": "One Call Away",
      "synonyms": [
        "One Call Away"
      ]
    },
    {
      "value": "Counting Stars",
      "synonyms": [
        "Counting Stars"
      ]
    },
    {
      "value": "Dont look back in Anger",
      "synonyms": [
        "Dont look back in Anger"
      ]
    },
    {
      "value": "Iris",
      "synonyms": [
        "Iris"
      ]
    },
    {
      "value": "Stitches",
      "synonyms": [
        "Stitches"
      ]
    },
    {
      "value": "Sweet Child O Mine",
      "synonyms": [
        "Sweet Child O Mine"
      ]
    },
    {
      "value": "Somewhere Over the Rainbow",
      "synonyms": [
        "Somewhere Over the Rainbow"
      ]
    },
    {
      "value": "Under the bridge",
      "synonyms": [
        "Under the bridge"
      ]
    },
    {
      "value": "Sweater Weather",
      "synonyms": [
        "Sweater Weather"
      ]
    },
    {
      "value": "Wish you were here",
      "synonyms": [
        "Wish you were here"
      ]
    },
    {
      "value": "Shape of you",
      "synonyms": [
        "Shape of you"
      ]
    },
    {
      "value": "Say you wont let go",
      "synonyms": [
        "Say you wont let go"
      ]
    },
    {
      "value": "Cant help falling in love with you",
      "synonyms": [
        "Cant help falling in love with you"
      ]
    },
    {
      "value": "Shape of you",
      "synonyms": [
        "Shape of you"
      ]
    },
    {
      "value": "City of stars",
      "synonyms": [
        "City of stars"
      ]
    },
    {
      "value": "Castle on the hill",
      "synonyms": [
        "Castle on the hill"
      ]
    },
    {
      "value": "Versace on the floor",
      "synonyms": [
        "Versace on the floor"
      ]
    },
    {
      "value": "Hotel California",
      "synonyms": [
        "Hotel California"
      ]
    },
    {
      "value": "Riptide",
      "synonyms": [
        "Riptide"
      ]
    },
    {
      "value": "Im yours",
      "synonyms": [
        "Im yours"
      ]
    },
    {
      "value": "Stairway to heaven",
      "synonyms": [
        "Stairway to heaven"
      ]
    },
    {
      "value": "How far Illl go",
      "synonyms": [
        "How far Illl go"
      ]
    },
    {
      "value": "Let her go",
      "synonyms": [
        "Let her go"
      ]
    },
    {
      "value": "Love Yourself",
      "synonyms": [
        "Love Yourself"
      ]
    },
    {
      "value": "Photograph",
      "synonyms": [
        "Photograph"
      ]
    },
    {
      "value": "The A Team",
      "synonyms": [
        "The A Team"
      ]
    },
    {
      "value": "Thinking Out Loud",
      "synonyms": [
        "Thinking Out Loud"
      ]
    },
    {
      "value": "All of Me",
      "synonyms": [
        "All of Me"
      ]
    },
    {
      "value": "When I was young",
      "synonyms": [
        "When I was young"
      ]
    },
    {
      "value": "I see fire",
      "synonyms": [
        "I see fire"
      ]
    },
    {
      "value": "Creep",
      "synonyms": [
        "Creep"
      ]
    },
    {
      "value": "Million Reasons",
      "synonyms": [
        "Million Reasons"
      ]
    }
  ],
  "isEnum": false,
  "automatedExpansion": true
}