[
  {
    "id": "03b757f2-cb73-41b2-84fd-79ab1c92346f",
    "data": [
      {
        "text": "definition of ",
        "userDefined": false
      },
      {
        "text": "cluster headache",
        "alias": "headache_type",
        "meta": "@headache_type",
        "userDefined": false
      }
    ],
    "isTemplate": false,
    "count": 0,
    "updated": 0
  },
  {
    "id": "54f6379c-1d6a-407e-ad38-b02d118f4284",
    "data": [
      {
        "text": "what is the meaning of ",
        "userDefined": false
      },
      {
        "text": "cluster headache",
        "alias": "headache_type",
        "meta": "@headache_type",
        "userDefined": false
      }
    ],
    "isTemplate": false,
    "count": 0,
    "updated": 0
  },
  {
    "id": "c6e8218e-b8ac-4466-816f-1839a79e554e",
    "data": [
      {
        "text": "cluster headache",
        "alias": "headache_type",
        "meta": "@headache_type",
        "userDefined": false
      },
      {
        "text": " meaning",
        "userDefined": false
      }
    ],
    "isTemplate": false,
    "count": 0,
    "updated": 0
  },
  {
    "id": "a9caeaa4-cc3d-47b0-9784-849075c3761a",
    "data": [
      {
        "text": "cluster headache",
        "alias": "headache_type",
        "meta": "@headache_type",
        "userDefined": false
      }
    ],
    "isTemplate": false,
    "count": 0,
    "updated": 0
  },
  {
    "id": "153d3281-94a0-4b43-8e9a-d63145228a44",
    "data": [
      {
        "text": "what are the symptoms of ",
        "userDefined": false
      },
      {
        "text": "cluster headache",
        "alias": "headache_type",
        "meta": "@headache_type",
        "userDefined": false
      }
    ],
    "isTemplate": false,
    "count": 0,
    "updated": 0
  },
  {
    "id": "5e00f4de-fe02-4900-a15e-29ac812bd20a",
    "data": [
      {
        "text": "meaning of ",
        "userDefined": false
      },
      {
        "text": "cluster headache",
        "alias": "headache_type",
        "meta": "@headache_type",
        "userDefined": false
      }
    ],
    "isTemplate": false,
    "count": 0,
    "updated": 0
  },
  {
    "id": "8ae5a689-dc1a-4d51-9f29-ca06278019ea",
    "data": [
      {
        "text": "what does ",
        "userDefined": false
      },
      {
        "text": "cluster headache",
        "alias": "headache_type",
        "meta": "@headache_type",
        "userDefined": false
      },
      {
        "text": " means",
        "userDefined": false
      }
    ],
    "isTemplate": false,
    "count": 0,
    "updated": 0
  },
  {
    "id": "4a31f4fc-bacd-4ffc-8a8b-c4d9ba4d4d8d",
    "data": [
      {
        "text": "cluster headache",
        "alias": "headache_type",
        "meta": "@headache_type",
        "userDefined": false
      },
      {
        "text": " definition",
        "userDefined": false
      }
    ],
    "isTemplate": false,
    "count": 0,
    "updated": 0
  },
  {
    "id": "623ed412-489b-4eac-a88d-1ee99a89505e",
    "data": [
      {
        "text": "what is ",
        "userDefined": false
      },
      {
        "text": "cluster headache",
        "alias": "headache_type",
        "meta": "@headache_type",
        "userDefined": false
      }
    ],
    "isTemplate": false,
    "count": 0,
    "updated": 0
  }
]