[
  {
    "id": "49595dd1-9285-444a-bfbb-9917c765648c",
    "data": [
      {
        "text": "worst effects of fatigue",
        "userDefined": false
      }
    ],
    "isTemplate": false,
    "count": 0,
    "updated": 0
  },
  {
    "id": "cba9ed97-9218-441e-ad67-60b004a18023",
    "data": [
      {
        "text": "harsh effects of fatigue",
        "userDefined": false
      }
    ],
    "isTemplate": false,
    "count": 0,
    "updated": 0
  },
  {
    "id": "2da5b780-11ea-40a8-a118-fded3795d865",
    "data": [
      {
        "text": "bad effects of fatigue",
        "userDefined": false
      }
    ],
    "isTemplate": false,
    "count": 0,
    "updated": 0
  },
  {
    "id": "47e12555-d6b4-4cef-91dc-9c13e91f765d",
    "data": [
      {
        "text": "ill effects of fatigue",
        "userDefined": false
      }
    ],
    "isTemplate": false,
    "count": 0,
    "updated": 0
  },
  {
    "id": "053f0b6b-95ce-421c-a6ec-a298b5ac45c2",
    "data": [
      {
        "text": "consequences of fatigue",
        "userDefined": false
      }
    ],
    "isTemplate": false,
    "count": 0,
    "updated": 0
  },
  {
    "id": "2fcffb53-137c-43d2-b374-b77df4f8a714",
    "data": [
      {
        "text": "effects of fatigue",
        "userDefined": false
      }
    ],
    "isTemplate": false,
    "count": 0,
    "updated": 0
  },
  {
    "id": "08aa6ccc-dff6-41fb-b077-f9c7b3970274",
    "data": [
      {
        "text": "complications of fatigue",
        "userDefined": false
      }
    ],
    "isTemplate": false,
    "count": 0,
    "updated": 0
  },
  {
    "id": "79d3298a-723d-4a4e-9225-684d9c50b5cb",
    "data": [
      {
        "text": "what are problems in fatigue",
        "userDefined": false
      }
    ],
    "isTemplate": false,
    "count": 0,
    "updated": 0
  }
]