[
  {
    "id": "4424f2ad-654f-49ce-80d8-a90996ad1ffa",
    "data": [
      {
        "text": "what are tests for fatigue",
        "userDefined": false
      }
    ],
    "isTemplate": false,
    "count": 0,
    "updated": 0
  },
  {
    "id": "7b0e6d17-0756-465d-82a8-293064bccb37",
    "data": [
      {
        "text": "exam tests for fatigue",
        "userDefined": false
      }
    ],
    "isTemplate": false,
    "count": 0,
    "updated": 0
  },
  {
    "id": "11681c45-e2ea-4e95-90a9-03f3bf1c9575",
    "data": [
      {
        "text": "tests for fatigue",
        "userDefined": false
      }
    ],
    "isTemplate": false,
    "count": 0,
    "updated": 0
  },
  {
    "id": "7d6d32b4-fccf-4fae-b8fc-cfed3d52fce3",
    "data": [
      {
        "text": "how to diagnose fatigue",
        "userDefined": false
      }
    ],
    "isTemplate": false,
    "count": 0,
    "updated": 0
  },
  {
    "id": "339dfc0e-bf4a-40fe-a039-4c65dbb28e6a",
    "data": [
      {
        "text": "What are diagnosis  of fatigue",
        "userDefined": false
      }
    ],
    "isTemplate": false,
    "count": 0,
    "updated": 0
  }
]