[
  {
    "id": "b23d9a9f-7d20-4af9-8b7e-9158dd718721",
    "data": [
      {
        "text": "give some reasons for fatigue",
        "userDefined": false
      }
    ],
    "isTemplate": false,
    "count": 0,
    "updated": 0
  },
  {
    "id": "30ccc11d-636a-4fa7-921b-eb206fba1410",
    "data": [
      {
        "text": "causes of fatigue",
        "userDefined": false
      }
    ],
    "isTemplate": false,
    "count": 0,
    "updated": 0
  },
  {
    "id": "89553b77-8cc3-48d9-889f-913c1bf58c8e",
    "data": [
      {
        "text": "what are the reasons for fatigue",
        "userDefined": false
      }
    ],
    "isTemplate": false,
    "count": 0,
    "updated": 0
  }
]