[
  {
    "id": "fa7428fd-8f68-410f-9539-83e5bc101d5d",
    "data": [
      {
        "text": "how to cure fatigue",
        "userDefined": false
      }
    ],
    "isTemplate": false,
    "count": 0,
    "updated": 0
  },
  {
    "id": "ff222aca-757e-4eed-b0d0-b5b1f0f07990",
    "data": [
      {
        "text": "treatments for fatigue",
        "userDefined": false
      }
    ],
    "isTemplate": false,
    "count": 0,
    "updated": 0
  },
  {
    "id": "2abafd14-4046-476a-8f40-d4e889a59ac0",
    "data": [
      {
        "text": "I have fatigue",
        "userDefined": false
      }
    ],
    "isTemplate": false,
    "count": 0,
    "updated": 0
  },
  {
    "id": "80cd4bf3-3487-44f0-8f53-c58e239fb02e",
    "data": [
      {
        "text": "how to treat fatigue",
        "userDefined": false
      }
    ],
    "isTemplate": false,
    "count": 1,
    "updated": 0
  }
]