[
  {
    "id": "1d9eeaeb-e5ec-4f3b-be07-9ed726b6bdb0",
    "data": [
      {
        "text": "How to prevent gestational diabetes",
        "userDefined": false
      }
    ],
    "isTemplate": false,
    "count": 0,
    "updated": 0
  },
  {
    "id": "738a8327-cb6e-4d91-9cda-9eab9d2b209c",
    "data": [
      {
        "text": "how to avoid gestational diabetes",
        "userDefined": false
      }
    ],
    "isTemplate": false,
    "count": 0,
    "updated": 0
  },
  {
    "id": "6407d152-2c3f-491e-8dfc-a217a1410934",
    "data": [
      {
        "text": "preventions of gestational diabetes",
        "userDefined": false
      }
    ],
    "isTemplate": false,
    "count": 0,
    "updated": 0
  },
  {
    "id": "908605be-b60a-48b4-87a7-ed6a0435459a",
    "data": [
      {
        "text": "avoidances of gestational diabetes",
        "userDefined": false
      }
    ],
    "isTemplate": false,
    "count": 0,
    "updated": 0
  }
]