[
  {
    "id": "4932f2cf-ec08-4e2d-9014-1718e6846f1b",
    "data": [
      {
        "text": "worst effects of ",
        "userDefined": false
      },
      {
        "text": "gestational",
        "alias": "type_diabetes",
        "meta": "@type_diabetes",
        "userDefined": false
      },
      {
        "text": " diabetes",
        "userDefined": false
      }
    ],
    "isTemplate": false,
    "count": 0,
    "updated": 0
  },
  {
    "id": "3cac8ac3-5d4c-4674-9221-951fab7b9cd8",
    "data": [
      {
        "text": "consequences of ",
        "userDefined": false
      },
      {
        "text": "gestational",
        "alias": "type_diabetes",
        "meta": "@type_diabetes",
        "userDefined": false
      },
      {
        "text": " diabetes",
        "userDefined": false
      }
    ],
    "isTemplate": false,
    "count": 0,
    "updated": 0
  },
  {
    "id": "f199aa93-19b2-43c7-b60a-d95237badd71",
    "data": [
      {
        "text": "bad effects of ",
        "userDefined": false
      },
      {
        "text": "gestational",
        "alias": "type_diabetes",
        "meta": "@type_diabetes",
        "userDefined": false
      },
      {
        "text": " diabetes",
        "userDefined": false
      }
    ],
    "isTemplate": false,
    "count": 0,
    "updated": 0
  },
  {
    "id": "05d60eda-ab92-4b74-bfa2-d19b33c350ae",
    "data": [
      {
        "text": "ill effects of ",
        "userDefined": false
      },
      {
        "text": "gestational",
        "alias": "type_diabetes",
        "meta": "@type_diabetes",
        "userDefined": false
      },
      {
        "text": " diabetes",
        "userDefined": false
      }
    ],
    "isTemplate": false,
    "count": 0,
    "updated": 0
  },
  {
    "id": "642f9bf5-be1c-492b-b126-89ff8cff46f5",
    "data": [
      {
        "text": "harsh effects of ",
        "userDefined": false
      },
      {
        "text": "gestational",
        "alias": "type_diabetes",
        "meta": "@type_diabetes",
        "userDefined": false
      },
      {
        "text": " diabetes",
        "userDefined": false
      }
    ],
    "isTemplate": false,
    "count": 0,
    "updated": 0
  },
  {
    "id": "6d44f4d1-6784-4987-ab0d-b1cd4f6cf945",
    "data": [
      {
        "text": "complications of ",
        "userDefined": false
      },
      {
        "text": "gestational",
        "alias": "type_diabetes",
        "meta": "@type_diabetes",
        "userDefined": false
      },
      {
        "text": " diabetes",
        "userDefined": false
      }
    ],
    "isTemplate": false,
    "count": 0,
    "updated": 0
  }
]