[
  {
    "id": "7f37fe12-990a-455b-b94d-e2b35cc3fb71",
    "data": [
      {
        "text": "Disease type of gingivitis",
        "userDefined": false
      }
    ],
    "isTemplate": false,
    "count": 0,
    "updated": 0
  },
  {
    "id": "4df8f750-2ca1-4183-b36d-edb1de210eb6",
    "data": [
      {
        "text": "Types of gingivitis disease",
        "userDefined": false
      }
    ],
    "isTemplate": false,
    "count": 0,
    "updated": 0
  },
  {
    "id": "2e7d3eb6-d3a5-45b4-b0cc-d44a0975b702",
    "data": [
      {
        "text": "Type of gingivitis",
        "userDefined": false
      }
    ],
    "isTemplate": false,
    "count": 0,
    "updated": 0
  },
  {
    "id": "72d79464-69c4-448b-83ee-ff7d07ff8c2a",
    "data": [
      {
        "text": "any type of gingivitis",
        "userDefined": false
      }
    ],
    "isTemplate": false,
    "count": 0,
    "updated": 0
  },
  {
    "id": "5452d8f4-3735-4263-8744-d62a121b14d1",
    "data": [
      {
        "text": "gingivitis types",
        "userDefined": false
      }
    ],
    "isTemplate": false,
    "count": 0,
    "updated": 0
  },
  {
    "id": "3bd90879-0139-4484-b08a-cf55c8959255",
    "data": [
      {
        "text": "Is there any type of gingivitisgingivitis",
        "userDefined": false
      }
    ],
    "isTemplate": false,
    "count": 0,
    "updated": 0
  }
]