[
  {
    "id": "ad66f6d0-439b-483c-a2aa-db460e2e218c",
    "data": [
      {
        "text": "do i have gingivitis?",
        "userDefined": false
      }
    ],
    "isTemplate": false,
    "count": 0,
    "updated": 0
  },
  {
    "id": "90843d58-3e1e-4d92-a973-c9175cce8e54",
    "data": [
      {
        "text": "How do I know if I have gum disease",
        "userDefined": false
      }
    ],
    "isTemplate": false,
    "count": 0,
    "updated": 0
  },
  {
    "id": "ee55a2b5-de37-45be-b1ed-ddcf5eb1935c",
    "data": [
      {
        "text": "How do i know if I have gingivitis?",
        "userDefined": false
      }
    ],
    "isTemplate": false,
    "count": 0,
    "updated": 0
  },
  {
    "id": "d756739c-655a-41ab-a19c-9d2e23083c0c",
    "data": [
      {
        "text": "symptoms of gum disease",
        "userDefined": false
      }
    ],
    "isTemplate": false,
    "count": 0,
    "updated": 0
  },
  {
    "id": "fe13119f-b4d2-4dbf-a4eb-d517e87c2b5d",
    "data": [
      {
        "text": "gingivitis symptoms",
        "userDefined": false
      }
    ],
    "isTemplate": false,
    "count": 0,
    "updated": 0
  },
  {
    "id": "8add10a7-b4ea-450e-9261-b4f0ff10fbe4",
    "data": [
      {
        "text": "symptoms for gingivitis",
        "userDefined": false
      }
    ],
    "isTemplate": false,
    "count": 0,
    "updated": 0
  },
  {
    "id": "eb41a381-2152-4175-993d-d56f3e7776f8",
    "data": [
      {
        "text": "Some Common symptoms for Gingivitis?",
        "userDefined": false
      }
    ],
    "isTemplate": false,
    "count": 0,
    "updated": 0
  }
]