[
  {
    "id": "fa6ffb63-1738-441f-a1f2-19b30a646f48",
    "data": [
      {
        "text": "are gum diseases contagious",
        "userDefined": false
      }
    ],
    "isTemplate": false,
    "count": 0,
    "updated": 0
  },
  {
    "id": "1222456d-1e2b-4ee5-9ec7-d9681c5c9d49",
    "data": [
      {
        "text": "gum disease contagious",
        "userDefined": false
      }
    ],
    "isTemplate": false,
    "count": 0,
    "updated": 0
  },
  {
    "id": "914942f1-89f2-4d5f-bc8c-5919babea486",
    "data": [
      {
        "text": "gingivitis contagious",
        "userDefined": false
      }
    ],
    "isTemplate": false,
    "count": 0,
    "updated": 0
  },
  {
    "id": "4d5c0325-7da6-4da3-b573-dad70fe32d9a",
    "data": [
      {
        "text": "can I get gingivitis from a person infected",
        "userDefined": false
      }
    ],
    "isTemplate": false,
    "count": 0,
    "updated": 0
  },
  {
    "id": "3af2f83f-4139-4f02-b937-3655c5ca058e",
    "data": [
      {
        "text": "can gingivitis spread from person to person",
        "userDefined": false
      }
    ],
    "isTemplate": false,
    "count": 0,
    "updated": 0
  },
  {
    "id": "f32538eb-5a9d-4d44-891d-5a9015ea1f6c",
    "data": [
      {
        "text": "is gingivitis contagious",
        "userDefined": false
      }
    ],
    "isTemplate": false,
    "count": 0,
    "updated": 0
  }
]