[
  {
    "id": "b6971401-fe3b-42e1-bb36-cfeb93d2dc4b",
    "data": [
      {
        "text": " Health Problems Are Associated With High Blood Pressure?",
        "userDefined": false
      }
    ],
    "isTemplate": false,
    "count": 0,
    "updated": 0
  },
  {
    "id": "1cf238e4-a274-41b8-976e-24bda567b1d8",
    "data": [
      {
        "text": " Health Problems Associated With High BP?",
        "userDefined": false
      }
    ],
    "isTemplate": false,
    "count": 0,
    "updated": 0
  },
  {
    "id": "0895f0bf-c647-49f3-ab38-7b844f046a7e",
    "data": [
      {
        "text": "What Health Problems Are Associated With High Blood Pressure?",
        "userDefined": false
      }
    ],
    "isTemplate": false,
    "count": 1,
    "updated": 0
  }
]