[
  {
    "id": "d5dcffc3-41d1-416e-98f3-22ae45af2136",
    "data": [
      {
        "text": "is there a cure for high bloodpressure?",
        "userDefined": false
      }
    ],
    "isTemplate": false,
    "count": 0,
    "updated": 0
  },
  {
    "id": "7ed9b2a6-8a9b-4ccb-b739-14e3f534b2b3",
    "data": [
      {
        "text": "is there a cure for high blood pressure?",
        "userDefined": false
      }
    ],
    "isTemplate": false,
    "count": 0,
    "updated": 0
  },
  {
    "id": "fe19bcd6-6293-4b58-b47d-f4cca677c4d4",
    "data": [
      {
        "text": "is there a cure for hypertension",
        "userDefined": false
      }
    ],
    "isTemplate": false,
    "count": 0,
    "updated": 0
  },
  {
    "id": "817de09b-aada-4aa0-b9b5-33df6a7e2400",
    "data": [
      {
        "text": "is high blood pressure curable?",
        "userDefined": false
      }
    ],
    "isTemplate": false,
    "count": 0,
    "updated": 0
  },
  {
    "id": "779f3303-7a7c-48e5-921c-3d1cf51bf416",
    "data": [
      {
        "text": "high bp curable",
        "userDefined": false
      }
    ],
    "isTemplate": false,
    "count": 0,
    "updated": 0
  },
  {
    "id": "895e7ca1-aa14-464d-b678-018604d9df96",
    "data": [
      {
        "text": "Is hypertension curable?",
        "userDefined": false
      }
    ],
    "isTemplate": false,
    "count": 0,
    "updated": 0
  }
]