[
  {
    "id": "35434682-3e91-41d9-ad54-33622487bff1",
    "data": [
      {
        "text": "i am having high blood pressure.",
        "userDefined": false
      }
    ],
    "isTemplate": false,
    "count": 0,
    "updated": 0
  },
  {
    "id": "b007bf90-2192-4c45-a1dd-7a5ef00f01a6",
    "data": [
      {
        "text": "how do I get to know if I have high bp",
        "userDefined": false
      }
    ],
    "isTemplate": false,
    "count": 0,
    "updated": 0
  },
  {
    "id": "f20cc0a6-2365-48b1-a93b-23d7982ea611",
    "data": [
      {
        "text": "do i have high bp?",
        "userDefined": false
      }
    ],
    "isTemplate": false,
    "count": 0,
    "updated": 0
  },
  {
    "id": "ab5d6095-f6c2-4858-addc-3a942addd6b4",
    "data": [
      {
        "text": "high blood pressure symptoms",
        "userDefined": false
      }
    ],
    "isTemplate": false,
    "count": 0,
    "updated": 0
  },
  {
    "id": "f58e7888-c2b2-4d9b-8e09-4d4dbb7ba4e4",
    "data": [
      {
        "text": "hypertension symptoms",
        "userDefined": false
      }
    ],
    "isTemplate": false,
    "count": 0,
    "updated": 0
  },
  {
    "id": "e1ac5e51-faea-4287-94d2-8f3c00e74d8b",
    "data": [
      {
        "text": "high bp symptoms",
        "userDefined": false
      }
    ],
    "isTemplate": false,
    "count": 0,
    "updated": 0
  },
  {
    "id": "b04fa0b3-fc43-4d06-96f8-bf2eccb223d3",
    "data": [
      {
        "text": "how do I know that I have high blood pressure?",
        "userDefined": false
      }
    ],
    "isTemplate": false,
    "count": 0,
    "updated": 0
  },
  {
    "id": "6a4adb43-a051-4e7b-a711-6e2c401161fa",
    "data": [
      {
        "text": "how do I know that I have high blood-pressure?",
        "userDefined": false
      }
    ],
    "isTemplate": false,
    "count": 0,
    "updated": 0
  },
  {
    "id": "2b03136c-1fc2-4138-85d1-27882f1ce5c5",
    "data": [
      {
        "text": "how do I know that I have high bp?",
        "userDefined": false
      }
    ],
    "isTemplate": false,
    "count": 0,
    "updated": 0
  }
]