[
  {
    "id": "12c23a5d-4290-4d82-b8d1-4c0839b0388e",
    "data": [
      {
        "text": "My head hurts",
        "userDefined": false
      }
    ],
    "isTemplate": false,
    "count": 0,
    "updated": 0
  },
  {
    "id": "a66691eb-c57a-4eb5-b2b4-61143844d17c",
    "data": [
      {
        "text": "something to do to cure a headache?",
        "userDefined": false
      }
    ],
    "isTemplate": false,
    "count": 0,
    "updated": 0
  },
  {
    "id": "f60f9395-3d2e-4d1d-a9cf-7cea049529c4",
    "data": [
      {
        "text": " tell me something to do to overcome a headache?",
        "userDefined": false
      }
    ],
    "isTemplate": false,
    "count": 0,
    "updated": 0
  },
  {
    "id": "b3642ef5-4905-4f72-8692-9648543db617",
    "data": [
      {
        "text": "treatment for a headache?",
        "userDefined": false
      }
    ],
    "isTemplate": false,
    "count": 0,
    "updated": 0
  },
  {
    "id": "e427d518-53bf-4841-89c8-cabe18397ba6",
    "data": [
      {
        "text": "what to do to cure my headache?",
        "userDefined": false
      }
    ],
    "isTemplate": false,
    "count": 0,
    "updated": 0
  },
  {
    "id": "9bc02f3a-c1cb-4a91-b78b-d8392bda16ab",
    "data": [
      {
        "text": "  How do I treat my head pain?",
        "userDefined": false
      }
    ],
    "isTemplate": false,
    "count": 0,
    "updated": 0
  },
  {
    "id": "46d7277c-2528-47b6-b829-65941e382637",
    "data": [
      {
        "text": " What to do when head is paining?",
        "userDefined": false
      }
    ],
    "isTemplate": false,
    "count": 0,
    "updated": 0
  },
  {
    "id": "c5abcf4b-d1f1-4a92-8a26-ee8e31aac383",
    "data": [
      {
        "text": "  Symptoms of headache?",
        "userDefined": false
      }
    ],
    "isTemplate": false,
    "count": 0,
    "updated": 0
  },
  {
    "id": "8cacc869-ac56-496d-8bdf-336ef4d7c632",
    "data": [
      {
        "text": "  how to treat headache?",
        "userDefined": false
      }
    ],
    "isTemplate": false,
    "count": 0,
    "updated": 0
  },
  {
    "id": "2615941f-ad59-4d16-8d6c-d9433beed903",
    "data": [
      {
        "text": "Why is my head paining?",
        "userDefined": false
      }
    ],
    "isTemplate": false,
    "count": 0,
    "updated": 0
  },
  {
    "id": "6662465e-9f7b-40cf-999c-d1542bb39ed6",
    "data": [
      {
        "text": "What are the Symptoms of Headache?",
        "userDefined": false
      }
    ],
    "isTemplate": false,
    "count": 0,
    "updated": 0
  },
  {
    "id": "5819d53d-eefc-4d6e-abe8-a88105e1c191",
    "data": [
      {
        "text": "  Pain in my head what to do?",
        "userDefined": false
      }
    ],
    "isTemplate": false,
    "count": 0,
    "updated": 0
  },
  {
    "id": "4bbfb87c-cb29-4fb7-8846-c0758e1b12cb",
    "data": [
      {
        "text": "  Pain in my head ?",
        "userDefined": false
      }
    ],
    "isTemplate": false,
    "count": 0,
    "updated": 0
  },
  {
    "id": "8ca3fd02-c060-4518-b67e-667dd28422b0",
    "data": [
      {
        "text": " My head pains",
        "userDefined": false
      }
    ],
    "isTemplate": false,
    "count": 0,
    "updated": 0
  },
  {
    "id": "3ab764c8-2945-4619-b8ba-f0ae888ac0e3",
    "data": [
      {
        "text": " My head is paining?",
        "userDefined": false
      }
    ],
    "isTemplate": false,
    "count": 0,
    "updated": 0
  },
  {
    "id": "2c6d6985-5d4e-47a7-9f1b-9c1556ecae65",
    "data": [
      {
        "text": "  My head is paining what should i do?",
        "userDefined": false
      }
    ],
    "isTemplate": false,
    "count": 0,
    "updated": 0
  },
  {
    "id": "8bf37275-25a7-472a-898d-cc0e2b27867f",
    "data": [
      {
        "text": "  what caused me Headcahe?",
        "userDefined": false
      }
    ],
    "isTemplate": false,
    "count": 0,
    "updated": 0
  },
  {
    "id": "36c0b7ac-e10f-4626-810d-a07123fece07",
    "data": [
      {
        "text": " What is the reason for headache?",
        "userDefined": false
      }
    ],
    "isTemplate": false,
    "count": 0,
    "updated": 0
  },
  {
    "id": "74deb816-a705-4a7c-aef8-82d7d45c4231",
    "data": [
      {
        "text": "Why am i having headache?",
        "userDefined": false
      }
    ],
    "isTemplate": false,
    "count": 0,
    "updated": 0
  },
  {
    "id": "02568d72-05d4-453d-b15a-e4e571750ca2",
    "data": [
      {
        "text": " I have headache what should i do?",
        "userDefined": false
      }
    ],
    "isTemplate": false,
    "count": 0,
    "updated": 0
  },
  {
    "id": "508675f2-a1fa-4137-80fe-5c53b432f674",
    "data": [
      {
        "text": " I have headache?",
        "userDefined": false
      }
    ],
    "isTemplate": false,
    "count": 0,
    "updated": 0
  }
]