[
  {
    "id": "932c6448-1fe1-4615-9794-132c3f43978e",
    "data": [
      {
        "text": "tips for healthy lifestyle",
        "userDefined": false
      }
    ],
    "isTemplate": false,
    "count": 0,
    "updated": 0
  },
  {
    "id": "083278a3-54c3-451e-8925-b8a4dd1ef18e",
    "data": [
      {
        "text": "what to do to stay healthy",
        "userDefined": false
      }
    ],
    "isTemplate": false,
    "count": 0,
    "updated": 0
  },
  {
    "id": "1d6b4ed4-278c-4875-a6f4-ea73ff19db08",
    "data": [
      {
        "text": "hoe to maintain good lifestyle",
        "userDefined": false
      }
    ],
    "isTemplate": false,
    "count": 0,
    "updated": 0
  },
  {
    "id": "f1cde40b-d131-45c7-9d15-4e5a8fcb8bbb",
    "data": [
      {
        "text": "what things to consider for a healthy lifestyle",
        "userDefined": false
      }
    ],
    "isTemplate": false,
    "count": 0,
    "updated": 0
  },
  {
    "id": "ce7c4016-00f8-445f-9726-f442bd823810",
    "data": [
      {
        "text": "what are the things one should do to achieve a healthy life",
        "userDefined": false
      }
    ],
    "isTemplate": false,
    "count": 0,
    "updated": 0
  },
  {
    "id": "0945def4-6a31-4c51-bc6e-a0e1c35334be",
    "data": [
      {
        "text": "things to do to achieve good health",
        "userDefined": false
      }
    ],
    "isTemplate": false,
    "count": 0,
    "updated": 0
  },
  {
    "id": "3367d0c2-e43c-4816-abf8-e789ed462f57",
    "data": [
      {
        "text": "things to do to achieve good lifestyle",
        "userDefined": false
      }
    ],
    "isTemplate": false,
    "count": 0,
    "updated": 0
  },
  {
    "id": "507da588-abed-4b0d-a029-22c29683fa8f",
    "data": [
      {
        "text": "healthy lifestyle",
        "userDefined": false
      }
    ],
    "isTemplate": false,
    "count": 0,
    "updated": 0
  },
  {
    "id": "8ab1c667-989b-4f39-9a21-c43e428ff231",
    "data": [
      {
        "text": "how to make lifestyle healthy",
        "userDefined": false
      }
    ],
    "isTemplate": false,
    "count": 0,
    "updated": 0
  },
  {
    "id": "ef4a0486-df67-40ee-8991-ea405437f892",
    "data": [
      {
        "text": "how to achieve a healthy lifestyle",
        "userDefined": false
      }
    ],
    "isTemplate": false,
    "count": 0,
    "updated": 0
  },
  {
    "id": "b609d736-7b6f-4aff-ab72-d91adf2f541d",
    "data": [
      {
        "text": "what to do for a healthy lifestyle",
        "userDefined": false
      }
    ],
    "isTemplate": false,
    "count": 0,
    "updated": 0
  }
]