[
  {
    "id": "132f5ff2-a814-4e00-bc52-e92f5b1208db",
    "data": [
      {
        "text": "high bp hypertension",
        "userDefined": false
      }
    ],
    "isTemplate": false,
    "count": 0,
    "updated": 0
  },
  {
    "id": "37976d44-9a1e-40a5-9ddf-dc79879d49ab",
    "data": [
      {
        "text": "difference between high blood pressure and hypertension",
        "userDefined": false
      }
    ],
    "isTemplate": false,
    "count": 0,
    "updated": 0
  },
  {
    "id": "51827e19-0f0a-459f-830b-8980b402e982",
    "data": [
      {
        "text": "high blood pressure and hypertension",
        "userDefined": false
      }
    ],
    "isTemplate": false,
    "count": 0,
    "updated": 0
  },
  {
    "id": "15fbf05c-a40a-4829-989b-e7e5240631b2",
    "data": [
      {
        "text": "Are high blood pressure and hypertension same?",
        "userDefined": false
      }
    ],
    "isTemplate": false,
    "count": 0,
    "updated": 0
  },
  {
    "id": "e8cef00c-226d-455f-a569-e8a00d7a209a",
    "data": [
      {
        "text": "Are high BP and Hypertension the same?",
        "userDefined": false
      }
    ],
    "isTemplate": false,
    "count": 0,
    "updated": 0
  }
]