[
  {
    "id": "65121dc5-dcab-4476-860b-1838a811b60c",
    "data": [
      {
        "text": "exam tests for obesity",
        "userDefined": false
      }
    ],
    "isTemplate": false,
    "count": 0,
    "updated": 0
  },
  {
    "id": "713dda2a-f1c2-4648-8fdb-aa49f04b24b7",
    "data": [
      {
        "text": "how to diagnose  obesity",
        "userDefined": false
      }
    ],
    "isTemplate": false,
    "count": 0,
    "updated": 0
  },
  {
    "id": "f5cdfced-5cff-4728-9819-40a67225f6b9",
    "data": [
      {
        "text": "diagnosis of obesity",
        "userDefined": false
      }
    ],
    "isTemplate": false,
    "count": 0,
    "updated": 0
  },
  {
    "id": "6a71c04d-a952-4c62-9892-7ea7d110b3b7",
    "data": [
      {
        "text": "Tests for obesity",
        "userDefined": false
      }
    ],
    "isTemplate": false,
    "count": 0,
    "updated": 0
  }
]