[
  {
    "id": "7981cda6-915d-4973-b133-367a77310673",
    "data": [
      {
        "text": "avoidances of obesity",
        "userDefined": false
      }
    ],
    "isTemplate": false,
    "count": 0,
    "updated": 0
  },
  {
    "id": "10078d3c-4714-4e88-890d-98b28f100b51",
    "data": [
      {
        "text": "How to avoid obesity",
        "userDefined": false
      }
    ],
    "isTemplate": false,
    "count": 0,
    "updated": 0
  },
  {
    "id": "15e48bba-06af-4af9-9ff0-245517c42b3b",
    "data": [
      {
        "text": "Preventions of obesity",
        "userDefined": false
      }
    ],
    "isTemplate": false,
    "count": 0,
    "updated": 0
  },
  {
    "id": "cdbdf49f-d86a-477a-8544-25975d8ca68c",
    "data": [
      {
        "text": "How to prevent obesity",
        "userDefined": false
      }
    ],
    "isTemplate": false,
    "count": 0,
    "updated": 0
  }
]