[
  {
    "id": "0e4939da-a667-4bc6-b625-5a1431897d4d",
    "data": [
      {
        "text": "what are signs for obesity",
        "userDefined": false
      }
    ],
    "isTemplate": false,
    "count": 0,
    "updated": 0
  },
  {
    "id": "418537be-d958-4066-8e0c-93ca616ce8ef",
    "data": [
      {
        "text": "show signs for obesity",
        "userDefined": false
      }
    ],
    "isTemplate": false,
    "count": 0,
    "updated": 0
  },
  {
    "id": "487e86e7-7fa6-4630-97b1-073ebcd340be",
    "data": [
      {
        "text": "give signs for obesity",
        "userDefined": false
      }
    ],
    "isTemplate": false,
    "count": 0,
    "updated": 0
  },
  {
    "id": "b5fabe24-b80d-4ba1-9a8d-5db7c1c53848",
    "data": [
      {
        "text": "give some symptoms of obesity",
        "userDefined": false
      }
    ],
    "isTemplate": false,
    "count": 0,
    "updated": 0
  },
  {
    "id": "c3962f2f-7dcc-4c09-840f-02a20df44eb1",
    "data": [
      {
        "text": "mention symptoms of obesity",
        "userDefined": false
      }
    ],
    "isTemplate": false,
    "count": 0,
    "updated": 0
  },
  {
    "id": "912dfb20-1ab2-4401-9ca6-17ed5c538ede",
    "data": [
      {
        "text": "Obesity symptoms",
        "userDefined": false
      }
    ],
    "isTemplate": false,
    "count": 0,
    "updated": 0
  },
  {
    "id": "16b11b49-c88b-49e1-ad8f-5d1869088a76",
    "data": [
      {
        "text": "symptoms of obesity?",
        "userDefined": false
      }
    ],
    "isTemplate": false,
    "count": 0,
    "updated": 0
  },
  {
    "id": "1993f39b-8692-494f-904f-c33e309a749d",
    "data": [
      {
        "text": "What are symptoms of obesity?",
        "userDefined": false
      }
    ],
    "isTemplate": false,
    "count": 0,
    "updated": 0
  }
]