[
  {
    "id": "103a0526-4789-48a3-9478-f74a6a5e9c53",
    "data": [
      {
        "text": "complexity of obesity",
        "userDefined": false
      }
    ],
    "isTemplate": false,
    "count": 0,
    "updated": 0
  },
  {
    "id": "e7be9e32-51b6-4e0c-8405-9583e8ed8a4b",
    "data": [
      {
        "text": "effects of obesity",
        "userDefined": false
      }
    ],
    "isTemplate": false,
    "count": 0,
    "updated": 0
  },
  {
    "id": "2e3808ed-a38a-4169-8cda-fa1fbe81a0fa",
    "data": [
      {
        "text": "consequences of obesity",
        "userDefined": false
      }
    ],
    "isTemplate": false,
    "count": 0,
    "updated": 0
  },
  {
    "id": "c1759f1a-aa2a-4432-812c-1c773ac2be70",
    "data": [
      {
        "text": "worst effects of obesity",
        "userDefined": false
      }
    ],
    "isTemplate": false,
    "count": 0,
    "updated": 0
  },
  {
    "id": "17eb7246-29a4-462e-9041-718042854637",
    "data": [
      {
        "text": "bad effects of obesity",
        "userDefined": false
      }
    ],
    "isTemplate": false,
    "count": 0,
    "updated": 0
  },
  {
    "id": "fba35b04-4df4-46eb-9ce5-3598f453977e",
    "data": [
      {
        "text": "ill effects of obesity",
        "userDefined": false
      }
    ],
    "isTemplate": false,
    "count": 0,
    "updated": 0
  },
  {
    "id": "539d4b0b-facd-45f0-b31d-a56dd42bffeb",
    "data": [
      {
        "text": "complications of obesity",
        "userDefined": false
      }
    ],
    "isTemplate": false,
    "count": 0,
    "updated": 0
  }
]