[
  {
    "id": "45069a3e-1970-4982-b108-7c0e3c3017a8",
    "data": [
      {
        "text": "Reasons for obesity",
        "userDefined": false
      }
    ],
    "isTemplate": false,
    "count": 0,
    "updated": 0
  },
  {
    "id": "7b591ee3-5567-4f50-ab04-c0c1e5604995",
    "data": [
      {
        "text": "what cause obesity",
        "userDefined": false
      }
    ],
    "isTemplate": false,
    "count": 0,
    "updated": 0
  },
  {
    "id": "70373697-ed9d-462c-a4e7-aa8980a5cf61",
    "data": [
      {
        "text": "mention causes of obesity",
        "userDefined": false
      }
    ],
    "isTemplate": false,
    "count": 0,
    "updated": 0
  },
  {
    "id": "487d1fab-6a8e-4a00-b0a7-3a79576f59b1",
    "data": [
      {
        "text": "give me causes of obesity",
        "userDefined": false
      }
    ],
    "isTemplate": false,
    "count": 0,
    "updated": 0
  },
  {
    "id": "cdc5715d-1fcf-4406-a6e9-2cb2f8e61a25",
    "data": [
      {
        "text": "What are the causes of obesity",
        "userDefined": false
      }
    ],
    "isTemplate": false,
    "count": 0,
    "updated": 0
  }
]