[
  {
    "id": "4d6e32d0-9212-473b-98fe-4651e32086e6",
    "data": [
      {
        "text": "Can you tell me how to prevent diabetes",
        "userDefined": false
      }
    ],
    "isTemplate": false,
    "count": 1,
    "updated": 0
  },
  {
    "id": "370d6bde-833b-4f67-a9f1-91c85a1693b2",
    "data": [
      {
        "text": "How one can prevent diabetes",
        "userDefined": false
      }
    ],
    "isTemplate": false,
    "count": 0,
    "updated": 0
  },
  {
    "id": "8813f17a-3e81-4f9c-8e8e-dae3ee5bfb3a",
    "data": [
      {
        "text": "How diabetes can be preventes",
        "userDefined": false
      }
    ],
    "isTemplate": false,
    "count": 0,
    "updated": 0
  },
  {
    "id": "8751691c-3be2-4088-a538-671392714f55",
    "data": [
      {
        "text": "How can I prevent Diabetes",
        "userDefined": false
      }
    ],
    "isTemplate": false,
    "count": 0,
    "updated": 0
  },
  {
    "id": "605e3a6c-19df-42f4-b3c8-486d7fb2c7c3",
    "data": [
      {
        "text": "how to prevent diabetes",
        "userDefined": false
      }
    ],
    "isTemplate": false,
    "count": 0,
    "updated": 0
  },
  {
    "id": "40f494ab-0432-4eb4-b94f-82d76ecc5168",
    "data": [
      {
        "text": "prevention of diabetes",
        "userDefined": false
      }
    ],
    "isTemplate": false,
    "count": 0,
    "updated": 0
  },
  {
    "id": "80652951-e1fb-47a1-95f1-c3a9ce8b0fc6",
    "data": [
      {
        "text": "give me how to prevent diabetes",
        "userDefined": false
      }
    ],
    "isTemplate": false,
    "count": 0,
    "updated": 0
  },
  {
    "id": "c5e3e6c7-7837-404c-b35c-cb1364e8e423",
    "data": [
      {
        "text": "Tell me how to prevent diabetes",
        "userDefined": false
      }
    ],
    "isTemplate": false,
    "count": 0,
    "updated": 0
  }
]