[
  {
    "id": "b7171505-750f-4cd5-ad5a-f0132b1a3a70",
    "data": [
      {
        "text": "how can I prevent fatigue",
        "userDefined": false
      }
    ],
    "isTemplate": false,
    "count": 0,
    "updated": 0
  },
  {
    "id": "71be9be7-c39f-4b58-a860-2946c4e10c03",
    "data": [
      {
        "text": "How to prevent fatigue",
        "userDefined": false
      }
    ],
    "isTemplate": false,
    "count": 0,
    "updated": 0
  },
  {
    "id": "c108f351-605b-45c0-b107-edd9fb821911",
    "data": [
      {
        "text": "avoidances of fatigue",
        "userDefined": false
      }
    ],
    "isTemplate": false,
    "count": 0,
    "updated": 0
  },
  {
    "id": "b811b985-e7d9-41ca-a684-636b672b762f",
    "data": [
      {
        "text": "how to avoid fatigue",
        "userDefined": false
      }
    ],
    "isTemplate": false,
    "count": 0,
    "updated": 0
  },
  {
    "id": "c7633e2a-a962-4427-be96-ff0bff1ca0ef",
    "data": [
      {
        "text": "preventions of fatigue",
        "userDefined": false
      }
    ],
    "isTemplate": false,
    "count": 1,
    "updated": 0
  }
]