[
  {
    "id": "99c174b2-a0c1-4189-8385-e448b36818e0",
    "data": [
      {
        "text": "snooze reminder",
        "userDefined": false
      }
    ],
    "isTemplate": false,
    "count": 0,
    "updated": 0
  },
  {
    "id": "6cd276a2-97fe-4f3e-a9f8-85a4dda9fbc3",
    "data": [
      {
        "text": "remind me later",
        "userDefined": false
      }
    ],
    "isTemplate": false,
    "count": 0,
    "updated": 0
  },
  {
    "id": "c60645d6-6dec-4d08-b9f6-02aa0839ddc7",
    "data": [
      {
        "text": "move reminder",
        "userDefined": false
      }
    ],
    "isTemplate": false,
    "count": 0,
    "updated": 0
  },
  {
    "id": "19a2b526-a917-475f-b04a-9ba35fc99dc9",
    "data": [
      {
        "text": "reschedule it",
        "userDefined": false
      }
    ],
    "isTemplate": false,
    "count": 0,
    "updated": 0
  },
  {
    "id": "ec8a357b-f431-4d25-8efc-1d717ccbd1ea",
    "data": [
      {
        "text": "remind me ",
        "userDefined": false
      },
      {
        "text": "tomorrow",
        "alias": "date-time",
        "meta": "@sys.date-time",
        "userDefined": false
      }
    ],
    "isTemplate": false,
    "count": 0,
    "updated": 0
  },
  {
    "id": "4cb3d6b8-8463-4ae9-b4ea-5962b0370a8a",
    "data": [
      {
        "text": "reschedule my reminder for ",
        "userDefined": false
      },
      {
        "text": "next Monday",
        "alias": "date-time",
        "meta": "@sys.date-time",
        "userDefined": false
      }
    ],
    "isTemplate": false,
    "count": 0,
    "updated": 0
  },
  {
    "id": "3ed2a942-8ee5-4b9d-b8cf-80b205b3bbe7",
    "data": [
      {
        "text": "can you remind me about it ",
        "userDefined": false
      },
      {
        "text": "in 30 minutes",
        "alias": "date-time",
        "meta": "@sys.date-time",
        "userDefined": false
      }
    ],
    "isTemplate": false,
    "count": 0,
    "updated": 0
  },
  {
    "id": "2cd4e82c-f081-4562-8334-f73953f5914a",
    "data": [
      {
        "text": "snooze for ",
        "userDefined": false
      },
      {
        "text": "7 minutes",
        "alias": "date-time",
        "meta": "@sys.date-time",
        "userDefined": false
      }
    ],
    "isTemplate": false,
    "count": 0,
    "updated": 0
  },
  {
    "id": "153a52ea-8f2e-4064-914f-81f03c369336",
    "data": [
      {
        "text": "remind me ",
        "userDefined": false
      },
      {
        "text": "in 2 hours",
        "alias": "date-time",
        "meta": "@sys.date-time",
        "userDefined": false
      },
      {
        "text": " please",
        "userDefined": false
      }
    ],
    "isTemplate": false,
    "count": 0,
    "updated": 0
  },
  {
    "id": "8f4a442f-ce13-4af5-b96d-3ccb26a7ea7f",
    "data": [
      {
        "text": "reschedule my reminder",
        "userDefined": false
      }
    ],
    "isTemplate": false,
    "count": 0,
    "updated": 0
  },
  {
    "id": "a940d1ec-ee9f-4ebb-b5a6-b3925087598a",
    "data": [
      {
        "text": "snooze it",
        "userDefined": false
      }
    ],
    "isTemplate": false,
    "count": 0,
    "updated": 0
  },
  {
    "id": "518e81b2-0cee-4f0f-a4f3-c224e70ac9c4",
    "data": [
      {
        "text": "snooze",
        "userDefined": false
      }
    ],
    "isTemplate": false,
    "count": 0,
    "updated": 0
  }
]