[
  {
    "id": "416fe0ec-a823-42fa-b315-4df4eb6e70d2",
    "data": [
      {
        "text": "change reminder\u0027s title",
        "userDefined": false
      }
    ],
    "isTemplate": false,
    "count": 0,
    "updated": 0
  },
  {
    "id": "b5ba6403-5848-4225-b588-cb21eb04505a",
    "data": [
      {
        "text": "change name for reminder about ",
        "userDefined": false
      },
      {
        "text": "visiting my parents",
        "alias": "old-name",
        "meta": "@sys.any",
        "userDefined": false
      }
    ],
    "isTemplate": false,
    "count": 0,
    "updated": 0
  },
  {
    "id": "1594e333-fc80-485b-9566-0207040abc65",
    "data": [
      {
        "text": "I don\u0027t like the name of this reminder",
        "userDefined": false
      }
    ],
    "isTemplate": false,
    "count": 0,
    "updated": 0
  },
  {
    "id": "9c95b7f0-6d91-4b9e-9d19-415faac3183e",
    "data": [
      {
        "text": "change the name",
        "userDefined": false
      }
    ],
    "isTemplate": false,
    "count": 0,
    "updated": 0
  },
  {
    "id": "949b12df-6efd-4c1c-a9d1-f371c054fae4",
    "data": [
      {
        "text": "change the name of my reminder",
        "userDefined": false
      }
    ],
    "isTemplate": false,
    "count": 1,
    "updated": 0
  },
  {
    "id": "211b86cf-f14e-4e4d-b4ba-12a3c3c6a2a7",
    "data": [
      {
        "text": "rename the reminder ",
        "userDefined": false
      },
      {
        "text": "wash my flat",
        "alias": "old-name",
        "meta": "@sys.any",
        "userDefined": true
      },
      {
        "text": " to ",
        "userDefined": false
      },
      {
        "text": "wash my car",
        "alias": "name",
        "meta": "@sys.any",
        "userDefined": false
      }
    ],
    "isTemplate": false,
    "count": 0,
    "updated": 0
  },
  {
    "id": "cff33722-19eb-4b40-abd9-01fddf8fd7a7",
    "data": [
      {
        "text": "I want ",
        "userDefined": false
      },
      {
        "text": "call",
        "meta": "@sys.ignore",
        "userDefined": false
      },
      {
        "text": " my reminder differently",
        "userDefined": false
      }
    ],
    "isTemplate": false,
    "count": 0,
    "updated": 0
  },
  {
    "id": "4c14f4f6-e19f-431b-95c7-bdfd4567eff8",
    "data": [
      {
        "text": "reminder about ",
        "userDefined": false
      },
      {
        "text": "running",
        "alias": "old-name",
        "meta": "@sys.any",
        "userDefined": false
      },
      {
        "text": " should be renamed to ",
        "userDefined": false
      },
      {
        "text": "yoga",
        "alias": "name",
        "meta": "@sys.any",
        "userDefined": true
      }
    ],
    "isTemplate": false,
    "count": 0,
    "updated": 0
  },
  {
    "id": "5cca1485-e687-4c41-b42b-2f2f602ed41d",
    "data": [
      {
        "text": "rename",
        "userDefined": false
      }
    ],
    "isTemplate": false,
    "count": 0,
    "updated": 0
  },
  {
    "id": "7605606d-01e6-4a2c-90a4-0a84569680f0",
    "data": [
      {
        "text": "change reminder titled ",
        "userDefined": false
      },
      {
        "text": "feed the dog",
        "alias": "old-name",
        "meta": "@sys.any",
        "userDefined": true
      },
      {
        "text": " to ",
        "userDefined": false
      },
      {
        "text": "cat\u0027s food",
        "alias": "name",
        "meta": "@sys.any",
        "userDefined": false
      }
    ],
    "isTemplate": false,
    "count": 0,
    "updated": 0
  },
  {
    "id": "8209c21d-5f1b-4cd4-bd8a-d80081618988",
    "data": [
      {
        "text": "please change name for the reminder",
        "userDefined": false
      }
    ],
    "isTemplate": false,
    "count": 0,
    "updated": 0
  },
  {
    "id": "7871c468-43fc-479b-814f-5075673f310f",
    "data": [
      {
        "text": "rename my reminder about ",
        "userDefined": false
      },
      {
        "text": "cats",
        "alias": "old-name",
        "meta": "@sys.any",
        "userDefined": false
      }
    ],
    "isTemplate": false,
    "count": 1,
    "updated": 0
  },
  {
    "id": "132f566b-2139-4fee-a98a-83bb4de2b461",
    "data": [
      {
        "text": "rename reminder about ",
        "userDefined": false
      },
      {
        "text": "pills",
        "alias": "old-name",
        "meta": "@sys.any",
        "userDefined": false
      },
      {
        "text": " to ",
        "userDefined": false
      },
      {
        "text": "eat apples",
        "alias": "name",
        "meta": "@sys.any",
        "userDefined": true
      }
    ],
    "isTemplate": false,
    "count": 0,
    "updated": 0
  },
  {
    "id": "31b5d8c6-63fb-4c77-be89-947d138d85a7",
    "data": [
      {
        "text": "rename reminder",
        "userDefined": false
      }
    ],
    "isTemplate": false,
    "count": 0,
    "updated": 0
  },
  {
    "id": "807bc0f1-1e92-49dc-8b94-8bf18cf6ed42",
    "data": [
      {
        "text": "edit reminder with the title pills",
        "userDefined": false
      }
    ],
    "isTemplate": false,
    "count": 0,
    "updated": 0
  },
  {
    "id": "dc62bb36-bddc-4822-b0d2-b0ea369266d1",
    "data": [
      {
        "text": "rename my reminder",
        "userDefined": false
      }
    ],
    "isTemplate": false,
    "count": 0,
    "updated": 0
  }
]