[
  {
    "id": "13c5b7e7-35d0-442d-9db1-5e611c9f4e28",
    "data": [
      {
        "text": "risk factors in fatigue",
        "userDefined": false
      }
    ],
    "isTemplate": false,
    "count": 0,
    "updated": 0
  },
  {
    "id": "52b512c5-b219-44f9-9c5c-a5b4b02dc8b1",
    "data": [
      {
        "text": "risk in fatigue",
        "userDefined": false
      }
    ],
    "isTemplate": false,
    "count": 0,
    "updated": 0
  },
  {
    "id": "4b83f463-2895-4333-a475-309cea3f5a5e",
    "data": [
      {
        "text": "Risks in fatigue",
        "userDefined": false
      }
    ],
    "isTemplate": false,
    "count": 0,
    "updated": 0
  },
  {
    "id": "5fc9a4d3-a285-4ced-ab34-c0866627ad91",
    "data": [
      {
        "text": "Tell me risks in fatigue",
        "userDefined": false
      }
    ],
    "isTemplate": false,
    "count": 0,
    "updated": 0
  }
]