[
  {
    "id": "33b49537-89d4-4d27-960e-7929be052b0a",
    "data": [
      {
        "text": "something to do to cure Stomachache?",
        "userDefined": false
      }
    ],
    "isTemplate": false,
    "count": 0,
    "updated": 0
  },
  {
    "id": "9fc0f17f-b46e-49ea-a970-6e51438cdad8",
    "data": [
      {
        "text": "tell me somethinig to do to overcome Stomachache?",
        "userDefined": false
      }
    ],
    "isTemplate": false,
    "count": 0,
    "updated": 0
  },
  {
    "id": "77a251df-7b85-4068-bee3-3e60a7ace2ac",
    "data": [
      {
        "text": "treatment for Stomachache?",
        "userDefined": false
      }
    ],
    "isTemplate": false,
    "count": 0,
    "updated": 0
  },
  {
    "id": "e1115fb0-f053-4ccc-b133-8239be5e6276",
    "data": [
      {
        "text": "cure for Stomachache?",
        "userDefined": false
      }
    ],
    "isTemplate": false,
    "count": 0,
    "updated": 0
  },
  {
    "id": "b4d36b3e-3268-4172-bdde-963cfba22541",
    "data": [
      {
        "text": "i am getting Stomachache what to do?",
        "userDefined": false
      }
    ],
    "isTemplate": false,
    "count": 0,
    "updated": 0
  },
  {
    "id": "adb7ce6a-fc5b-4c30-8037-c932d4f02228",
    "data": [
      {
        "text": "what to do to cure my stomachache?",
        "userDefined": false
      }
    ],
    "isTemplate": false,
    "count": 0,
    "updated": 0
  },
  {
    "id": "526ed7d0-13a1-4c32-8b70-87fd593e0118",
    "data": [
      {
        "text": "how do i cure my stomach pain?",
        "userDefined": false
      }
    ],
    "isTemplate": false,
    "count": 0,
    "updated": 0
  },
  {
    "id": "acb6c7e3-44d4-4569-be7b-9d809e7a3ef3",
    "data": [
      {
        "text": "how to cure my Stomachache?",
        "userDefined": false
      }
    ],
    "isTemplate": false,
    "count": 1,
    "updated": 0
  },
  {
    "id": "b75b7ef0-0bb2-405e-bd3b-9c8c23cb2947",
    "data": [
      {
        "text": "How do i treat my Stomach pain?",
        "userDefined": false
      }
    ],
    "isTemplate": false,
    "count": 0,
    "updated": 0
  },
  {
    "id": "c914291e-d6e9-46c5-9a9e-97c5c995d220",
    "data": [
      {
        "text": "how to treat Stomachache?",
        "userDefined": false
      }
    ],
    "isTemplate": false,
    "count": 0,
    "updated": 0
  },
  {
    "id": "25987b70-05b4-414d-b422-987870ec1ffd",
    "data": [
      {
        "text": "Symptoms of Stomachache?",
        "userDefined": false
      }
    ],
    "isTemplate": false,
    "count": 0,
    "updated": 0
  },
  {
    "id": "7254b979-1153-4c88-9fdd-c34e475ae360",
    "data": [
      {
        "text": "Why is my Stomach paining?",
        "userDefined": false
      }
    ],
    "isTemplate": false,
    "count": 0,
    "updated": 0
  },
  {
    "id": "ebe0d86e-dd6e-49c4-a9bc-dcfda488331c",
    "data": [
      {
        "text": "What are the Symptoms of Stomachache?",
        "userDefined": false
      }
    ],
    "isTemplate": false,
    "count": 0,
    "updated": 0
  },
  {
    "id": "42b175ce-b15d-4213-ad23-6b03fed8fb79",
    "data": [
      {
        "text": "Stomach in my head ?",
        "userDefined": false
      }
    ],
    "isTemplate": false,
    "count": 1,
    "updated": 0
  },
  {
    "id": "57bbca74-2a44-431e-9b7e-be94c4d46f7b",
    "data": [
      {
        "text": "My stomach pains",
        "userDefined": false
      }
    ],
    "isTemplate": false,
    "count": 0,
    "updated": 0
  },
  {
    "id": "763f3ac2-e0d1-48d5-a280-b6c9d04049ec",
    "data": [
      {
        "text": "My stomach is paining what should i do?",
        "userDefined": false
      }
    ],
    "isTemplate": false,
    "count": 0,
    "updated": 0
  },
  {
    "id": "c9bab61b-efc8-4446-aeb4-08fd7060964d",
    "data": [
      {
        "text": "My stomach is paining?",
        "userDefined": false
      }
    ],
    "isTemplate": false,
    "count": 0,
    "updated": 0
  },
  {
    "id": "8b945d07-53d3-4fd9-935b-d3d78ed00fa1",
    "data": [
      {
        "text": "what caused me stomachache?",
        "userDefined": false
      }
    ],
    "isTemplate": false,
    "count": 1,
    "updated": 0
  },
  {
    "id": "5e9f6dd2-4c71-4663-87d3-ef13fe5f42f4",
    "data": [
      {
        "text": "What is the reason for stomachache?",
        "userDefined": false
      }
    ],
    "isTemplate": false,
    "count": 0,
    "updated": 0
  },
  {
    "id": "45df8c56-67c2-4e45-92f5-ebfdac23b23a",
    "data": [
      {
        "text": "Why am i having Stomachache?",
        "userDefined": false
      }
    ],
    "isTemplate": false,
    "count": 0,
    "updated": 0
  },
  {
    "id": "2d1ecb0a-2a6b-454e-ac1a-0d927bbb8778",
    "data": [
      {
        "text": " I have stomachache what should i do?",
        "userDefined": false
      }
    ],
    "isTemplate": false,
    "count": 0,
    "updated": 0
  },
  {
    "id": "ed67ba4a-0949-4f6c-8ba9-c593ebdf6554",
    "data": [
      {
        "text": "I have Stomachache?",
        "userDefined": false
      }
    ],
    "isTemplate": false,
    "count": 0,
    "updated": 0
  }
]