[
  {
    "id": "d62de2d6-1473-4a6e-a3e7-3eb25082a815",
    "data": [
      {
        "text": "give some symptoms of fatigue",
        "userDefined": false
      }
    ],
    "isTemplate": false,
    "count": 0,
    "updated": 0
  },
  {
    "id": "e4a81eaa-6be9-441c-a79c-e73a572221c7",
    "data": [
      {
        "text": " what are symptoms of fatigue",
        "userDefined": false
      }
    ],
    "isTemplate": false,
    "count": 0,
    "updated": 0
  },
  {
    "id": "a21a83ca-ab43-412f-a2a1-6690f2528bfd",
    "data": [
      {
        "text": " what are signs of fatigue",
        "userDefined": false
      }
    ],
    "isTemplate": false,
    "count": 0,
    "updated": 0
  },
  {
    "id": "ce046806-9870-4fa8-81a1-b83ae7dff722",
    "data": [
      {
        "text": "show signs of fatigue",
        "userDefined": false
      }
    ],
    "isTemplate": false,
    "count": 0,
    "updated": 0
  },
  {
    "id": "fc7a00f9-a584-40cd-8c3b-756bd4b1867a",
    "data": [
      {
        "text": "show symptoms of fatigue",
        "userDefined": false
      }
    ],
    "isTemplate": false,
    "count": 0,
    "updated": 0
  }
]