[
  {
    "id": "edd80603-dd76-426d-9273-4f754167e0a9",
    "data": [
      {
        "text": "What are target blood sugar levels for women during pregnancy",
        "userDefined": false
      }
    ],
    "isTemplate": false,
    "count": 0,
    "updated": 0
  },
  {
    "id": "9ec67d26-659a-4e12-9ca4-469df1fc9244",
    "data": [
      {
        "text": "what must be sugar level for women during pregnancy",
        "userDefined": false
      }
    ],
    "isTemplate": false,
    "count": 0,
    "updated": 0
  },
  {
    "id": "20304dd8-bba4-4ef3-9a23-f8ef2025f7c4",
    "data": [
      {
        "text": "What are blood sugar levels for women during pregnancy",
        "userDefined": false
      }
    ],
    "isTemplate": false,
    "count": 0,
    "updated": 0
  }
]