[
  {
    "id": "fc8bc1a4-9616-448c-b50e-0d76bd0427d8",
    "data": [
      {
        "text": "consequences of ",
        "userDefined": false
      },
      {
        "text": "type 1",
        "alias": "type_diabetes",
        "meta": "@type_diabetes",
        "userDefined": false
      },
      {
        "text": " diabetes",
        "userDefined": false
      }
    ],
    "isTemplate": false,
    "count": 0,
    "updated": 0
  },
  {
    "id": "cc3deee1-64ec-4e8c-adfe-e20e5ef3d3f5",
    "data": [
      {
        "text": "worst effects of diabetes",
        "userDefined": false
      }
    ],
    "isTemplate": false,
    "count": 0,
    "updated": 0
  },
  {
    "id": "6ec5d509-f12f-495d-b5f1-60bd5275ae72",
    "data": [
      {
        "text": "bad effects of ",
        "userDefined": false
      },
      {
        "text": "type 1",
        "alias": "type_diabetes",
        "meta": "@type_diabetes",
        "userDefined": false
      },
      {
        "text": " diabetes",
        "userDefined": false
      }
    ],
    "isTemplate": false,
    "count": 0,
    "updated": 0
  },
  {
    "id": "142f509f-27f5-4934-b2b4-53f1f89c70cd",
    "data": [
      {
        "text": "ill effects of ",
        "userDefined": false
      },
      {
        "text": "type 1",
        "alias": "type_diabetes",
        "meta": "@type_diabetes",
        "userDefined": false
      },
      {
        "text": " diabetes",
        "userDefined": false
      }
    ],
    "isTemplate": false,
    "count": 0,
    "updated": 0
  },
  {
    "id": "41b9a4e7-ed0d-4b21-a821-71e7bba55bf1",
    "data": [
      {
        "text": "complications of ",
        "userDefined": false
      },
      {
        "text": "type 1",
        "alias": "type_diabetes",
        "meta": "@type_diabetes",
        "userDefined": false
      },
      {
        "text": " diabetes",
        "userDefined": false
      }
    ],
    "isTemplate": false,
    "count": 0,
    "updated": 0
  }
]