[
  {
    "id": "389a150e-7f09-4d10-9d25-411d6ef934ec",
    "data": [
      {
        "text": "headache type?",
        "userDefined": false
      }
    ],
    "isTemplate": false,
    "count": 0,
    "updated": 0
  },
  {
    "id": "ffb3085e-e259-4175-abd5-fb5142db6153",
    "data": [
      {
        "text": "headache and its types?",
        "userDefined": false
      }
    ],
    "isTemplate": false,
    "count": 0,
    "updated": 0
  },
  {
    "id": "a8912d40-a093-4d4d-ae05-c372f4af9035",
    "data": [
      {
        "text": "Headache types?",
        "userDefined": false
      }
    ],
    "isTemplate": false,
    "count": 0,
    "updated": 0
  },
  {
    "id": "b43931c0-d49b-45df-9be8-8cfe3bb989ff",
    "data": [
      {
        "text": "Types of headache?",
        "userDefined": false
      }
    ],
    "isTemplate": false,
    "count": 0,
    "updated": 0
  },
  {
    "id": "6e4ffcbf-f05f-4b5c-be63-070bd162f017",
    "data": [
      {
        "text": "how many types of headches are there?",
        "userDefined": false
      }
    ],
    "isTemplate": false,
    "count": 0,
    "updated": 0
  },
  {
    "id": "0c92509a-ce13-4a21-b9d9-50e5f164ae76",
    "data": [
      {
        "text": "what are the types of headache?",
        "userDefined": false
      }
    ],
    "isTemplate": false,
    "count": 0,
    "updated": 0
  }
]