[
  {
    "id": "c6571556-0a82-4fd9-89e3-81925c2d9c84",
    "data": [
      {
        "text": "what are type of stomachache",
        "userDefined": false
      }
    ],
    "isTemplate": false,
    "count": 0,
    "updated": 0
  },
  {
    "id": "a3db891a-8266-4e46-88ec-c846ca7d1a15",
    "data": [
      {
        "text": "Could you tell me type of stomachache",
        "userDefined": false
      }
    ],
    "isTemplate": false,
    "count": 0,
    "updated": 0
  },
  {
    "id": "1d94f17d-808b-4326-ac34-b47340cd1870",
    "data": [
      {
        "text": "type of stomachache",
        "userDefined": false
      }
    ],
    "isTemplate": false,
    "count": 0,
    "updated": 0
  },
  {
    "id": "afbfc325-ea3a-4e05-bbe1-d2241ecf0588",
    "data": [
      {
        "text": "Can you tell me types of stomachache",
        "userDefined": false
      }
    ],
    "isTemplate": false,
    "count": 0,
    "updated": 0
  },
  {
    "id": "3d471949-8853-4604-9eba-d7cfffd3f875",
    "data": [
      {
        "text": "can you give me types of stomachache",
        "userDefined": false
      }
    ],
    "isTemplate": false,
    "count": 0,
    "updated": 0
  },
  {
    "id": "7876113a-469a-42f0-bf8b-50ddcc44a155",
    "data": [
      {
        "text": " Stomachache and its types?",
        "userDefined": false
      }
    ],
    "isTemplate": false,
    "count": 0,
    "updated": 0
  },
  {
    "id": "131d3cbd-b060-4257-a0b4-ec799dae37cb",
    "data": [
      {
        "text": "Stomachache types?",
        "userDefined": false
      }
    ],
    "isTemplate": false,
    "count": 0,
    "updated": 0
  },
  {
    "id": "3672a231-04cf-4dd7-921a-1e8baf7d6b26",
    "data": [
      {
        "text": " Types of Stomachache",
        "userDefined": false
      }
    ],
    "isTemplate": false,
    "count": 0,
    "updated": 0
  },
  {
    "id": "d698f28a-923f-4635-b188-81b29243ebab",
    "data": [
      {
        "text": "how many types of Stomachaches are there?",
        "userDefined": false
      }
    ],
    "isTemplate": false,
    "count": 0,
    "updated": 0
  },
  {
    "id": "20f6d4a3-e318-4bf8-b35b-fbc082b264a5",
    "data": [
      {
        "text": " what are the types of Stomachache?",
        "userDefined": false
      }
    ],
    "isTemplate": false,
    "count": 0,
    "updated": 0
  }
]