[
  {
    "id": "f27ca0ac-7c9c-43dd-9e7c-c378387b2eed",
    "data": [
      {
        "text": "Can animals spread typhoid fever or paratyphoid fever to people?",
        "userDefined": false
      }
    ],
    "isTemplate": false,
    "count": 0,
    "updated": 0
  },
  {
    "id": "63ddf6f2-c795-4d09-bafa-fbf651c16bb0",
    "data": [
      {
        "text": "typhoid in animals?",
        "userDefined": false
      }
    ],
    "isTemplate": false,
    "count": 0,
    "updated": 0
  },
  {
    "id": "dd97f5a1-ebb6-4e10-aa1e-4613607c43a8",
    "data": [
      {
        "text": "does typhoid spread through animals?",
        "userDefined": false
      }
    ],
    "isTemplate": false,
    "count": 0,
    "updated": 0
  }
]