[
  {
    "id": "d03ff437-cd4a-454a-b9c1-cfef1cbef48a",
    "data": [
      {
        "text": "what are typhoid symptoms?",
        "userDefined": false
      }
    ],
    "isTemplate": false,
    "count": 0,
    "updated": 0
  },
  {
    "id": "988b2ce7-111f-45a0-ad1f-e26f19b6c0e1",
    "data": [
      {
        "text": "how do i know that I know that I have typhoid",
        "userDefined": false
      }
    ],
    "isTemplate": false,
    "count": 1,
    "updated": 0
  },
  {
    "id": "53618c2f-9056-4438-bc1e-d36e8df50214",
    "data": [
      {
        "text": "can I get typhoid",
        "userDefined": false
      }
    ],
    "isTemplate": false,
    "count": 0,
    "updated": 0
  },
  {
    "id": "44f92fb5-9f7c-4e80-ac40-e6831c94ff3e",
    "data": [
      {
        "text": "typhoid symptoms",
        "userDefined": false
      }
    ],
    "isTemplate": false,
    "count": 0,
    "updated": 0
  },
  {
    "id": "111f6b0c-762e-4ad8-b949-395194f625a4",
    "data": [
      {
        "text": "Do I have typhoid?",
        "userDefined": false
      }
    ],
    "isTemplate": false,
    "count": 0,
    "updated": 0
  }
]