[
  {
    "id": "22b95ff1-bc6b-49e6-be9b-1e0759b2f5cd",
    "data": [
      {
        "text": "tyhpoid bacteria",
        "userDefined": false
      }
    ],
    "isTemplate": false,
    "count": 0,
    "updated": 0
  },
  {
    "id": "d9974519-ef83-4fc5-989f-fda72dee3436",
    "data": [
      {
        "text": "where is typhoid bacteria found?",
        "userDefined": false
      }
    ],
    "isTemplate": false,
    "count": 0,
    "updated": 0
  },
  {
    "id": "0ab49539-d244-4f8c-87b1-0f26e81176ec",
    "data": [
      {
        "text": "what are typhoid and paratyphoid bacteria?",
        "userDefined": false
      }
    ],
    "isTemplate": false,
    "count": 0,
    "updated": 0
  },
  {
    "id": "5a5714f9-2101-4d09-ae30-10ed69f3bf38",
    "data": [
      {
        "text": "what is typhoid bacteria?",
        "userDefined": false
      }
    ],
    "isTemplate": false,
    "count": 0,
    "updated": 0
  }
]