[
  {
    "id": "32e3dbd5-7e7c-4a88-8c57-dd2187082e32",
    "data": [
      {
        "text": "Nope",
        "meta": "@sys.ignore",
        "userDefined": true
      }
    ],
    "isTemplate": false,
    "count": 1,
    "updated": 0
  },
  {
    "id": "597d66ef-a7be-44ba-b3dc-3b66088ed0fc",
    "data": [
      {
        "text": "No",
        "meta": "@sys.ignore",
        "userDefined": true
      }
    ],
    "isTemplate": false,
    "count": 0,
    "updated": 0
  },
  {
    "id": "4c4a9494-8f38-43c6-95d9-f5775ee39417",
    "data": [
      {
        "text": "i will stop here",
        "meta": "@sys.ignore",
        "userDefined": true
      }
    ],
    "isTemplate": false,
    "count": 0,
    "updated": 0
  },
  {
    "id": "15709c25-f704-42af-8add-b79011714f57",
    "data": [
      {
        "text": "stop here",
        "meta": "@sys.ignore",
        "userDefined": true
      }
    ],
    "isTemplate": false,
    "count": 0,
    "updated": 0
  },
  {
    "id": "3519aaf4-e8fd-4b5a-ae10-31eff56e64a4",
    "data": [
      {
        "text": "nothing else",
        "meta": "@sys.ignore",
        "userDefined": true
      }
    ],
    "isTemplate": false,
    "count": 0,
    "updated": 0
  },
  {
    "id": "bc34cf31-9312-41bd-ba2f-9ed69574c0d0",
    "data": [
      {
        "text": "i want to end here",
        "meta": "@sys.ignore",
        "userDefined": true
      }
    ],
    "isTemplate": false,
    "count": 0,
    "updated": 0
  },
  {
    "id": "e5a0a3e3-b15e-457b-abb6-ad4aa73e1a60",
    "data": [
      {
        "text": "that\u0027s all about the picture",
        "meta": "@sys.ignore",
        "userDefined": true
      }
    ],
    "isTemplate": false,
    "count": 0,
    "updated": 0
  },
  {
    "id": "ca4bac70-4470-4972-a41a-376469f9994a",
    "data": [
      {
        "text": "that\u0027s it",
        "meta": "@sys.ignore",
        "userDefined": true
      }
    ],
    "isTemplate": false,
    "count": 0,
    "updated": 0
  },
  {
    "id": "c6de1124-a253-4c35-9bc7-919e3132ed76",
    "data": [
      {
        "text": "No, I have nothing to add",
        "meta": "@sys.ignore",
        "userDefined": true
      }
    ],
    "isTemplate": false,
    "count": 0,
    "updated": 0
  },
  {
    "id": "0ea1802a-4315-412d-8779-857ee55cb593",
    "data": [
      {
        "text": "No, I won\u0027t continue",
        "meta": "@sys.ignore",
        "userDefined": true
      }
    ],
    "isTemplate": false,
    "count": 0,
    "updated": 0
  },
  {
    "id": "f55d4444-942e-418a-b34a-3c20cc65374c",
    "data": [
      {
        "text": "That\u0027s all I can see in the picture",
        "meta": "@sys.ignore",
        "userDefined": true
      }
    ],
    "isTemplate": false,
    "count": 0,
    "updated": 0
  },
  {
    "id": "b517d3e8-9859-4a0a-9374-1bdb8b35abe2",
    "data": [
      {
        "text": "no that\u0027s all i can say",
        "meta": "@sys.ignore",
        "userDefined": true
      }
    ],
    "isTemplate": false,
    "count": 0,
    "updated": 0
  },
  {
    "id": "e8190cda-5c25-4176-97f3-4798e8683c71",
    "data": [
      {
        "text": " ",
        "userDefined": false
      },
      {
        "text": "that\u0027s enough",
        "meta": "@sys.ignore",
        "userDefined": true
      }
    ],
    "isTemplate": false,
    "count": 0,
    "updated": 0
  },
  {
    "id": "ea5745ad-ac8c-4251-af80-a32cf6ee40b0",
    "data": [
      {
        "text": "is it enough?",
        "meta": "@sys.ignore",
        "userDefined": true
      }
    ],
    "isTemplate": false,
    "count": 0,
    "updated": 0
  },
  {
    "id": "98892a58-6662-4dcc-9088-0f2d4fb6fb69",
    "data": [
      {
        "text": "Isn\u0027t it enough?",
        "meta": "@sys.ignore",
        "userDefined": true
      }
    ],
    "isTemplate": false,
    "count": 1,
    "updated": 0
  },
  {
    "id": "7e48946a-6522-4fec-801f-1583c122cb72",
    "data": [
      {
        "text": "No, that is it.",
        "meta": "@sys.ignore",
        "userDefined": true
      }
    ],
    "isTemplate": false,
    "count": 0,
    "updated": 0
  },
  {
    "id": "0a3071c7-f644-47c0-ac34-773c17cacf75",
    "data": [
      {
        "text": "That is all I can say about the picture",
        "meta": "@sys.ignore",
        "userDefined": true
      }
    ],
    "isTemplate": false,
    "count": 0,
    "updated": 0
  },
  {
    "id": "f90023de-84fa-4984-a357-3e6bbc9fc4cb",
    "data": [
      {
        "text": " ",
        "userDefined": false
      },
      {
        "text": "that is all about the picture",
        "meta": "@sys.ignore",
        "userDefined": true
      }
    ],
    "isTemplate": false,
    "count": 0,
    "updated": 0
  },
  {
    "id": "8c278e77-d280-466b-bf0c-1f4cda0ae592",
    "data": [
      {
        "text": "I think that is all about it.",
        "meta": "@sys.ignore",
        "userDefined": true
      }
    ],
    "isTemplate": false,
    "count": 0,
    "updated": 0
  },
  {
    "id": "a8b98fd5-e9d6-4594-bf9a-8336c4518ef4",
    "data": [
      {
        "text": "That is it",
        "meta": "@sys.ignore",
        "userDefined": true
      }
    ],
    "isTemplate": false,
    "count": 0,
    "updated": 0
  },
  {
    "id": "099ceb08-56f8-40ad-9671-6f2860b280cb",
    "data": [
      {
        "text": "No I\u0027m done",
        "meta": "@sys.ignore",
        "userDefined": true
      }
    ],
    "isTemplate": false,
    "count": 0,
    "updated": 0
  },
  {
    "id": "f6f810c1-8538-4819-b0e2-c6c94fc38d50",
    "data": [
      {
        "text": "I am done with it.",
        "meta": "@sys.ignore",
        "userDefined": true
      }
    ],
    "isTemplate": false,
    "count": 0,
    "updated": 0
  }
]