[
  {
    "id": "e3bfaa96-9371-45f4-b25d-9a9972fd1b1e",
    "data": [
      {
        "text": "Intermediate, ",
        "userDefined": false
      },
      {
        "text": "1",
        "meta": "@sys.ignore",
        "userDefined": false
      },
      {
        "text": "-",
        "userDefined": false
      },
      {
        "text": "2",
        "meta": "@sys.ignore",
        "userDefined": false
      },
      {
        "text": " bots",
        "userDefined": false
      }
    ],
    "isTemplate": false,
    "count": 0,
    "lang": "en",
    "updated": 0
  },
  {
    "id": "3d8c48bd-badb-432b-a309-33f173e8e023",
    "data": [
      {
        "text": "Intermediate, built a ",
        "userDefined": false
      },
      {
        "text": "couple",
        "meta": "@sys.ignore",
        "userDefined": false
      },
      {
        "text": " of bots",
        "userDefined": false
      }
    ],
    "isTemplate": false,
    "count": 0,
    "lang": "en",
    "updated": 0
  },
  {
    "id": "a173d049-fbf6-4ab2-901f-09a6914ebbcf",
    "data": [
      {
        "text": "2",
        "meta": "@sys.ignore",
        "userDefined": false
      },
      {
        "text": "-",
        "userDefined": false
      },
      {
        "text": "3",
        "meta": "@sys.ignore",
        "userDefined": false
      },
      {
        "text": " bots",
        "userDefined": false
      }
    ],
    "isTemplate": false,
    "count": 0,
    "lang": "en",
    "updated": 0
  },
  {
    "id": "34d08761-4717-44d1-b304-6d0297393fa5",
    "data": [
      {
        "text": "I\u0027m not very experienced",
        "userDefined": false
      }
    ],
    "isTemplate": false,
    "count": 0,
    "lang": "en",
    "updated": 0
  },
  {
    "id": "cc236f02-e555-4b54-99e9-74badb366e42",
    "data": [
      {
        "text": "I\u0027ve built a ",
        "userDefined": false
      },
      {
        "text": "couple",
        "meta": "@sys.ignore",
        "userDefined": false
      },
      {
        "text": " of ",
        "userDefined": false
      },
      {
        "text": "bots",
        "meta": "@sys.ignore",
        "userDefined": false
      }
    ],
    "isTemplate": false,
    "count": 0,
    "lang": "en",
    "updated": 0
  },
  {
    "id": "3b22c947-b477-406a-9570-5658ab8c771c",
    "data": [
      {
        "text": "intermediate",
        "userDefined": false
      }
    ],
    "isTemplate": false,
    "count": 0,
    "lang": "en",
    "updated": 0
  }
]