[
  {
    "id": "0cb60eee-5374-4248-8dd7-a1450d9550ce",
    "data": [
      {
        "text": "first",
        "meta": "@sys.ignore",
        "userDefined": false
      },
      {
        "text": " time",
        "userDefined": false
      }
    ],
    "isTemplate": false,
    "count": 0,
    "lang": "en",
    "updated": 0
  },
  {
    "id": "b4a63039-fbf3-4b3d-862f-9b4b04f36f65",
    "data": [
      {
        "text": "don\u0027t know",
        "userDefined": false
      }
    ],
    "isTemplate": false,
    "count": 0,
    "lang": "en",
    "updated": 0
  },
  {
    "id": "21a7a189-bb43-4c10-8368-e239fa3b6565",
    "data": [
      {
        "text": "don\u0027t know anything",
        "userDefined": false
      }
    ],
    "isTemplate": false,
    "count": 0,
    "lang": "en",
    "updated": 0
  },
  {
    "id": "a314d321-d19b-4941-92f8-4f9772fc988f",
    "data": [
      {
        "text": "not familiar",
        "userDefined": false
      }
    ],
    "isTemplate": false,
    "count": 0,
    "lang": "en",
    "updated": 0
  },
  {
    "id": "3071f2f4-84fe-4727-b168-d82dea72404c",
    "data": [
      {
        "text": "it\u0027s going to be my ",
        "userDefined": false
      },
      {
        "text": "first",
        "meta": "@sys.ignore",
        "userDefined": false
      },
      {
        "text": " bot",
        "userDefined": false
      }
    ],
    "isTemplate": false,
    "count": 0,
    "lang": "en",
    "updated": 0
  },
  {
    "id": "168a685c-d219-4a46-b42d-6ba1e7ddb753",
    "data": [
      {
        "text": "elementary",
        "userDefined": false
      }
    ],
    "isTemplate": false,
    "count": 0,
    "lang": "en",
    "updated": 0
  },
  {
    "id": "c8a5cda6-8527-4526-8d79-1401c9ddf9e4",
    "data": [
      {
        "text": "beginner",
        "userDefined": false
      }
    ],
    "isTemplate": false,
    "count": 0,
    "lang": "en",
    "updated": 0
  },
  {
    "id": "9f67113a-5f2a-4099-a06a-77997a507169",
    "data": [
      {
        "text": "I\u0027m just starting to dive into bot\u0027s world",
        "userDefined": false
      }
    ],
    "isTemplate": false,
    "count": 0,
    "lang": "en",
    "updated": 0
  },
  {
    "id": "e90df5cc-758c-485c-bb61-d5c0295c9914",
    "data": [
      {
        "text": "just starting",
        "userDefined": false
      }
    ],
    "isTemplate": false,
    "count": 0,
    "lang": "en",
    "updated": 0
  },
  {
    "id": "2abbd9a8-68ab-4f35-859c-78aab925b5eb",
    "data": [
      {
        "text": "I\u0027m a beginner",
        "userDefined": false
      }
    ],
    "isTemplate": false,
    "count": 0,
    "lang": "en",
    "updated": 0
  },
  {
    "id": "7757577d-75d5-45ca-a743-d75a6e93986d",
    "data": [
      {
        "text": "I\u0027m doing it for the ",
        "userDefined": false
      },
      {
        "text": "first",
        "meta": "@sys.ignore",
        "userDefined": false
      },
      {
        "text": " time",
        "userDefined": false
      }
    ],
    "isTemplate": false,
    "count": 0,
    "lang": "en",
    "updated": 0
  }
]