[
  {
    "id": "ba1dae3e-e881-4a0e-9a16-0725aa7a4ff3",
    "data": [
      {
        "text": "show me your skills",
        "userDefined": false
      }
    ],
    "isTemplate": false,
    "count": 0,
    "lang": "en",
    "updated": 0
  },
  {
    "id": "f83d671f-9f9f-47ea-ae5f-1012d413e143",
    "data": [
      {
        "text": "what can you help me with",
        "userDefined": false
      }
    ],
    "isTemplate": false,
    "count": 0,
    "lang": "en",
    "updated": 0
  },
  {
    "id": "d30ae3d3-6384-4ff2-ba02-c15f1262b092",
    "data": [
      {
        "text": "what are your main features",
        "userDefined": false
      }
    ],
    "isTemplate": false,
    "count": 0,
    "lang": "en",
    "updated": 0
  },
  {
    "id": "4ff6b1b6-f73e-4c05-a9fb-87bde3da9d03",
    "data": [
      {
        "text": "is there something I should know about your features",
        "userDefined": false
      }
    ],
    "isTemplate": false,
    "count": 0,
    "lang": "en",
    "updated": 0
  },
  {
    "id": "418edf04-4a46-4ad3-83ed-0d2666cfa8cc",
    "data": [
      {
        "text": "tell me some of your interesting capabilities",
        "userDefined": false
      }
    ],
    "isTemplate": false,
    "count": 0,
    "lang": "en",
    "updated": 0
  },
  {
    "id": "c7e7fd61-e735-494e-ac02-57afeecbc233",
    "data": [
      {
        "text": "guide from your skills",
        "userDefined": false
      }
    ],
    "isTemplate": false,
    "count": 0,
    "lang": "en",
    "updated": 0
  },
  {
    "id": "61ae8aac-e579-4c6b-be22-fcaae51bada1",
    "data": [
      {
        "text": "how do we start working",
        "userDefined": false
      }
    ],
    "isTemplate": false,
    "count": 0,
    "lang": "en",
    "updated": 0
  },
  {
    "id": "c8d73398-4496-4268-85af-6dccc2658292",
    "data": [
      {
        "text": "what can I ask you about",
        "userDefined": false
      }
    ],
    "isTemplate": false,
    "count": 0,
    "lang": "en",
    "updated": 0
  },
  {
    "id": "73181735-d438-43ee-a9cd-7f9579b4f1ac",
    "data": [
      {
        "text": "what are you capable of",
        "userDefined": false
      }
    ],
    "isTemplate": false,
    "count": 0,
    "lang": "en",
    "updated": 0
  },
  {
    "id": "6883ff8f-054d-40e4-9e17-1206f2bd505c",
    "data": [
      {
        "text": "show me what you do",
        "userDefined": false
      }
    ],
    "isTemplate": false,
    "count": 0,
    "lang": "en",
    "updated": 0
  },
  {
    "id": "c7b3de17-e46c-45d4-b637-e258df38badd",
    "data": [
      {
        "text": "what can you do",
        "userDefined": false
      }
    ],
    "isTemplate": false,
    "count": 0,
    "lang": "en",
    "updated": 0
  }
]