[
  {
    "id": "e88e870b-7941-4666-91bc-2348500f6009",
    "data": [
      {
        "text": "advanced, several bots",
        "userDefined": false
      }
    ],
    "isTemplate": false,
    "count": 0,
    "lang": "en",
    "updated": 0
  },
  {
    "id": "1a55f83e-c931-4802-a723-14cea8d1b15d",
    "data": [
      {
        "text": "I build bots every day",
        "userDefined": false
      }
    ],
    "isTemplate": false,
    "count": 0,
    "lang": "en",
    "updated": 0
  },
  {
    "id": "fabb3a59-51b7-4202-8212-7df08d597ff4",
    "data": [
      {
        "text": "I\u0027ve built ",
        "userDefined": false
      },
      {
        "text": "100",
        "meta": "@sys.ignore",
        "userDefined": false
      },
      {
        "text": "+ bots",
        "userDefined": false
      }
    ],
    "isTemplate": false,
    "count": 0,
    "lang": "en",
    "updated": 0
  },
  {
    "id": "9975000c-5aab-4061-836f-85c082fdd10f",
    "data": [
      {
        "text": "that\u0027s how I earn money",
        "userDefined": false
      }
    ],
    "isTemplate": false,
    "count": 0,
    "lang": "en",
    "updated": 0
  },
  {
    "id": "432c9e60-5029-4331-a334-878518d9558e",
    "data": [
      {
        "text": "I do it for life",
        "userDefined": false
      }
    ],
    "isTemplate": false,
    "count": 0,
    "lang": "en",
    "updated": 0
  },
  {
    "id": "28aa057a-6377-4866-83cc-b5b74a57fb9e",
    "data": [
      {
        "text": "I\u0027m a professional bot builder",
        "userDefined": false
      }
    ],
    "isTemplate": false,
    "count": 0,
    "lang": "en",
    "updated": 0
  },
  {
    "id": "63a0fc86-1a50-4fdb-9fcb-48efe70f727f",
    "data": [
      {
        "text": "it\u0027s my job",
        "userDefined": false
      }
    ],
    "isTemplate": false,
    "count": 0,
    "lang": "en",
    "updated": 0
  },
  {
    "id": "74145ef0-e4a2-4fd2-9240-607fa4ab4196",
    "data": [
      {
        "text": "advanced",
        "userDefined": false
      }
    ],
    "isTemplate": false,
    "count": 0,
    "lang": "en",
    "updated": 0
  }
]