[
  {
    "id": "cf5f8261-25a9-41d5-b4c6-3d37a4f1cf39",
    "data": [
      {
        "text": "when is ",
        "userDefined": false
      },
      {
        "text": "Thanksgiving",
        "meta": "@holiday",
        "alias": "holiday",
        "userDefined": true
      },
      {
        "text": " ",
        "userDefined": false
      },
      {
        "text": "this year",
        "meta": "@sys.date-time",
        "alias": "date",
        "userDefined": true
      }
    ],
    "isTemplate": false,
    "count": 0,
    "lang": "en",
    "updated": 0
  },
  {
    "id": "96895910-a5ad-488e-b5ba-d7f1ba2ea5ef",
    "data": [
      {
        "text": "when was ",
        "userDefined": false
      },
      {
        "text": "Christmas",
        "meta": "@holiday",
        "alias": "holiday",
        "userDefined": true
      }
    ],
    "isTemplate": false,
    "count": 0,
    "lang": "en",
    "updated": 0
  },
  {
    "id": "13959fdf-6bd7-4f82-a869-471fd09b8a66",
    "data": [
      {
        "text": "what is the date ",
        "userDefined": false
      },
      {
        "text": "of",
        "meta": "@sys.ignore",
        "userDefined": false
      },
      {
        "text": " ",
        "userDefined": false
      },
      {
        "text": "Labour Day",
        "meta": "@holiday",
        "alias": "holiday",
        "userDefined": true
      },
      {
        "text": " in ",
        "userDefined": false
      },
      {
        "text": "2018",
        "meta": "@sys.date-time",
        "alias": "date",
        "userDefined": true
      }
    ],
    "isTemplate": false,
    "count": 0,
    "lang": "en",
    "updated": 0
  },
  {
    "id": "5fcbc687-52fe-4305-90a6-8a611afdd6b7",
    "data": [
      {
        "text": "Columbus Day",
        "meta": "@holiday",
        "alias": "holiday",
        "userDefined": true
      },
      {
        "text": " ",
        "userDefined": false
      },
      {
        "text": "2018",
        "meta": "@sys.date-time",
        "alias": "date",
        "userDefined": true
      }
    ],
    "isTemplate": false,
    "count": 0,
    "lang": "en",
    "updated": 0
  },
  {
    "id": "04eff1ba-68ee-4626-8875-812c156dc064",
    "data": [
      {
        "text": "Halloween",
        "meta": "@holiday",
        "alias": "holiday",
        "userDefined": false
      },
      {
        "text": " date",
        "userDefined": false
      }
    ],
    "isTemplate": false,
    "count": 0,
    "lang": "en",
    "updated": 0
  },
  {
    "id": "ea51eaf7-e867-4d3d-8599-89c4aac94cda",
    "data": [
      {
        "text": "what is the date of ",
        "userDefined": false
      },
      {
        "text": "Columbus day",
        "meta": "@holiday",
        "alias": "holiday",
        "userDefined": true
      },
      {
        "text": " in ",
        "userDefined": false
      },
      {
        "text": "2015",
        "meta": "@sys.date-time",
        "alias": "date",
        "userDefined": true
      }
    ],
    "isTemplate": false,
    "count": 0,
    "lang": "en",
    "updated": 0
  },
  {
    "id": "b5147582-5831-4b92-9f18-0681706c1303",
    "data": [
      {
        "text": "Independence Day",
        "meta": "@holiday",
        "alias": "holiday",
        "userDefined": true
      },
      {
        "text": " ",
        "userDefined": false
      },
      {
        "text": "2013",
        "meta": "@sys.date-time",
        "alias": "date",
        "userDefined": true
      },
      {
        "text": " date",
        "userDefined": false
      }
    ],
    "isTemplate": false,
    "count": 0,
    "lang": "en",
    "updated": 0
  },
  {
    "id": "a135c288-351e-4e8d-8389-e77ca2c4df0b",
    "data": [
      {
        "text": "I wonder when is ",
        "userDefined": false
      },
      {
        "text": "Saint Patrick\u0027s day",
        "meta": "@holiday",
        "alias": "holiday",
        "userDefined": true
      }
    ],
    "isTemplate": false,
    "count": 0,
    "lang": "en",
    "updated": 0
  },
  {
    "id": "706b85f6-1071-46fa-989d-0d126e81d856",
    "data": [
      {
        "text": "when is ",
        "userDefined": false
      },
      {
        "text": "Valentine\u0027s Day",
        "meta": "@holiday",
        "alias": "holiday",
        "userDefined": true
      }
    ],
    "isTemplate": false,
    "count": 0,
    "lang": "en",
    "updated": 0
  }
]