[
  {
    "id": "b11e5330-4ebe-4712-a957-bc2e1770378b",
    "data": [
      {
        "text": "can you tell me the date",
        "userDefined": false
      }
    ],
    "isTemplate": false,
    "count": 0,
    "lang": "en",
    "updated": 0
  },
  {
    "id": "32096591-fbba-4d15-8245-836f95c69388",
    "data": [
      {
        "text": "current date",
        "userDefined": false
      }
    ],
    "isTemplate": false,
    "count": 0,
    "lang": "en",
    "updated": 0
  },
  {
    "id": "838d84d7-cb38-4983-978d-450e9a1bdd55",
    "data": [
      {
        "text": "what is the date",
        "userDefined": false
      }
    ],
    "isTemplate": false,
    "count": 0,
    "lang": "en",
    "updated": 0
  },
  {
    "id": "3ff7aaa9-ef2c-467d-88dc-a5ae8cb77bbd",
    "data": [
      {
        "text": "what ",
        "userDefined": false
      },
      {
        "text": "day",
        "meta": "@sys.ignore",
        "userDefined": false
      },
      {
        "text": " is it",
        "userDefined": false
      }
    ],
    "isTemplate": false,
    "count": 0,
    "lang": "en",
    "updated": 0
  },
  {
    "id": "e2f5a664-fb20-423a-9b11-2f58406936fa",
    "data": [
      {
        "text": "what day was ",
        "userDefined": false
      },
      {
        "text": "yesterday",
        "meta": "@sys.date",
        "alias": "date",
        "userDefined": true
      }
    ],
    "isTemplate": false,
    "count": 0,
    "lang": "en",
    "updated": 0
  },
  {
    "id": "2a29df9e-c736-4ed2-a55c-f3ca2072d607",
    "data": [
      {
        "text": "the date",
        "userDefined": false
      }
    ],
    "isTemplate": false,
    "count": 0,
    "lang": "en",
    "updated": 0
  },
  {
    "id": "95d549cd-397d-4204-ba4e-7021e1b50356",
    "data": [
      {
        "text": "tomorrow",
        "meta": "@sys.date",
        "alias": "date",
        "userDefined": false
      },
      {
        "text": "\u0027s date",
        "userDefined": false
      }
    ],
    "isTemplate": false,
    "count": 0,
    "lang": "en",
    "updated": 0
  },
  {
    "id": "2793a5e5-5ae2-459f-8eb1-f764026ed4ae",
    "data": [
      {
        "text": "what is the ",
        "userDefined": false
      },
      {
        "text": "day after tomorrow",
        "meta": "@sys.date",
        "alias": "date",
        "userDefined": true
      }
    ],
    "isTemplate": false,
    "count": 0,
    "lang": "en",
    "updated": 0
  },
  {
    "id": "c4a0df66-1cc2-4507-a4a4-d40838f8463b",
    "data": [
      {
        "text": "what is the current date",
        "userDefined": false
      }
    ],
    "isTemplate": false,
    "count": 0,
    "lang": "en",
    "updated": 0
  },
  {
    "id": "3de5b521-fb58-4a1f-8204-773dc0e293e2",
    "data": [
      {
        "text": "date now",
        "userDefined": false
      }
    ],
    "isTemplate": false,
    "count": 0,
    "lang": "en",
    "updated": 0
  },
  {
    "id": "46e717f3-ad9d-40bd-ac09-4ae40d1b7045",
    "data": [
      {
        "text": "what date is ",
        "userDefined": false
      },
      {
        "text": "today",
        "meta": "@sys.date",
        "alias": "date",
        "userDefined": false
      }
    ],
    "isTemplate": false,
    "count": 0,
    "lang": "en",
    "updated": 0
  },
  {
    "id": "2b1fa5d8-0507-49d0-90ce-dcad9f03cbf4",
    "data": [
      {
        "text": "do you know what ",
        "userDefined": false
      },
      {
        "text": "day",
        "meta": "@sys.ignore",
        "userDefined": false
      },
      {
        "text": " is it",
        "userDefined": false
      }
    ],
    "isTemplate": false,
    "count": 0,
    "lang": "en",
    "updated": 0
  },
  {
    "id": "2dc6d9b5-03ca-4b0e-83d4-d5859107b4d0",
    "data": [
      {
        "text": "what date is it on ",
        "userDefined": false
      },
      {
        "text": "Thursday",
        "meta": "@sys.date",
        "alias": "date",
        "userDefined": true
      }
    ],
    "isTemplate": false,
    "count": 0,
    "lang": "en",
    "updated": 0
  },
  {
    "id": "6d2ce9bf-4066-4ebe-bd38-34d789b9fd40",
    "data": [
      {
        "text": "what date is the ",
        "userDefined": false
      },
      {
        "text": "next Friday",
        "meta": "@sys.date",
        "alias": "date",
        "userDefined": true
      }
    ],
    "isTemplate": false,
    "count": 0,
    "lang": "en",
    "updated": 0
  },
  {
    "id": "e274098f-8ccf-4be5-a3e3-e297109e5571",
    "data": [
      {
        "text": "what date is ",
        "userDefined": false
      },
      {
        "text": "tomorrow",
        "meta": "@sys.date",
        "alias": "date",
        "userDefined": true
      }
    ],
    "isTemplate": false,
    "count": 0,
    "lang": "en",
    "updated": 0
  },
  {
    "id": "b2c93f11-e358-4a28-9b94-84f6cb9c3175",
    "data": [
      {
        "text": "what will be the date ",
        "userDefined": false
      },
      {
        "text": "30 days from now",
        "meta": "@sys.date",
        "alias": "date",
        "userDefined": true
      }
    ],
    "isTemplate": false,
    "count": 0,
    "lang": "en",
    "updated": 0
  },
  {
    "id": "b9057c0f-7491-438f-b8c0-ee048d1c6b58",
    "data": [
      {
        "text": "tell me the date ",
        "userDefined": false
      },
      {
        "text": "19 weeks from today",
        "meta": "@sys.date",
        "alias": "date",
        "userDefined": true
      }
    ],
    "isTemplate": false,
    "count": 0,
    "lang": "en",
    "updated": 0
  },
  {
    "id": "288194f8-9b19-42f7-a6b6-ba6405a06beb",
    "data": [
      {
        "text": "do you know what ",
        "userDefined": false
      },
      {
        "text": "day",
        "meta": "@sys.ignore",
        "userDefined": false
      },
      {
        "text": " it is",
        "userDefined": false
      }
    ],
    "isTemplate": false,
    "count": 0,
    "lang": "en",
    "updated": 0
  },
  {
    "id": "b94cc869-eb59-4c75-9bd1-70a091b7f132",
    "data": [
      {
        "text": "date ",
        "userDefined": false
      },
      {
        "text": "today",
        "meta": "@sys.date",
        "alias": "date",
        "userDefined": false
      }
    ],
    "isTemplate": false,
    "count": 0,
    "lang": "en",
    "updated": 0
  },
  {
    "id": "21d96dc2-9fd5-4cf5-8bae-7ec70cdc2bdd",
    "data": [
      {
        "text": "show me the date",
        "userDefined": false
      }
    ],
    "isTemplate": false,
    "count": 0,
    "lang": "en",
    "updated": 0
  },
  {
    "id": "bf1fb358-ee40-4e79-b2fe-127719841f30",
    "data": [
      {
        "text": "today\u0027s",
        "meta": "@sys.date",
        "alias": "date",
        "userDefined": true
      },
      {
        "text": " date",
        "userDefined": false
      }
    ],
    "isTemplate": false,
    "count": 0,
    "lang": "en",
    "updated": 0
  }
]