[
  {
    "id": "d91d3ffb-6509-4546-868b-f78d6b83b7fd",
    "data": [
      {
        "text": "what about ",
        "userDefined": false
      },
      {
        "text": "Monday",
        "meta": "@dayofweek",
        "alias": "dayofweek",
        "userDefined": false
      }
    ],
    "isTemplate": false,
    "count": 0,
    "lang": "en",
    "updated": 0
  },
  {
    "id": "34a8d3f0-602f-4b55-abe9-eba2bfc4f704",
    "data": [
      {
        "text": "next Friday",
        "meta": "@sys.date",
        "alias": "date",
        "userDefined": true
      }
    ],
    "isTemplate": false,
    "count": 0,
    "lang": "en",
    "updated": 0
  },
  {
    "id": "3c586aa5-2888-4da8-ba6b-a6e755e7898d",
    "data": [
      {
        "text": "could you check it for ",
        "userDefined": false
      },
      {
        "text": "tomorrow",
        "meta": "@sys.date",
        "alias": "date",
        "userDefined": true
      }
    ],
    "isTemplate": false,
    "count": 0,
    "lang": "en",
    "updated": 0
  },
  {
    "id": "dc7f8cf0-74fe-4dac-83f0-cdb69b3393fc",
    "data": [
      {
        "text": "and ",
        "userDefined": false
      },
      {
        "text": "Tuesday",
        "meta": "@dayofweek",
        "alias": "dayofweek",
        "userDefined": true
      }
    ],
    "isTemplate": false,
    "count": 0,
    "lang": "en",
    "updated": 0
  },
  {
    "id": "c5d70da7-69c5-4084-a2df-0f5bc84c2fff",
    "data": [
      {
        "text": "now ",
        "userDefined": false
      },
      {
        "text": "Wednesday",
        "meta": "@dayofweek",
        "alias": "dayofweek",
        "userDefined": true
      }
    ],
    "isTemplate": false,
    "count": 0,
    "lang": "en",
    "updated": 0
  },
  {
    "id": "6290ddc3-d41e-46fd-a4a9-6cf51b1ae9c4",
    "data": [
      {
        "text": "how about ",
        "userDefined": false
      },
      {
        "text": "Thursday",
        "meta": "@dayofweek",
        "alias": "dayofweek",
        "userDefined": true
      }
    ],
    "isTemplate": false,
    "count": 0,
    "lang": "en",
    "updated": 0
  }
]