[
  {
    "id": "6a5d3aab-172a-427f-a96c-f50ce0e83c65",
    "data": [
      {
        "text": "I want ",
        "userDefined": false
      },
      {
        "text": "to",
        "meta": "@sys.ignore",
        "userDefined": false
      },
      {
        "text": " know ",
        "userDefined": false
      },
      {
        "text": "the",
        "meta": "@sys.ignore",
        "userDefined": false
      },
      {
        "text": " ",
        "userDefined": false
      },
      {
        "text": "current year",
        "meta": "@sys.ignore",
        "userDefined": false
      }
    ],
    "isTemplate": false,
    "count": 0,
    "lang": "en",
    "updated": 0
  },
  {
    "id": "39353c47-a865-472f-b8b9-85f66fa498bf",
    "data": [
      {
        "text": "current year",
        "meta": "@sys.ignore",
        "userDefined": false
      }
    ],
    "isTemplate": false,
    "count": 0,
    "lang": "en",
    "updated": 0
  },
  {
    "id": "e7b9a5f0-0d69-4691-b689-81dc440b14dd",
    "data": [
      {
        "text": "tell me the current ",
        "userDefined": false
      },
      {
        "text": "year",
        "meta": "@sys.ignore",
        "userDefined": true
      }
    ],
    "isTemplate": false,
    "count": 0,
    "lang": "en",
    "updated": 0
  },
  {
    "id": "84220de2-36ee-41aa-ac42-9624970e1f41",
    "data": [
      {
        "text": "what year is it",
        "userDefined": false
      }
    ],
    "isTemplate": false,
    "count": 0,
    "lang": "en",
    "updated": 0
  },
  {
    "id": "bee417f2-ec34-4aa6-a84e-a670c9cc4c8d",
    "data": [
      {
        "text": "what is the current ",
        "userDefined": false
      },
      {
        "text": "year",
        "meta": "@sys.ignore",
        "userDefined": true
      }
    ],
    "isTemplate": false,
    "count": 0,
    "lang": "en",
    "updated": 0
  },
  {
    "id": "cdb11658-5229-4920-9ed7-427a0766edd2",
    "data": [
      {
        "text": "I wonder which ",
        "userDefined": false
      },
      {
        "text": "year",
        "meta": "@sys.ignore",
        "userDefined": false
      },
      {
        "text": " are ",
        "userDefined": false
      },
      {
        "text": "we",
        "meta": "@sys.ignore",
        "userDefined": false
      },
      {
        "text": " in",
        "userDefined": false
      }
    ],
    "isTemplate": false,
    "count": 0,
    "lang": "en",
    "updated": 0
  },
  {
    "id": "4bec283d-7cca-4860-928f-f7039a1203c5",
    "data": [
      {
        "text": "year now",
        "userDefined": false
      }
    ],
    "isTemplate": false,
    "count": 1,
    "lang": "en",
    "updated": 0
  },
  {
    "id": "2b3397c9-6e09-4b63-9673-279e16821fbb",
    "data": [
      {
        "text": "what ",
        "userDefined": false
      },
      {
        "text": "year",
        "meta": "@sys.ignore",
        "userDefined": true
      },
      {
        "text": " is ",
        "userDefined": false
      },
      {
        "text": "it",
        "meta": "@sys.ignore",
        "userDefined": true
      },
      {
        "text": " ",
        "userDefined": false
      },
      {
        "text": "today",
        "meta": "@sys.ignore",
        "userDefined": true
      }
    ],
    "isTemplate": false,
    "count": 0,
    "lang": "en",
    "updated": 0
  }
]