[
  {
    "id": "be9d2a9b-b1aa-470c-a0e5-af2d9919fb18",
    "data": [
      {
        "text": "calculate number of days before graduation",
        "userDefined": false
      }
    ],
    "isTemplate": false,
    "count": 0,
    "lang": "en",
    "updated": 0
  },
  {
    "id": "8a68aa6d-7da4-45ff-bd7d-a1db98841ff1",
    "data": [
      {
        "text": "could you set alarm at today\u0027s date",
        "userDefined": false
      }
    ],
    "isTemplate": false,
    "count": 0,
    "lang": "en",
    "updated": 0
  },
  {
    "id": "07890772-2bad-431a-907f-70b38dc924c8",
    "data": [
      {
        "text": "number of days since last incident",
        "userDefined": false
      }
    ],
    "isTemplate": false,
    "count": 0,
    "lang": "en",
    "updated": 0
  },
  {
    "id": "1fdfef03-0428-4066-a4b5-3c3748d44d48",
    "data": [
      {
        "text": "I am not wonder it is Saint Patrick\u0027s day",
        "userDefined": false
      }
    ],
    "isTemplate": false,
    "count": 0,
    "lang": "en",
    "updated": 0
  },
  {
    "id": "9ba095c1-9ebf-4072-8ec4-00cbae20ed12",
    "data": [
      {
        "text": "check flights into Luxembourg",
        "userDefined": false
      }
    ],
    "isTemplate": false,
    "count": 0,
    "lang": "en",
    "updated": 0
  },
  {
    "id": "dda81daf-a371-4b30-a66a-e87cc84c2a60",
    "data": [
      {
        "text": "don\u0027t check if it\u0027s Monday in Luxembourg",
        "userDefined": false
      }
    ],
    "isTemplate": false,
    "count": 0,
    "lang": "en",
    "updated": 0
  },
  {
    "id": "1d7554af-7da8-4aa3-a051-938f9c94c4b4",
    "data": [
      {
        "text": "don\u0027t tell me the number of weeks between today and January 1st",
        "userDefined": false
      }
    ],
    "isTemplate": false,
    "count": 0,
    "lang": "en",
    "updated": 0
  },
  {
    "id": "e12a6344-1630-4871-9d3f-1784d1c97abc",
    "data": [
      {
        "text": "tell me the number of airports in New York",
        "userDefined": false
      }
    ],
    "isTemplate": false,
    "count": 0,
    "lang": "en",
    "updated": 0
  },
  {
    "id": "ac1307bd-6573-4e2f-a060-00809246f3f6",
    "data": [
      {
        "text": "tell me the number of weeks in a year",
        "userDefined": false
      }
    ],
    "isTemplate": false,
    "count": 0,
    "lang": "en",
    "updated": 0
  }
]